axis_index,canonical_name,mask_family,training_candidates,macro_weight,drop25_minus_mae_under,drop25_minus_mae_over,drop25_minus_mae_mae,mae_minus_rf,drop25_minus_rf,candidate_support,candidate_minus_baseline,difference_95_low,difference_95_high,valid_resamples,resamples_without_axis_support,sparse_support_below_30
104,Alanine,amino_acid,8576,0.007042253521126761,3.170702144336229e-06,5.227962277845594e-05,5.545032492279214e-05,7.886337636714728e-05,0.00013431370128993942,1547,0.007873946139036485,0.005912429389255211,0.009978429894089992,1000,0,False
105,Arachidonic acid (20:4n-6),fatty_acid,6814,0.007042253521126761,7.319610631030635e-05,4.472155598921556e-05,0.00011791766229952202,3.217703034824734e-05,0.00015009469264776936,1128,0.016744308046532118,0.007541917035999714,0.025826754109932966,1000,0,False
106,Arginine,amino_acid,9593,0.007042253521126761,-5.334602484833304e-07,7.558269047535857e-05,7.504923022687521e-05,8.133576764117603e-05,0.00015638499786805124,1727,0.010656990692216279,0.007638687298745739,0.013514300417051374,1000,0,False
107,Ascorbic acid (vitamin C),vitamin,586,0.007042253521126761,0.00023030101331897963,0.00023353583526338926,0.0004638368485823689,-0.0005319564060804207,-6.81195574980518e-05,102,0.06586483249869639,-0.002478670733417822,0.13472336181701958,1000,0,False
108,Ash,food_matrix,20257,0.007042253521126761,7.315305118010237e-05,4.275158800575422e-05,0.0001159046391858566,0.00020379860700578997,0.00031970324619164656,3606,0.016458458764391604,0.013396671532956438,0.019676562596300632,1000,0,False
109,Aspartic acid,amino_acid,8432,0.007042253521126761,3.919790581714231e-06,5.92741839645181e-05,6.31939745462323e-05,8.518173358895725e-05,0.00014837570813518955,1519,0.008973544385564981,0.007191370405624767,0.010734357255134146,1000,0,False
110,Available carbohydrate,macronutrient,4210,0.007042253521126761,-3.064136471294743e-05,0.00037112403994550786,0.00034048267523256043,-0.00014003235111719825,0.00020045032411536217,756,0.0483485398830236,0.038825485583121225,0.05791776254677065,1000,0,False
111,Beta-sitosterol,sterol,207,0.007042253521126761,-0.00017090564255880402,0.00014783763935099484,-2.306800320780924e-05,-0.00022085023960862686,-0.0002439182428164361,48,-0.0032756564555089084,-0.03588959041389983,0.02927290157053759,1000,0,False
112,Betaine,amino_acid,2764,0.007042253521126761,6.683572747046224e-05,9.565347937654542e-05,0.00016248920684700787,-4.213573672307231e-05,0.00012035347012393557,498,0.023073467372275128,0.008773761529533419,0.03749519604256892,1000,0,False
113,Biotin,vitamin,9884,0.00704225352112676,0.0005907193174296463,6.797345258522411e-05,0.0006586927700148702,8.078803146048964e-05,0.0007394808014753599,1768,0.0935343733421114,0.06349144146316771,0.1245702831822934,1000,0,False
114,Butyric acid (4:0),fatty_acid,12666,0.007042253521126761,6.63984464364443e-06,8.285842564126746e-05,8.949827028491178e-05,-2.9160414856106254e-05,6.0337855428805524e-05,2269,0.012708754380457475,0.006441112057725536,0.019209144003691992,1000,0,False
115,Calcium,mineral,39116,0.007042253521126761,-1.750380796126309e-05,0.00019395679561294468,0.0001764529876516819,0.00035258459525532655,0.0005290375829070085,6878,0.02505632424653883,0.02029225212236033,0.029973386835033193,1000,0,False
116,Campesterol,sterol,171,0.007042253521126761,-0.00021364930904405445,0.0001836233507360246,-3.0025958308029866e-05,-0.0006610863746877645,-0.0006911123329957944,36,-0.0042636860797402466,-0.07348593186884299,0.06083678019125121,1000,0,False
117,"Carotene, alpha",vitamin,13702,0.007042253521126761,0.0002353815831554059,-0.00011482866996076355,0.00012055291319464242,-5.157873638772536e-05,6.897417680691706e-05,2524,0.01711851367363923,0.007555327363740611,0.02645069514531943,1000,0,False
118,"Carotene, beta",vitamin,20968,0.007042253521126761,0.000162477709151395,0.0001612789903071433,0.0003237566994585381,-4.080750255101937e-05,0.0002829491969075187,3736,0.04597345132311248,0.03314437234267997,0.0586134283715895,1000,0,False
119,Cellulose,dietary_fibre,69,0.007042253521126761,0.00023425347370172088,0.00020768779313770993,0.0004419412668394307,0.00027140129570997354,0.0007133425625494043,15,0.06275565989119918,-0.013462044356540028,0.1436415133938815,1000,0,True
120,Chloride,mineral,1874,0.00704225352112676,1.510282448680155e-05,0.00027882294654121647,0.0002939257710280179,-0.00023963888254607889,5.4286888481939024e-05,343,0.04173745948597855,0.025739740812195724,0.059489371360863054,1000,0,False
121,Cholecalciferol (vitamin D3),vitamin,3865,0.00704225352112676,0.0006302896868169798,-5.4597276338158064e-05,0.0005756924104788218,-0.00022182950710255482,0.00035386290337626695,695,0.08174832228799273,0.046008362082775506,0.1183649231970046,1000,0,False
122,Cholesterol,sterol,22719,0.007042253521126761,7.22498139591912e-05,1.2322091085026994e-05,8.457190504421825e-05,0.00031393838141121776,0.000398510286455436,3992,0.01200921051627898,0.008938700466116358,0.015330776485140266,1000,0,False
123,"Choline, total",vitamin,10549,0.007042253521126761,-1.4554227356473014e-06,0.00013066244604092688,0.0001292070233052797,0.0003325239732336158,0.0004617309965388955,1897,0.01834739730934973,0.0140981808277924,0.022658353296582542,1000,0,False
124,Chromium,mineral,1560,0.007042253521126761,-0.00020863428452019264,0.00029853169112985614,8.989740660966371e-05,-0.00020600280314065971,-0.000116105396530996,278,0.01276543173857223,-0.03952947200216312,0.0661977678674578,1000,0,False
125,Cobalamin (vitamin B12),vitamin,25560,0.007042253521126761,9.243679829203219e-05,4.962315584640804e-05,0.00014205995413844028,0.00018318270328209082,0.0003252426574205311,4402,0.020172513487658493,0.015226987010917549,0.025160941776631352,1000,0,False
126,Conjugated linoleic acids (18:2 CLA isomers),fatty_acid,469,0.00704225352112676,0.00010045109708087734,0.00034148991565672785,0.0004419410127376052,-0.00038563950148932913,5.6301511248276056e-05,98,0.06275562380873993,0.03992088696671128,0.08704554119581555,1000,0,False
127,Copper,mineral,28684,0.007042253521126761,1.1985018653493627e-05,0.0001610088538878102,0.00017299387254130372,0.00032316335080451804,0.0004961572233458218,5038,0.024565129900865176,0.020004843279825886,0.02943403703594574,1000,0,False
128,"Cryptoxanthin, beta",vitamin,13291,0.007042253521126761,7.194043437174142e-05,-2.3327983073670248e-05,4.861245129807136e-05,-8.060046082783824e-05,-3.198800952976689e-05,2450,0.0069029680843261205,0.004533144044112955,0.009665116670025162,1000,0,False
129,Cystine,amino_acid,8477,0.007042253521126761,-3.4693754243038985e-06,5.727142295177426e-05,5.380204752747039e-05,0.00013488416338135705,0.00018868621090882743,1531,0.0076398907489008,0.0055215089326985205,0.009931149972141446,1000,0,False
130,Decanoic acid (10:0),fatty_acid,16906,0.007042253521126761,5.338996942269819e-05,0.00011333570957844255,0.00016672567900114085,-0.00021393827278441409,-4.721259378327324e-05,2996,0.023675046418162007,0.012614561070890868,0.034862364571137734,1000,0,False
131,"Dietary fibre, total",macronutrient,14402,0.007042253521126761,-3.658751929858637e-05,0.00012791308243243372,9.132556313384745e-05,0.0003077468766238949,0.00039907243975774236,2543,0.012968229965006323,0.00799185605298949,0.017893146840767395,1000,0,False
132,Docosahexaenoic acid (DHA; 22:6n-3),fatty_acid,16450,0.00704225352112676,0.00011732398337489292,1.8402863513676136e-05,0.00013572684688856911,-0.0001293274233943833,6.399423494185823e-06,2886,0.019273212258176797,0.01082586939151633,0.027879029676039082,1000,0,False
133,Docosanoic acid (22:0),fatty_acid,5733,0.007042253521126761,3.7351876063909705e-05,0.00026392668586783263,0.0003012785619317421,-9.062388582245268e-05,0.00021065467610928944,1047,0.042781555794307397,0.026913306600571958,0.05785077930469002,1000,0,False
134,Docosapentaenoic acid (DPA; 22:5n-3),fatty_acid,16689,0.00704225352112676,7.412333771020067e-05,1.3753454249836234e-05,8.787679196003691e-05,7.19411294659273e-05,0.0001598179214259642,2934,0.012478504458325252,0.006071018831319719,0.019264165822335307,1000,0,False
135,Docosatetraenoic acid (22:4; isomer unspecified),fatty_acid,335,0.007042253521126761,-0.00013417038904226615,0.00016856213587163716,3.439174682937107e-05,-0.00029837420970842046,-0.0002639824628790494,75,0.004883628049770682,-0.01894672652914606,0.027412302363286564,1000,0,False
136,Docosenoic acid (22:1; cis/trans unspecified),fatty_acid,3902,0.007042253521126761,2.8527445500073768e-05,2.7841585449320282e-05,5.6369030949394105e-05,-0.00030239124462198657,-0.00024602221367259246,733,0.008004402394813974,-0.0059195122278516326,0.020471868679087745,1000,0,False
137,Dodecanoic acid (12:0),fatty_acid,19138,0.007042253521126762,5.109823239675491e-05,0.00016618453726336704,0.00021728276966012216,-0.0001718425795522679,4.544019010785426e-05,3352,0.03085415329173731,0.01698675801191177,0.044459344180352744,1000,0,False
138,Eicosanoic acid (20:0),fatty_acid,5470,0.007042253521126761,-7.719426194872307e-05,0.00015704256728600369,7.984830533728062e-05,0.00019854921975300975,0.00027839752509029037,998,0.011338459357893838,0.0005984328608199317,0.02159405077517711,1000,0,False
139,Eicosapentaenoic acid (EPA; 20:5n-3),fatty_acid,18180,0.007042253521126761,5.8353642933441866e-05,4.147184735045869e-05,9.98254902839005e-05,-9.135554491150914e-05,8.469945372391362e-06,3202,0.014175219620313859,0.006413530092267134,0.021644496651318026,1000,0,False
140,Eicosatetraenoic acid (20:4; isomer unspecified),fatty_acid,4211,0.00704225352112676,7.371996773730417e-05,-7.669134791097253e-06,6.605083294620691e-05,9.619969615807448e-06,7.567080256201436e-05,772,0.009379218278361386,-0.0013338801960126815,0.019963114905233018,1000,0,False
141,Eicosatrienoic acid (20:3; isomer unspecified),fatty_acid,1065,0.007042253521126762,0.00016608417005746718,-0.00017402322973709205,-7.93905967962495e-06,-0.00012376424179688975,-0.0001317033014765147,224,-0.001127346474506722,-0.03055513508921453,0.02901417915057082,1000,0,False
142,Eicosatrienoic acid (20:3n-3),fatty_acid,318,0.007042253521126761,0.00014154491416777182,-6.039241857445021e-05,8.11524955933215e-05,-0.00019674156486392913,-0.00011558906927060762,63,0.011523654374251653,-0.03159238369530742,0.05517718734943732,1000,0,False
143,Eicosatrienoic acid (20:3n-6),fatty_acid,1284,0.00704225352112676,9.990748488145204e-05,-2.1648388394103968e-07,9.969100099751105e-05,-0.00010170500724189198,-2.0140062443809326e-06,230,0.014156122141646571,-0.004934200072701712,0.030360405103767082,1000,0,False
144,Eicosenoic acid (20:1; isomer unspecified),fatty_acid,14951,0.007042253521126761,3.812039614831662e-05,7.180452764304825e-05,0.00010992492379136476,0.00021924899456655716,0.0003291739183579219,2654,0.015609339178373828,0.008459892195547805,0.022877871740809585,1000,0,False
147,Ethanol,ethanol,17741,0.007042253521126761,-3.2340416292691134e-08,1.2230430208815916e-06,1.1907026045889098e-06,1.0590068598349608e-05,1.1780771202938518e-05,3138,0.0001690797698516242,0.00016335612804937438,0.00017513109652978758,1000,0,False
148,"Fat, total",macronutrient,27749,0.007042253521126761,1.3258219767762244e-05,0.00014259007701008023,0.00015584829677784252,0.0001226978455351611,0.0002785461423130036,4833,0.022130458142453603,0.019038836070306108,0.02535723083087031,1000,0,False
149,"Fatty acids, total monounsaturated",fatty_acid,22471,0.007042253521126761,2.6278953113648357e-05,1.2547648139847687e-05,3.8826601253496044e-05,0.00018351086976723654,0.00022233747102073259,3886,0.0055133773779964396,0.0031054106451910996,0.007915621264026921,1000,0,False
150,"Fatty acids, total polyunsaturated",fatty_acid,22517,0.007042253521126761,-3.890392112965895e-06,0.00012545733753638452,0.00012156694542341862,0.0001647545163842802,0.0002863214618076988,3896,0.017262506250125438,0.01316198526519527,0.02111960690470378,1000,0,False
151,"Fatty acids, total saturated",fatty_acid,23183,0.007042253521126761,3.70184408860817e-05,2.313389919254426e-05,6.0152340078626016e-05,7.714100934072597e-05,0.000137293349419352,4023,0.0085416322911649,0.005646947062542269,0.011701109680170506,1000,0,False
152,"Fatty acids, total trans",fatty_acid,6323,0.007042253521126761,5.783496261066673e-05,9.995859074204451e-05,0.00015779355335271113,-4.903334587098591e-05,0.00010876020748172522,1172,0.022406684576085002,0.009485000110214619,0.03359744993614986,1000,0,False
153,"Fatty acids, total trans-monoenoic",fatty_acid,2792,0.007042253521126761,0.0001198997436337412,8.897318065957476e-06,0.0001287970616996989,-0.00020538122721035202,-7.658416551065313e-05,521,0.018289182761357225,-0.005096161054499378,0.04369813177976872,1000,0,False
154,"Fatty acids, total trans-polyenoic",fatty_acid,2496,0.007042253521126761,8.078588707569132e-05,0.00023767951726174177,0.0003184654043374329,-4.190500849050741e-05,0.00027656039584692546,457,0.045222087415915456,0.027647390266529716,0.06321485570471891,1000,0,False
155,"Folate, food",vitamin,17790,0.007042253521126761,8.249753375418815e-05,9.161532360159308e-05,0.00017411285735578113,0.00043617091524525355,0.0006102837726010347,3170,0.024724025744520896,0.018381422238024983,0.031294281359736456,1000,0,False
156,"Folate, total",vitamin,21997,0.007042253521126761,8.552818834954286e-05,0.00011824371035123549,0.00020377189870077845,0.0003453860397641959,0.0005491579384649743,3886,0.02893560961551057,0.023115078736696673,0.03494962581182061,1000,0,False
157,Folic acid,vitamin,17266,0.00704225352112676,4.3145103356009916e-05,0.00010064782028517235,0.0001437929236411822,6.5683480823855965e-06,0.0001503612717235678,3100,0.02041859515704784,0.013852762032247671,0.02722164077753536,1000,0,False
158,Fructose,carbohydrate,10967,0.007042253521126761,0.00010004646043016265,0.00011984324324604799,0.00021988970367621086,-0.0002271051457087851,-7.215442032574258e-06,1959,0.03122433792202191,0.02020610316105488,0.04185762067065145,1000,0,False
159,Galactose,carbohydrate,8120,0.00704225352112676,-0.00012491473465880564,5.464071345857013e-05,-7.027402120023552e-05,6.63461985767732e-05,-3.927822623462328e-06,1460,-0.009978911010433456,-0.026061243932664697,0.005393872906541404,1000,0,False
160,Glucose,carbohydrate,11206,0.007042253521126761,5.721177648495895e-05,9.032688236737464e-05,0.0001475386588523338,-8.89887010232333e-06,0.00013863978875001048,2003,0.020950489557031365,0.009801305746659817,0.03231099572466246,1000,0,False
161,Glutamic acid,amino_acid,8601,0.007042253521126761,-4.8925548355089644e-06,6.907433246717415e-05,6.418177763166518e-05,8.752155427957722e-05,0.0001517033319112424,1555,0.009113812423696448,0.007184014551117895,0.01112825707350848,1000,0,False
162,Glycine,amino_acid,9525,0.007042253521126762,-1.9135013772991955e-06,5.398888786738637e-05,5.207538649008728e-05,0.00011863620074509349,0.00017071158723518077,1713,0.0073947048815923904,0.004554068529467435,0.01010303472016607,1000,0,False
165,Heptadecanoic acid (17:0),fatty_acid,6293,0.007042253521126761,5.242654645822085e-05,9.879062640838791e-05,0.00015121717286660876,-2.546597552305482e-05,0.00012575119734355394,1138,0.02147283854705841,0.013026267039510733,0.029709803451261917,1000,0,False
166,Heptadecenoic acid (17:1; isomer unspecified),fatty_acid,4818,0.00704225352112676,4.46413721186962e-05,0.00010789708982846783,0.00015253846194716392,-8.674353044743686e-05,6.579493149972706e-05,880,0.021660461596497302,0.010091036475947167,0.03245824805658279,1000,0,False
167,Hexadecanoic acid (16:0),fatty_acid,19586,0.007042253521126761,5.2435376962157326e-05,4.409703816815445e-05,9.653241513031183e-05,0.00011515351120355811,0.00021168592633386994,3436,0.013707602948504285,0.010683277169563197,0.01682920628308635,1000,0,False
168,Hexadecenoic acid (16:1; cis/trans unspecified),fatty_acid,4679,0.007042253521126761,0.0002324947693237734,-6.297702897483997e-05,0.0001695177403489333,3.669582103883241e-05,0.00020621356138776571,878,0.024071519129548545,0.008974007980383013,0.04149891425104838,1000,0,False
169,Hexanoic acid (6:0),fatty_acid,14771,0.007042253521126761,5.5733028753115425e-05,4.5194647592683716e-05,0.00010092767634579914,-8.78643284550018e-05,1.306334789079734e-05,2651,0.014331730041103474,0.007826513715660335,0.020853542308771907,1000,0,False
170,Histidine,amino_acid,8652,0.007042253521126761,1.2887906688527101e-05,3.894394545519758e-05,5.183185214372468e-05,0.00011988988475246961,0.0001717217368961943,1562,0.0073601230044089225,0.0054867281910668236,0.009326027081922825,1000,0,False
171,Hydroxyproline,amino_acid,1676,0.00704225352112676,3.2715133292905306e-05,0.0001231822996851214,0.00015589743297802675,2.330844309256843e-05,0.00017920587607059518,299,0.02213743548287979,0.010334654214159524,0.03357780375299245,1000,0,False
172,Insoluble dietary fibers,dietary_fibre,158,0.007042253521126761,-5.219911707158491e-06,-4.726248283305496e-05,-5.2482394540213397e-05,-0.00010853642435099098,-0.00016101881889120438,20,-0.007452500024710307,-0.03947275735419071,0.024836189112694577,1000,0,True
173,Iron,mineral,32795,0.00704225352112676,-1.4790835350106998e-06,0.00019205291421429645,0.00019057383067928586,0.0002362702950445307,0.00042684412572381657,5716,0.027061483956458618,0.022681006049175962,0.03152030889680405,1000,0,False
174,Isoleucine,amino_acid,8660,0.007042253521126761,-1.4877140326624412e-05,7.144634676981858e-05,5.656920644319416e-05,7.726769390007044e-05,0.0001338369003432646,1564,0.008032827314933579,0.006437516003629902,0.009621699149706746,1000,0,False
175,Isomeric linoleic acids (18:2),fatty_acid,44,0.007042253521126761,1.3231773205817348e-05,0.0002459820409692402,0.0002592138141750571,-0.00021358146908699452,4.5632345088062604e-05,15,0.03680836161285817,-0.0861326413248578,0.15919101220317378,1000,0,True
176,Isomeric linolenic acids (18:3),fatty_acid,68,0.00704225352112676,0.0027683632626580314,-0.0012881520704070052,0.0014802111922510262,-4.622393346976478e-05,0.0014339872587812615,17,0.2101899892996458,-0.15945710131495028,0.657679325368968,1000,0,True
177,Lactose,carbohydrate,10711,0.007042253521126761,-5.824728775111741e-06,0.00011788706051143419,0.00011206233173632245,-0.0001085616013591738,3.5007303771486574e-06,1909,0.015912851106557806,0.008800067268857743,0.022615487367162516,1000,0,False
178,Leucine,amino_acid,8661,0.007042253521126761,-1.2474785020020562e-06,5.6182155121632335e-05,5.4934676619630305e-05,4.148647546118765e-05,9.642115208081795e-05,1562,0.007800724079987502,0.006497325676921959,0.009186497507604382,1000,0,False
179,Lignin,dietary_fibre,59,0.00704225352112676,0.0026119263544071253,0.00046130575946600133,0.003073232113873127,-0.001211745429369695,0.001861486684503432,17,0.4363989601699841,-0.034309686433718366,0.9789818175148572,1000,0,True
180,Linoleic acid (18:2n-6),fatty_acid,7708,0.007042253521126761,2.152387651103689e-05,9.284052153624774e-05,0.00011436439804728463,-0.00017325135010399758,-5.8886952056712944e-05,1345,0.016239744522714396,0.00713008936991484,0.02488274519109678,1000,0,False
181,Lutein + zeaxanthin,vitamin,7134,0.007042253521126761,3.861166872655983e-05,0.00022367312442101296,0.000262284793147573,-0.00012516379821623418,0.00013712099493133883,1277,0.03724444062695534,0.019589007595132595,0.054824170639299334,1000,0,False
182,Lycopene,vitamin,11469,0.007042253521126761,0.00022394714568287066,-6.889625198287517e-05,0.0001550508936999954,-5.292124271163718e-05,0.00010212965098835823,2090,0.022017226905399347,0.013776802277810076,0.03195084449858507,1000,0,False
183,Lysine,amino_acid,8681,0.007042253521126761,1.6608523690082904e-05,5.0595430127900405e-05,6.720395381798331e-05,9.46566621634381e-05,0.0001618606159814214,1571,0.009542961442153634,0.007487464347352306,0.01144865783730808,1000,0,False
184,Magnesium,mineral,35492,0.007042253521126762,-2.651395462221703e-05,0.00012174392962082943,9.52299749986125e-05,0.0002262891880111395,0.000321519163009752,6213,0.013522656449802979,0.010522739811808207,0.01626916120197366,1000,0,False
185,Maltose,carbohydrate,10771,0.007042253521126761,-1.838938390568887e-05,8.340757693637755e-05,6.501819303068846e-05,-9.64367129935406e-05,-3.141851996285214e-05,1924,0.00923258341035778,-0.001455925224592392,0.02011459657770101,1000,0,False
186,Manganese,mineral,18010,0.007042253521126761,-1.2552865873527268e-06,0.00024719370704457235,0.0002459384204572196,0.0001507793042843837,0.0003967177247416033,3266,0.03492325570492515,0.027847184972478303,0.04155899170798523,1000,0,False
188,Menaquinone-4,vitamin,94,0.007042253521126761,-4.42075507007227e-05,-0.00029205364101477226,-0.00033626119171549507,-0.0001642852980433887,-0.0005005464897588838,10,-0.04774908922360027,-0.13175893736415803,0.028959714955482607,1000,0,True
189,Methionine,amino_acid,8681,0.007042253521126761,6.089486268915354e-07,5.461562496825818e-05,5.5224573595149715e-05,0.00013728217248512315,0.00019250674608027287,1570,0.007841889450511248,0.00600364342713461,0.009505965382196661,1000,0,False
190,Molybdenum,mineral,1011,0.007042253521126761,-8.047813189852805e-05,0.0002333140143735979,0.00015283588247506962,-0.00035679641827891014,-0.00020396053580384052,190,0.021702695311459883,-0.015537183365300194,0.06035926364720436,1000,0,False
191,Niacin,vitamin,30892,0.00704225352112676,0.00010988701710899643,4.284083781895087e-05,0.00015272785492794708,0.00031453730748566317,0.00046726516241361025,5427,0.021687355399768533,0.018019797777515223,0.025364472426304126,1000,0,False
192,Nicotinic acid,vitamin,6362,0.007042253521126761,9.059956962438262e-05,5.726801143293421e-05,0.00014786758105731694,5.2037814187174715e-05,0.00019990539524449165,1168,0.020997196510138986,0.013756430170841464,0.02836311423384374,1000,0,False
193,Octadecadienoic acid (18:2; isomer unspecified),fatty_acid,4923,0.007042253521126761,0.00010218631902093769,0.00028417879933627745,0.00038636511835721493,-0.0003632195582691977,2.314556008801722e-05,914,0.054863846806724514,0.03615604371554867,0.07347306568714009,1000,0,False
194,Octadecanoic acid (18:0),fatty_acid,19517,0.007042253521126761,6.231858657078197e-05,3.264524521806795e-05,9.496383178884992e-05,0.00014920150771925017,0.0002441653395081001,3429,0.013484864114016656,0.00955706276073311,0.01745802073705333,1000,0,False
195,Octadecatetraenoic acid (18:4; isomer unspecified),fatty_acid,3901,0.00704225352112676,4.4550011948461506e-05,-1.6643717869890237e-05,2.790629407857124e-05,-0.0001951500472156466,-0.00016724375313707535,719,0.003962693759157116,-0.00531843807273241,0.014109859243293853,1000,0,False
196,Octadecatrienoic acid (18:3; isomer unspecified),fatty_acid,4835,0.007042253521126761,0.00010877470972027957,9.493776676235501e-05,0.0002037124764826346,-7.221001056124509e-05,0.0001315024659213895,899,0.028927171660534136,0.008837069591932707,0.04954713442684547,1000,0,False
197,Octadecenoic acid (18:1; cis/trans unspecified),fatty_acid,4910,0.007042253521126761,0.000128894575018656,0.00011587443441881643,0.00024476900943747244,-0.00028333987946009163,-3.857087002261919e-05,912,0.03475719934012108,0.01967185646299542,0.05166843476541203,1000,0,False
198,Octanoic acid (8:0),fatty_acid,15315,0.007042253521126761,4.0811654907571614e-05,7.596525656768604e-05,0.00011677691147525754,-0.00020570082970565646,-8.892391823039892e-05,2755,0.01658232142948655,0.006467028156463991,0.02717767527594873,1000,0,False
199,Pantothenic acid (vitamin B5),vitamin,16490,0.007042253521126761,3.731544681238701e-05,2.6160407561608276e-05,6.347585437399528e-05,0.00037052372299998105,0.00043399957737397634,2974,0.009013571321107335,0.004931234886798309,0.013052919147814358,1000,0,False
200,Pentadecanoic acid (15:0),fatty_acid,5999,0.00704225352112676,1.7120221114514528e-05,0.00013866639000239005,0.00015578661111690468,-7.535787802422935e-05,8.042873309267533e-05,1081,0.022121698778600433,0.009710547105413194,0.033809247958619226,1000,0,False
201,Pentadecenoic acid (15:1; isomer unspecified),fatty_acid,4236,0.007042253521126761,-0.00027701831404264245,2.1546652127459414e-05,-0.000255471661915183,0.00015647213251568912,-9.899952939949387e-05,777,-0.03627697599195597,-0.05899897897508791,-0.017107981402418416,1000,0,False
202,Phenylalanine,amino_acid,8673,0.00704225352112676,-4.901226339937596e-06,7.237401967474422e-05,6.747279333480666e-05,4.902581396816041e-05,0.00011649860730296707,1573,0.009581136653542535,0.007976839317786026,0.011401903519143941,1000,0,False
203,Phosphorus,mineral,31130,0.007042253521126761,-1.627092868455095e-05,7.95255102737331e-05,6.32545815891822e-05,0.00019254970105593333,0.00025580428264511553,5470,0.00898215058566386,0.006766420600473345,0.011117334979767756,1000,0,False
204,Phytosterols,sterol,398,0.007042253521126761,6.331253350095434e-05,0.00015503140225960835,0.00021834393576056275,-0.0002841043944711136,-6.576045871055087e-05,66,0.0310048388779999,-0.0035747504603173214,0.07190178297907339,1000,0,False
205,Potassium,mineral,31399,0.007042253521126761,9.214466572980348e-07,9.902387063564946e-05,9.99453172929475e-05,0.00019753664163361365,0.00029748195892656114,5513,0.01419223505559856,0.010920542384488882,0.017274584580385024,1000,0,False
206,Proline,amino_acid,8583,0.00704225352112676,4.0523508058047013e-07,3.592243913988949e-05,3.6327674220469933e-05,9.744880342558987e-05,0.0001337764776460598,1546,0.005158529739306729,0.002921178583390861,0.007323012399546475,1000,0,False
207,"Protein, total",macronutrient,26382,0.007042253521126761,3.61090964822465e-05,4.623575518870529e-05,8.23448516709519e-05,0.0001546443742961885,0.0002369892259671404,4633,0.01169296893727515,0.009687612505356212,0.013827083218464641,1000,0,False
208,Retinol,vitamin,28747,0.007042253521126761,0.00023519971019024966,6.490376985799436e-05,0.0003001034800482439,-1.4229266006967906e-05,0.000285874214041276,5057,0.042614694166850674,0.030784571789911872,0.05329068356196996,1000,0,False
209,Riboflavin (vitamin B2),vitamin,27092,0.007042253521126761,5.8816595624082554e-05,3.0092443216371166e-05,8.890903884045394e-05,0.00036932904978072387,0.0004582380886211778,4691,0.012625083515344436,0.009366322853298425,0.016006702180569016,1000,0,False
210,"Selenium, Se",mineral,24283,0.007042253521126761,4.163879223424802e-05,0.0001055863993070737,0.0001472251915413216,0.0003303768320380505,0.0004776020235793721,4249,0.02090597719886766,0.016971931827881575,0.024822251184613998,1000,0,False
211,Serine,amino_acid,8568,0.007042253521126761,-6.874618769333598e-06,6.317960221249904e-05,5.630498344316541e-05,6.730630351427469e-05,0.0001236112869574401,1542,0.007995307648929488,0.006599329494772943,0.009445328356246195,1000,0,False
212,Sodium,mineral,26623,0.007042253521126761,-8.550241077660836e-06,0.00019546919395574587,0.00018691895287808514,8.034713649753347e-05,0.0002672660893756186,4705,0.026542491308687948,0.02018945599728744,0.032912178475246814,1000,0,False
213,Sorbitol,carbohydrate,76,0.007042253521126762,0.00012831737000140497,0.0003266629183928861,0.0004549802883942911,-0.0010700563064601815,-0.0006150760180658904,14,0.06460720095198934,-0.022106268742713722,0.1491199145339655,1000,0,True
214,Starch,carbohydrate,7534,0.007042253521126761,-1.5780851644157338e-05,0.00021374245455882228,0.0001979616029146649,-0.0002414513499402188,-4.34897470255539e-05,1292,0.028110547613882413,0.019238888400701433,0.03771410951327576,1000,0,False
215,Stearidonic acid,fatty_acid,835,0.007042253521126761,-1.654880399755361e-05,4.5033260700963094e-07,-1.6098471390543984e-05,-2.810750997998655e-05,-4.4205981370530536e-05,140,-0.002285982937457245,-0.008221101213306053,6.93380761388112e-05,1000,0,False
216,Stigmasterol,sterol,210,0.007042253521126761,-2.476106136289414e-05,1.7692518780352152e-05,-7.068542582541878e-06,-0.0003317879674267193,-0.0003388565100092612,48,-0.0010037330467209755,-0.1285289120955111,0.10558235167642974,1000,0,False
217,Sucrose,carbohydrate,5683,0.007042253521126761,1.299951401632568e-05,0.00022728832703196962,0.00024028784104829573,-0.00024695799384505477,-6.670152796759039e-06,1021,0.03412087342885796,0.014398112831821816,0.05554101624814226,1000,0,False
218,"Sugars, total",carbohydrate,18095,0.007042253521126761,9.070358509775738e-05,0.00017184272727222645,0.00026254631236998405,5.199615652548605e-05,0.0003145424688954701,3185,0.037281576356537706,0.02970550908330941,0.045370243071693434,1000,0,False
219,Sulfur,mineral,93,0.007042253521126761,-3.7838789810565364e-05,0.0002925102384511107,0.00025467144864054544,-1.821827890716079e-05,0.00023645316973338465,20,0.03616334570695741,-0.048672488213389604,0.11230145063813743,1000,0,True
220,Tetracosanoic acid (24:0),fatty_acid,4423,0.007042253521126761,-1.3097931253335839e-05,0.00014990284741430414,0.0001368049161609684,-3.1751018384139915e-05,0.00010505389777682849,806,0.019426298094857526,0.0017782235760898575,0.035802379906923414,1000,0,False
221,Tetradecanoic acid (14:0),fatty_acid,18875,0.007042253521126761,6.816912293749978e-05,9.061637364227431e-05,0.00015878549657977387,4.882002179959662e-06,0.00016366749875973354,3308,0.02254754051432785,0.015270549495446302,0.0300336129130365,1000,0,False
222,Tetradecenoic acid (14:1; isomer unspecified),fatty_acid,5438,0.007042253521126761,-6.647204837760285e-06,0.00010739479923880288,0.00010074759440104248,-0.0001437960233857153,-4.304842898467283e-05,1002,0.01430615840494804,0.002963640409884549,0.026567745353274483,1000,0,False
223,Thiamin (vitamin B1),vitamin,29067,0.00704225352112676,-6.667741804307456e-06,0.00013463158441200899,0.00012796384260770175,0.00028970425239154864,0.0004176680949992504,5049,0.018170865650293622,0.013973508699724769,0.022600481110988866,1000,0,False
224,Threonine,amino_acid,8656,0.00704225352112676,-6.890334607732483e-07,4.808857436283949e-05,4.7399540902066245e-05,8.67557081131164e-05,0.00013415524901518264,1560,0.0067307348080934,0.005407332503425236,0.008154215301890403,1000,0,False
225,"Tocopherol, beta",vitamin,7747,0.007042253521126761,0.00025215383725458226,-1.6767595555601143e-05,0.00023538624169898111,9.43923982593129e-05,0.000329778639958294,1452,0.0334248463212553,0.019730420808352127,0.04797728419934295,1000,0,False
226,"Tocopherol, delta",vitamin,7687,0.007042253521126761,0.00022312412818142956,0.00010368641110474288,0.00032681053928617244,-0.0001039769862036439,0.00022283355308252853,1454,0.04640709657863648,0.028908999960997123,0.06605276884994118,1000,0,False
227,"Tocopherol, gamma",vitamin,8262,0.007042253521126761,4.456553724983803e-05,0.0002815505946881182,0.0003261161319379562,-0.00010462699055212603,0.0002214891413858302,1548,0.04630849073518982,0.029317599670563,0.06306722878874821,1000,0,False
228,"Tocotrienol, alpha",vitamin,5437,0.007042253521126761,1.8048841326246626e-05,0.00030486722966832625,0.000322916070994573,-0.00023307372460662197,8.984234638795101e-05,1033,0.04585408208122931,0.021098338552948202,0.06930622774944088,1000,0,False
229,"Tocotrienol, beta",vitamin,1186,0.00704225352112676,0.000382559915806949,-0.0002956485686448296,8.691134716211932e-05,-0.00015958092082261454,-7.266957366049522e-05,237,0.012341411297020956,-0.02826218371234436,0.053084333579946213,1000,0,False
230,"Tocotrienol, delta",vitamin,1161,0.007042253521126761,-9.888306654062492e-08,1.830492847782183e-06,1.731609781241547e-06,-0.0002560602948699908,-0.00025432868508874925,235,0.0002458885889363021,0.00021473808594711167,0.00027516264475092124,1000,0,False
231,"Tocotrienol, gamma",vitamin,1167,0.007042253521126761,9.150923830477417e-05,-0.00046899020488814136,-0.0003774809665833675,0.0002686443973659953,-0.0001088365692173722,233,-0.05360229725483814,-0.1119364843175607,-0.0045459807484699,1000,0,False
232,Tridecanoic acid (13:0),fatty_acid,668,0.007042253521126761,-2.3264333563429752e-08,8.177295864504417e-07,7.94465252887031e-07,-5.591360158243056e-05,-5.511913632954353e-05,109,0.00011281406590995247,7.919454706487951e-05,0.00014799965315858126,1000,0,False
233,Tryptophan,amino_acid,15731,0.007042253521126761,-8.69023460687188e-06,7.112260391769446e-05,6.243236931082255e-05,0.00018715656264617743,0.000249588931957,2819,0.008865396442136804,0.006221166634780187,0.011469306159433422,1000,0,False
234,Tyrosine,amino_acid,8612,0.00704225352112676,1.2852409947350471e-05,4.0053521635127905e-05,5.290593158247838e-05,0.00010098641086063502,0.0001538923424431134,1553,0.0075126422847119284,0.005708134891234604,0.009263920852576981,1000,0,False
235,Valine,amino_acid,8661,0.007042253521126761,-6.654095914900406e-06,5.976525727575865e-05,5.311116136085827e-05,6.690892970200068e-05,0.00012002009106285895,1566,0.007541784913241865,0.006149748670301425,0.009007561641505134,1000,0,False
236,Vitamin B6 - Pyridoxin,vitamin,1774,0.007042253521126761,4.60130931320017e-05,1.943568681026951e-05,6.544877994227121e-05,4.294046825465249e-05,0.0001083892481969237,282,0.009293726751802516,-0.005727729174030272,0.024368972074835002,1000,0,False
237,Vitamin D (D2 + D3),vitamin,27304,0.007042253521126761,0.00031103735080487377,9.594912082420363e-06,0.00032063226288729413,-1.3818133176079182e-05,0.00030681412971121495,4761,0.045529781329995786,0.035657038299791256,0.0556199697516372,1000,0,False
238,Vitamin D2 (ergocalciferol),vitamin,6511,0.007042253521126761,-0.0002643760759931926,6.401517108958579e-05,-0.0002003609049036068,-0.00011743281335075892,-0.00031779371825436573,1168,-0.028451248496312195,-0.04386534727108524,-0.012952568660662526,1000,0,False
239,Water,food_matrix,30210,0.007042253521126761,0.0001096575915046028,-5.834819401975025e-05,5.130939748485252e-05,0.00013769783509828538,0.0001890072325831379,5247,0.007285934442849055,0.005349592032893354,0.009226834556611191,1000,0,False
241,Zinc,mineral,31918,0.00704225352112676,4.394381372105024e-06,0.00012281882834935007,0.00012721320972145498,0.0002556024797728694,0.0003828156894943244,5536,0.018064275780446688,0.014785943357950951,0.02133878223550253,1000,0,False
242,"cis,cis-Eicosadienoic acid (20:2n-6)",fatty_acid,1216,0.007042253521126761,0.00019669394978623952,-5.523105998584755e-06,0.00019117084378765482,-0.0003223903425770172,-0.00013121949878936237,250,0.027146259817846977,0.0045015364808471195,0.05227009588803916,1000,0,False
243,cis-Docosenoic acid (22:1 cis),fatty_acid,298,0.007042253521126761,0.00011037815730789323,0.00017320708975565504,0.00028358524706354827,-4.7426925534705885e-05,0.00023615832152884238,70,0.040269105083023844,-0.05853503050630375,0.13545273428826168,1000,0,False
244,cis-Hexadecenoic acid (16:1 cis),fatty_acid,385,0.007042253521126761,0.0002187016157645102,2.8317767852362673e-05,0.0002470193836168729,-0.00018169704767994743,6.532233593692545e-05,87,0.03507675247359596,0.012317134912256328,0.057685228081829014,1000,0,False
245,cis-Octadecenoic acid (18:1 cis),fatty_acid,759,0.007042253521126761,0.00010881970428162923,-6.038672676957741e-06,0.0001027810316046715,-0.00017760134646701425,-7.482031486234276e-05,153,0.014594906487863367,-0.014197702428811639,0.04197187625545035,1000,0,False
246,cis-Tetracosenoic acid (24:1 cis),fatty_acid,461,0.00704225352112676,0.0001541596265869418,-0.000294159381230516,-0.00013999975464357422,-0.0007793475403796431,-0.0009193472950232173,108,-0.019879965159387527,-0.07740948986342674,0.0277825449457384,1000,0,False
247,"trans,trans-Linoleic acid (18:2 trans,trans)",fatty_acid,172,0.007042253521126761,-8.826119279877517e-05,-8.09591675218276e-05,-0.00016922036032060287,-0.0001309018751804213,-0.00030012223550102417,21,-0.024029291165525598,-0.05790955357299777,0.008866283402403323,1000,0,True
248,trans-Docosenoic acid (22:1 trans),fatty_acid,224,0.007042253521126761,-3.638953457294923e-07,3.121829396081698e-06,2.757934050352296e-06,-0.00028099051477571116,-0.00027823258072535886,51,0.00039162663515002297,0.0002792333869547411,0.0004940871942258079,1000,0,False
249,trans-Hexadecenoic acid (16:1 trans),fatty_acid,287,0.007042253521126761,1.1821915171556126e-07,0.00019433921341663308,0.00019445743256834864,-0.0004165246473114018,-0.00022206721474305315,66,0.02761295542470549,0.008494237870367538,0.0476846765683422,1000,0,False
250,trans-Linoleic acid (18:2; isomer unspecified),fatty_acid,335,0.007042253521126761,0.0001937774521526953,0.00019972765937770892,0.0003935051115304042,-0.0003031434597943279,9.03616517360763e-05,75,0.05587772583731738,0.019218140357136284,0.09844664641963198,1000,0,False
251,trans-Octadecenoic acid (18:1 trans),fatty_acid,774,0.007042253521126761,0.0001594506918934709,0.0002752257293405345,0.0004346764212340055,-0.0005547668740755981,-0.00012009045284159256,154,0.06172405181522881,0.018574074912566806,0.11160644762357702,1000,0,False
