axis_index,scaled_log_mae,log_mae,log_mse,raw_mae,positive_scaled_log_mae,zero_scaled_log_mae,candidate_support,canonical_name,loss_group
2,0.7884911174718353,0.3796816512698973,0.253347817533727,0.6965896212806304,0.7884911174718353,,18,Acetic acid,food_metabolome
7,0.27084866415896014,0.00155846518058008,6.537642411788304e-05,0.0015988540268305359,0.6844465281886527,0.05577777486352,38,Apigenin,food_metabolome
9,2.1773161166854815,0.02207674269619766,0.0052371925096311505,0.024946928083765793,2.1773161166854815,,13,Benzoic acid,food_metabolome
11,0.6654703058375594,0.0030407832335237095,3.1131435008922734e-05,0.0030792628868788596,0.7088894247596181,0.1878599976949125,12,Cadaverine,food_metabolome
12,1.327096381248191,0.07054111135242198,0.05522987829043789,0.11192318012085768,1.3218018072715136,1.3712178310538352,28,Caffeic acid,food_metabolome
13,0.07623326883890691,0.002587988971379028,0.0010939537787533885,0.0033414846510600297,0.8934274854935059,4.5712290355779295e-05,1962,Caffeine,food_metabolome
15,0.7736983656342769,0.010288341953827823,0.001657578573588337,0.011460345500513076,0.757414834360179,0.8116932719405052,30,Catechin,food_metabolome
16,0.4403185619654914,0.026232164799240742,0.0021050399069955632,0.027931271972658312,0.4462648707804287,0.14696732709524996,755,Choline,food_metabolome
18,0.4094313779970242,0.18062156945222765,0.07141109791134412,0.265342462005237,0.4094313779970242,,52,Citric acid,food_metabolome
21,0.8258842549145825,0.015220020250658196,0.0012101916801958068,0.01591067946566982,1.0782482136443914,0.4725747126928496,12,Cyanidin,food_metabolome
22,0.8276285327329282,0.005389538930030886,4.949434135575672e-05,0.005445061347841715,0.8607090169110022,0.7394139082580642,11,Daidzein,food_metabolome
24,1.5757636743765497,0.009160113503174663,0.0001636099968881019,0.009265820030221947,1.4430907965319653,1.6789536904778934,16,Delphinidin,food_metabolome
25,2.543770703347721,0.13519968575163765,0.0620434037128361,0.17293523000398808,2.543770703347721,,5,Ellagic acid,food_metabolome
26,0.3921611450804095,0.0008818195862707781,8.180661163958454e-06,0.0008859268575892839,1.3725640077814332,0.0,28,Epigallocatechin,food_metabolome
28,0.8240078334964773,0.00948010365286194,0.00035850608833975925,0.009819317328303724,0.8587602296097057,0.40697908013773754,26,Ferulic acid,food_metabolome
33,1.9731667988470125,0.22157046941288602,0.35816192804909514,0.6319665519908306,2.0364324644495073,1.735920552837658,19,Gallic acid,food_metabolome
35,1.3385286943317947,0.009686288569702675,0.0009665665762219062,0.010558121775975596,1.2814004031147965,2.823864265973745,27,Genistein,food_metabolome
43,0.3685595864068323,0.0010814344744915767,4.91480996923163e-06,0.0010855823901567852,0.7199893224606019,0.1768706394684125,17,Glycitein,food_metabolome
47,0.7749372929259796,0.0015870350962605467,1.632099994638877e-05,0.0015970056688097052,0.7783855360495706,0.6611452698474756,34,Histamine,food_metabolome
50,0.7847667425108433,0.006887086988758905,0.00026831082471025637,0.007049397381475683,1.779586775456514,0.18787472274344091,16,Isorhamnetin,food_metabolome
51,0.8132333169023002,0.0031864607428536014,4.1884231466252504e-05,0.0032117624068225873,1.0646387196166278,0.5134807213582938,57,Kaempferol,food_metabolome
52,0.2968645375934163,0.24178411474522815,0.07902572533950382,0.41564032769721493,0.2968645375934163,,23,Lactic acid,food_metabolome
53,0.9896482444118222,0.00019163030735124011,1.0916954621409227e-07,0.00019168765323550292,0.9896482444118222,,4,Lariciresinol,food_metabolome
54,0.8124140830188961,0.0015232292388498657,5.159903565282381e-06,0.0015267986299165274,0.8124140830188961,,14,Lutein,food_metabolome
55,0.569191458132797,0.005477433733142707,0.0004189527922678404,0.005716033116723284,1.2360580407583508,0.10751459323818281,44,Luteolin,food_metabolome
56,0.39210107938579386,0.15742121512830845,0.045659374089602814,0.23244188864316262,0.39210107938579386,,49,Malic acid,food_metabolome
58,2.49046461005379,0.008548051957923348,0.0003574781931958102,0.008729386836432759,2.829288051096135,1.1351708458844105,5,Matairesinol,food_metabolome
61,0.6083656309553176,0.0012831225398606994,1.1070925878086941e-05,0.0012889206611242682,0.8394772554852912,0.31122211370249436,48,Myricetin,food_metabolome
62,0.5574271321297083,0.01660524809474137,0.0030609952166715994,0.01941469485614129,0.42667823894493706,0.6336973198208248,19,Naringenin,food_metabolome
65,5.60077768668502,0.13821538362765676,0.021042012268139156,0.14936111981721012,5.60077768668502,,4,Oxalic acid,food_metabolome
66,0.9755530292932344,0.00046786760601937873,1.4973434923508174e-06,0.0004693894501029562,0.5391115825198005,1.150129608002608,14,Pelargonidin,food_metabolome
67,0.49766795256396296,0.0013521694297648215,8.872886694303689e-06,0.0013572754604926406,0.7336699705993339,0.39277816677046473,13,Peonidin,food_metabolome
72,1.5354274330346795,0.0006925801433448317,1.6508947872183555e-06,0.0006934176317098296,1.5354274330346795,,4,Pinoresinol,food_metabolome
77,0.6430811807078056,0.017435976104800254,0.0042679319785789,0.020649574010884318,0.6430811807078056,,17,Putrescine,food_metabolome
79,0.6611845786659494,0.005606832154012331,0.00024883730234647605,0.005754537682807845,0.6696871248193546,0.6341764908845446,71,Quercetin,food_metabolome
82,0.43768130537221955,0.36968536277584524,0.2448300851327009,0.6763458693027496,0.45329296764324106,0.4064579808301766,6,Rosmarinic acid,food_metabolome
83,1.1872150755442232,0.00011750425041550259,2.514651280890511e-08,0.00011751812566780546,1.1872150755442232,,5,Secoisolariciresinol,food_metabolome
88,0.11004699964053512,0.0003748868725887242,2.5716156105753784e-07,0.00037526535352626393,0.12105169960458864,0.0,11,Spermine,food_metabolome
90,1.4117591538179657,0.007912314615902022,0.0003026204217436017,0.008066279274478687,1.749997115780453,0.28429928060967424,13,Syringic acid,food_metabolome
91,0.75434461136032,0.40514918496457686,0.27838550891636643,1.1963622163891792,0.75434461136032,,5,Tartaric acid,food_metabolome
92,1.251941027397092,0.008993151127643097,0.00027000289678082357,0.009171100352444223,1.251941027397092,,9,Taurine,food_metabolome
93,0.04774726441505161,0.007592640655875039,0.0017609455199232914,0.009675703097820123,0.48914359693039083,0.020266390820432693,1928,Theobromine,food_metabolome
96,0.19131271546817863,0.0008455674830951141,2.176210916426983e-06,0.00084885902418245,0.20336448707402655,0.11900208583309123,21,Tyramine,food_metabolome
98,1.0381173026534753,0.004328911389752675,0.00011425543256188985,0.004390829642674594,1.1035409441775421,0.7437109157951746,11,Vanillic acid,food_metabolome
103,0.750415655346699,0.00525990931951262,0.00019903247573774396,0.005370745760142114,0.7643179794244513,0.6670017108801848,28,p-Coumaric acid,food_metabolome
104,0.3379684707594489,0.2585678966793564,0.11773041674774873,0.4598945548485222,0.337329145928369,0.38228530564112534,1547,Alanine,nutrition
105,0.3408258301988496,0.026992522742203633,0.0025365806191417874,0.028973448265026694,0.44323995983680176,0.21900070673093722,1128,Arachidonic acid (20:4n-6),nutrition
106,0.33523167105583107,0.27389254073582703,0.14057665313207887,0.5292947733468201,0.3280873603677949,0.5396516879553568,1727,Arginine,nutrition
107,0.6625930065217109,0.018638962486140595,0.001170692578440796,0.01958957085851971,0.7504680474115315,0.5145929376546445,102,Ascorbic acid (vitamin C),nutrition
108,0.7130136132206047,0.7559387804243165,0.8823988641682206,1.7141190060531803,0.7233578660210555,0.012403006514383865,3606,Ash,nutrition
109,0.3465600260785412,0.3600946501711013,0.23550236124103655,0.8372687263955904,0.3456546669662798,0.41441669154253213,1519,Aspartic acid,nutrition
110,0.4301532619310096,0.9653033102443396,1.676634858150411,12.816823454210828,0.45830453739420157,0.12576759598524642,756,Available carbohydrate,nutrition
111,0.18865516899748103,0.03056853873918601,0.0030610894544900766,0.03531215719260635,0.24927195469427463,0.041442975162410876,48,Beta-sitosterol,nutrition
112,0.3487428980790125,0.009701176173580383,0.00223585018183683,0.011222472406232212,0.3421990238182699,0.5165240769735878,498,Betaine,nutrition
113,0.6163694998995449,9.88320767426362e-05,2.0794064291395757e-06,9.988769954538803e-05,0.6201345857468629,0.5983709080576439,1768,Biotin,nutrition
114,0.40174356081899665,0.050346952807019445,0.013959953550463948,0.06467783341283173,0.6504019622441276,0.2686792637257745,2269,Butyric acid (4:0),nutrition
115,0.5291141185305126,0.05412573410498657,0.013433482140819571,0.06989821939479675,0.5230148010483713,0.8567478721961541,6878,Calcium,nutrition
116,0.5330217155232376,0.018484480936705433,0.001435333795596072,0.019734776312969042,0.5829824633506034,0.35815909812745705,36,Campesterol,nutrition
117,0.2766966398092037,4.869509528090507e-05,1.2554722991905167e-07,4.875803913635978e-05,1.198479197600724,0.010532741582936045,2524,"Carotene, alpha",nutrition
118,1.1095742183721948,0.0008294267904696473,5.506008432676469e-06,0.0008328352593282963,1.2610492534831053,0.8844309598470591,3736,"Carotene, beta",nutrition
119,1.1660696265010453,1.0844682487857575,2.4505004463551288,10.21877274998029,0.8884309077012769,2.97072129869954,15,Cellulose,nutrition
120,0.5690502768781798,0.2562034143406585,0.2916058319636148,0.9709914773870036,0.5690502768781798,,343,Chloride,nutrition
121,0.4662294381903839,9.165823014400352e-07,1.1090473453239536e-11,9.165902961276231e-07,0.6360156747319997,0.24528244825377796,695,Cholecalciferol (vitamin D3),nutrition
122,0.2448422164144954,0.04077776956597038,0.05876892204361238,0.17573769359970448,0.3527103419411613,0.08863358221235748,3992,Cholesterol,nutrition
123,0.4030177087960138,0.023484940250449046,0.0016972481048584172,0.025017635012745433,0.3984856849896549,0.5547993060926132,1897,"Choline, total",nutrition
124,3.099289777673892,0.0007566152862190709,1.6110557127701382e-06,0.0007574725855987818,2.688806310843163,4.260940736769582,278,Chromium,nutrition
125,0.3736490314146449,1.1275760593758007e-06,2.6558960298152506e-11,1.1275905736666844e-06,0.45648465049655673,0.24241913213990715,4402,Cobalamin (vitamin B12),nutrition
126,0.6600326328936721,0.07812286536950803,0.013913210156957722,0.09387763662545226,0.7297337982309933,0.16050761464287008,98,Conjugated linoleic acids (18:2 CLA isomers),nutrition
127,0.5054445587950994,0.00021412791033370386,1.6706687128574552e-06,0.00021502018835120156,0.5006901779853272,0.674580250855741,5038,Copper,nutrition
128,0.2714754907920944,1.965105436287563e-05,4.8996685465834426e-08,1.967559239220423e-05,1.1321194401957944,0.00415318898226768,2450,"Cryptoxanthin, beta",nutrition
129,0.3158330048831905,0.0904940137483662,0.014481125597434436,0.10923523307314206,0.31542570402421066,0.33852117125006886,1531,Cystine,nutrition
130,0.6494248827953006,0.07403490163883059,0.03173638487514559,0.10723803445580386,0.7567849392859095,0.5388539015322326,2996,Decanoic acid (10:0),nutrition
131,0.4084998145729977,0.5414651633872098,0.5617985572523665,2.5482259108969605,0.4603861019683146,0.20857917668913348,2543,"Dietary fibre, total",nutrition
132,0.2723933474319559,0.03258786075935236,0.01927693485654924,0.06049245847392233,0.8434370449790132,0.04246048080807836,2886,Docosahexaenoic acid (DHA; 22:6n-3),nutrition
133,0.6767257684336484,0.03296390831697655,0.011169554517355917,0.04443482682856117,0.6654914226242222,0.6889032817597902,1047,Docosanoic acid (22:0),nutrition
134,0.2651212248918084,0.010803102385226073,0.002330995564584615,0.012936348632781099,0.5668230931604487,0.11995559628231799,2934,Docosapentaenoic acid (DPA; 22:5n-3),nutrition
135,0.30871258111294175,0.004030111700790194,9.450962226984157e-05,0.004096549312346324,0.567290834123004,0.028586140352041114,75,Docosatetraenoic acid (22:4; isomer unspecified),nutrition
136,0.2032845084384416,0.018711045945699407,0.01592985000683887,0.05425088740308082,0.8741023008168087,0.08610640047491272,733,Docosenoic acid (22:1; cis/trans unspecified),nutrition
137,0.9997128188529134,0.15457152442507327,0.12230589127863786,0.3578774951281005,0.9898497530301387,1.0171866343380853,3352,Dodecanoic acid (12:0),nutrition
138,0.6146224300586801,0.03529970054540559,0.006090510655102344,0.041299430289569214,0.5990181109713003,0.6870017858255656,998,Eicosanoic acid (20:0),nutrition
139,0.36999000137367327,0.026890306008053637,0.012487113096771576,0.04454621585307882,0.7402826920307147,0.21359570391623153,3202,Eicosapentaenoic acid (EPA; 20:5n-3),nutrition
140,0.22212037737260787,0.01859609181044376,0.002422466640335006,0.020895070072501926,0.3771230651668165,0.10761388729039971,772,Eicosatetraenoic acid (20:4; isomer unspecified),nutrition
141,0.3441240600803492,0.007588715251632618,0.000516022599160861,0.0079063525041119,0.40324090131446666,0.30797347371416234,224,Eicosatrienoic acid (20:3; isomer unspecified),nutrition
142,0.46708741654926045,0.005913352577384024,0.0001940877503415811,0.006038589531934122,0.8223079131104194,0.12296756050563754,63,Eicosatrienoic acid (20:3n-3),nutrition
143,0.4323615072075568,0.009063871853537648,0.00035741570624638796,0.009263727144885114,0.6369768561341519,0.10218673962146005,230,Eicosatrienoic acid (20:3n-6),nutrition
144,0.5119959125781417,0.05050110820802206,0.01703271167838268,0.07077099106675583,0.5677370003718917,0.40520730512089487,2654,Eicosenoic acid (20:1; isomer unspecified),nutrition
147,0.016563169917671556,0.04830009345713763,0.12215390240446052,0.2636537627626072,0.8130303814267842,0.0002453050965092475,3138,Ethanol,nutrition
148,0.4579919789913136,0.7917500957792931,1.0735176183167003,7.598992442721338,0.4537520498798215,0.5430138928181608,4833,"Fat, total",nutrition
149,0.5003469790219057,0.646905343032636,0.7257408728580079,3.5628419982288198,0.49556703109735284,0.5639399319122093,3886,"Fatty acids, total monounsaturated",nutrition
150,0.5505750076653966,0.5093011454698025,0.5054213804768038,2.1887600385922874,0.5483251824886742,0.5912122401470055,3896,"Fatty acids, total polyunsaturated",nutrition
151,0.569889736015965,0.6771024135161072,0.7633322962507604,3.772901873108483,0.5578304919625011,0.7814254704718502,4023,"Fatty acids, total saturated",nutrition
152,0.5020653534383201,0.16642343747175006,0.08049552647207385,0.2994300885652305,0.5823745603402393,0.3634852801331482,1172,"Fatty acids, total trans",nutrition
153,0.5957964577700384,0.16632472917860083,0.08981993852478105,0.3179522082959971,0.6125837036038957,0.4959683025447008,521,"Fatty acids, total trans-monoenoic",nutrition
154,0.7952778134904683,0.08145339309458534,0.019650877540082212,0.10249547205733528,0.8542194411878008,0.5976830234956013,457,"Fatty acids, total trans-polyenoic",nutrition
155,0.4765308633593815,2.5286894623349737e-05,4.647859114103952e-09,2.5289916695674723e-05,0.49163388145073006,0.3109760551066926,3170,"Folate, food",nutrition
156,0.5444977329105793,3.8555991599955e-05,1.304386886463078e-08,3.856357035085249e-05,0.5583893818899075,0.3689755294910683,3886,"Folate, total",nutrition
157,0.4873293051464688,3.4631426972697284e-05,1.3312788410427595e-08,3.463903652687984e-05,0.6373030407614094,0.347593979115224,3100,Folic acid,nutrition
158,0.4359128847512062,0.3296357241014003,0.31757864209295783,0.9404354447933273,0.5791252655221473,0.08878410463140479,1959,Fructose,nutrition
159,0.20374520861409479,0.023678321400782663,0.012431637494668706,0.03570665997901033,0.9889073756875656,0.013355848508108689,1460,Galactose,nutrition
160,0.4586292108779606,0.3568258614164881,0.34582232507637156,1.024418587858175,0.5669257182301708,0.10450068902920202,2003,Glucose,nutrition
161,0.2753870725412044,0.41533875457422215,0.3197128542975909,1.348132470255254,0.2752399679562104,0.287948169604303,1555,Glutamic acid,nutrition
162,0.34024723627713194,0.23135316594514707,0.09972345919222943,0.4044130325880443,0.3311237434622136,0.579497425403783,1713,Glycine,nutrition
165,0.4643673466066586,0.04096575821924179,0.0053269111506915896,0.04621419006780015,0.4758985224407842,0.4270993296815952,1138,Heptadecanoic acid (17:0),nutrition
166,0.4902365677474951,0.02660440091336473,0.003033240412665762,0.029028536943593645,0.5671834222239162,0.37701444415274493,880,Heptadecenoic acid (17:1; isomer unspecified),nutrition
167,0.5047496112190187,0.4947645751423686,0.41285319912309404,1.7124709557112767,0.5026126549762171,0.5632951479536283,3436,Hexadecanoic acid (16:0),nutrition
168,0.5875848976072051,0.1468302315094267,0.05585649314822854,0.23059758303043057,0.5927671395128892,0.5624337502249513,878,Hexadecenoic acid (16:1; cis/trans unspecified),nutrition
169,0.37618970913657346,0.040691429918799885,0.010874747660603213,0.050857823465918287,0.6146443125351058,0.27354429052200663,2651,Hexanoic acid (6:0),nutrition
170,0.3314981537707803,0.1636064684883988,0.048224527430534146,0.2376276679196566,0.33170155076041014,0.31235360951620694,1562,Histidine,nutrition
171,0.5035665427042101,0.11228360194415697,0.02158174923283299,0.12738651513227153,0.6240958807528996,0.08621122289382203,299,Hydroxyproline,nutrition
172,0.48355084705486073,0.6460428671579542,0.6872340452715642,3.581652878759813,0.49092342651347753,0.34347183734114217,20,Insoluble dietary fibers,nutrition
173,0.5137514760090462,0.002244111812356682,3.6738219086579e-05,0.0022683556976716038,0.510319499809954,0.636452720224957,5716,Iron,nutrition
174,0.313447696827703,0.21620116476289158,0.07771076076304276,0.3540964617966708,0.3119614078841338,0.38627877358140694,1564,Isoleucine,nutrition
175,0.652861744324929,0.27916413676919993,0.15080977348735292,0.5624572854985793,0.652861744324929,,15,Isomeric linoleic acids (18:2),nutrition
176,1.099724940971889,0.16167994053082896,0.08596470599125683,0.23748595621699795,1.0338793551075156,1.1937900636352794,17,Isomeric linolenic acids (18:3),nutrition
177,0.20075155334853356,0.18581171563147592,0.1618404603114261,0.4925338341178279,0.5393325541817896,0.042966675358761315,1909,Lactose,nutrition
178,0.3102028354424951,0.3041346419285179,0.15778660640902503,0.6187703637059327,0.3091910468147677,0.3882117386402724,1562,Leucine,nutrition
179,1.3750632048427767,0.9234411744614567,1.940950739579615,5.0754598577780765,1.6438942148160902,0.5013624224295078,17,Lignin,nutrition
180,0.5193969312068961,0.40133503164200995,0.3448920975621448,1.7244111354904912,0.5228219837485546,0.4342316824306555,1345,Linoleic acid (18:2n-6),nutrition
181,0.6084910979408724,0.0003515901247599742,1.6076147143942956e-06,0.00035277140194316315,0.707704228664161,0.364067820886503,1277,Lutein + zeaxanthin,nutrition
182,0.10358668986751911,0.00026558725669861995,2.7344301356720975e-06,0.0002669653117170082,0.9690237127194192,0.0012526570362215773,2090,Lycopene,nutrition
183,0.350433692087926,0.2962061044185525,0.15934641013395728,0.5990103409870088,0.3496549488109971,0.4052642982680592,1571,Lysine,nutrition
184,0.37347608205330995,0.024067035731249888,0.002829184465081792,0.026539438152646387,0.36934792553581025,0.6120475045708574,6213,Magnesium,nutrition
185,0.42991801016668457,0.17351576574400004,0.11566575066107136,0.3090033125851685,0.6884216206977517,0.22379688553426505,1924,Maltose,nutrition
186,0.5819588056766033,0.0005930672862234348,8.224041467616717e-06,0.0005977774804051433,0.5660211144196077,0.9674867883344591,3266,Manganese,nutrition
188,0.34757184175313033,2.890278886352783e-06,1.5304767019216608e-11,2.890290328125912e-06,0.360583201666477,0.23046960253301002,10,Menaquinone-4,nutrition
189,0.3154452333746186,0.12941487564458465,0.02942901964873195,0.17569209756715687,0.31363021244612027,0.39119839942901646,1570,Methionine,nutrition
190,0.8428026028564413,4.452332006401125e-05,1.201036881802378e-08,4.453073522859064e-05,0.900545997258505,0.557694592996251,190,Molybdenum,nutrition
191,0.4549934681145287,0.0019230915818429228,1.3823587798917968e-05,0.001933406045606482,0.45133700003178706,0.5400656883575471,5427,Niacin,nutrition
192,0.44351003010604145,0.0026158904295672364,3.188442542126731e-05,0.0026373433330429343,0.448288452203132,0.3596980234824685,1168,Nicotinic acid,nutrition
193,0.5340723776317365,0.3938568463618804,0.350991478156439,1.818453360886307,0.5279990246494672,0.7070649803202462,914,Octadecadienoic acid (18:2; isomer unspecified),nutrition
194,0.4854791919054892,0.3215467540509306,0.22153651285616058,0.7903577355228042,0.49369006844302454,0.33906114092682016,3429,Octadecanoic acid (18:0),nutrition
195,0.10735059120164644,0.007557288553327537,0.003297517751495433,0.011656127271982356,0.7793927790635592,0.04055740739274076,719,Octadecatetraenoic acid (18:4; isomer unspecified),nutrition
196,0.6501800840210178,0.1179709866132645,0.03813058484813916,0.17311535453132548,0.6391578386615624,0.7730632248527839,899,Octadecatrienoic acid (18:3; isomer unspecified),nutrition
197,0.48080088057057824,0.5669809851638304,0.5858425896267616,3.4230811134232884,0.4754592853964751,0.6146459939331054,912,Octadecenoic acid (18:1; cis/trans unspecified),nutrition
198,0.5661984630645149,0.05677880669434986,0.02155789134166672,0.07878598882951415,0.7167420149647148,0.4730245855269004,2755,Octanoic acid (8:0),nutrition
199,0.3813562952140744,0.00047639336404921425,6.795528690287361e-06,0.0004800815861928026,0.3714321445536045,0.540558393106437,2974,Pantothenic acid (vitamin B5),nutrition
200,0.6092858417729374,0.03380230214284108,0.004583434966910373,0.03733762363074807,0.6361980597340352,0.5658406382684463,1081,Pentadecanoic acid (15:0),nutrition
201,0.12595643584329372,0.003124224524988073,0.0006664410736917522,0.0035218556416526446,1.0199835375977333,0.055091985514540656,777,Pentadecenoic acid (15:1; isomer unspecified),nutrition
202,0.3022505708200667,0.2141436461315147,0.08021386268135543,0.347486530375417,0.30205899811141246,0.3092992017802352,1573,Phenylalanine,nutrition
203,0.3628079518662393,0.08596129220708065,0.01597136661831281,0.10372094517655309,0.3608911276081965,0.44911418554313776,5470,Phosphorus,nutrition
204,0.32102083566980505,0.029596407625267985,0.00359736320351599,0.03287278890508054,0.5333376102866789,0.06624070612955643,66,Phytosterols,nutrition
205,0.3518486319502115,0.13998854464668467,0.047125565548123055,0.20628387138295828,0.3497576605544173,0.4950583136681795,5513,Potassium,nutrition
206,0.26844854285809167,0.22596550539244428,0.08966929420473345,0.4021624708307826,0.2674403930444294,0.3323820435411759,1546,Proline,nutrition
207,0.39160394107078855,0.7632364214178288,1.0144250486035067,7.167161743868583,0.3882078491296609,0.47224796265058955,4633,"Protein, total",nutrition
208,0.5044442285285895,0.00010456963227115786,7.73852140353153e-07,0.00010496148456055024,0.6499327308527958,0.3491216689946595,5057,Retinol,nutrition
209,0.40022935500170126,0.0001388297144830669,1.227580221115659e-07,0.00013890231967518185,0.40449963684172224,0.309629251515495,4691,Riboflavin (vitamin B2),nutrition
210,0.4527535333188848,1.038290183651e-05,1.58018631107702e-09,1.0383783156197814e-05,0.45692364164212085,0.40138068594604864,4249,"Selenium, Se",nutrition
211,0.28113633017361345,0.2041897674969737,0.07486217038336838,0.33063393635790533,0.28008576065183327,0.3537211334966067,1542,Serine,nutrition
212,0.4954317063998497,0.14552019741389616,0.09195077558280236,0.29825431784333856,0.49702410036643013,0.42827056480128256,4705,Sodium,nutrition
213,0.37793960010773237,0.3779396015017316,0.22032841867886724,0.6537353690815013,0.29273936149049384,0.49153991826405036,14,Sorbitol,nutrition
214,0.33903136103252896,0.9192465302477265,1.7684576593350472,9.417190738089195,0.4371005274780478,0.17083046290052542,1292,Starch,nutrition
215,0.10978524265388659,0.03199121221813334,0.00729384671374304,0.03707940322793345,0.659257456732162,0.08086565243924053,140,Stearidonic acid,nutrition
216,0.44856716170579825,0.007086503054243178,0.00010727129444931367,0.007226143495895063,0.5099310872679952,0.34629395243547,48,Stigmasterol,nutrition
217,0.5307674318953116,0.5854057880726429,0.8424080552123175,4.369474385228776,0.6036164282697671,0.3425491829021522,1021,Sucrose,nutrition
218,0.44840662624158534,0.6787976082859968,0.8931984732945268,6.985526846324074,0.4712492638536552,0.27009679407651477,3185,"Sugars, total",nutrition
219,0.4894362239833491,0.11817621799745101,0.022358829015271094,0.13971477250650527,0.4894362239833491,,20,Sulfur,nutrition
220,0.6052271764830959,0.016291980808667145,0.0015852780806334334,0.01755435976467823,0.5088618071005083,0.7264261984796834,806,Tetracosanoic acid (24:0),nutrition
221,0.6734422420137098,0.20906761843670538,0.13802414352017678,0.42366898448442764,0.6871596918765551,0.5992639120500973,3308,Tetradecanoic acid (14:0),nutrition
222,0.5408875190639174,0.039350943029992855,0.007014713763407261,0.045421926076243915,0.6522370367774356,0.39095712771830704,1002,Tetradecenoic acid (14:1; isomer unspecified),nutrition
223,0.46040277343291963,0.00012567917515314512,1.1957507243017294e-07,0.00012575552144631564,0.4651901827231883,0.37443616854826045,5049,Thiamin (vitamin B1),nutrition
224,0.3266441342534993,0.21196458601366044,0.07577688402627071,0.3378356196432658,0.32598016165001065,0.37306185535193354,1560,Threonine,nutrition
225,0.4378322976902483,6.476216540232331e-05,7.442722429189781e-08,6.48029811769955e-05,0.5435998031403854,0.24562477442519418,1452,"Tocopherol, beta",nutrition
226,0.5259275735792461,0.00024717129294634944,1.4971691346803638e-06,0.0002480997633065946,0.6928590682984247,0.30383226158484156,1454,"Tocopherol, delta",nutrition
227,0.7741634526147514,0.0018834564767951766,3.294613556386378e-05,0.0019070741761453504,0.8057973916646065,0.6404601500970195,1548,"Tocopherol, gamma",nutrition
228,0.6096966752032079,9.882314714041357e-05,2.4856842281879965e-07,9.895673470753954e-05,0.6396145526264647,0.5510610644367102,1033,"Tocotrienol, alpha",nutrition
229,0.27962105118295266,0.00010519877062722924,5.775388009261061e-08,0.0001052359210491335,0.6764695887422956,0.18914780945957915,237,"Tocotrienol, beta",nutrition
230,0.033104367572354035,4.570849882524425e-06,7.966990447018343e-10,4.57124832927098e-06,0.5940713520102372,0.00025494956473024415,235,"Tocotrienol, delta",nutrition
231,0.35555823810884496,6.647887605964923e-05,7.738274306289458e-08,6.651760460066927e-05,0.8864117841041299,0.009185711643836324,233,"Tocotrienol, gamma",nutrition
232,0.05562366795320692,0.0005991616925531163,1.3365139070784944e-05,0.0006059009185021777,1.2102985836923907,0.000110450850361534,109,Tridecanoic acid (13:0),nutrition
233,0.3603125482781279,0.0779471137181597,0.011354372059866889,0.09048647117055446,0.3609741092035574,0.3449140435375007,2819,Tryptophan,nutrition
234,0.33834923379045917,0.19568454042134095,0.061818045602201686,0.2912557756979964,0.33818979569999275,0.34208769151835305,1553,Tyrosine,nutrition
235,0.3155253662181778,0.23849329066178993,0.09281625567290257,0.4061470760181871,0.3133638003738919,0.46053824003266086,1566,Valine,nutrition
236,0.4202411345760662,0.0001423444844926674,1.5923583820707595e-07,0.00014244084044046906,0.4190246439384562,0.4404652914263331,282,Vitamin B6 - Pyridoxin,nutrition
237,0.377214585912864,7.907252485877233e-07,3.5190895332772624e-11,7.907453179169482e-07,0.6046188379275604,0.19612983209869678,4761,Vitamin D (D2 + D3),nutrition
238,0.18221562400551544,1.1195000502519517e-07,8.354850655619488e-13,1.1195042833610941e-07,0.8646147132885412,0.03275712415799855,1168,Vitamin D2 (ergocalciferol),nutrition
239,0.2806681341157246,1.046508123724364,2.0033101963479742,30.06945611256527,0.28115966158979067,0.23412194567786299,5247,Water,nutrition
241,0.4949622820066705,0.0012699207083554113,7.65201581038072e-06,0.0012753337939765928,0.48991191218213637,0.7324501609733447,5536,Zinc,nutrition
242,0.3596661581064953,0.017981240080248574,0.001669353763152628,0.01954368846329019,0.5507498998889356,0.15594878050372835,250,"cis,cis-Eicosadienoic acid (20:2n-6)",nutrition
243,0.5251253364203478,0.007441555965868106,0.0004125527201353049,0.007691793555263888,0.4921804213291564,0.5620635745528956,70,cis-Docosenoic acid (22:1 cis),nutrition
244,0.2768954966226502,0.06938913127726269,0.009921794484575912,0.08671902221297824,0.27304905159879816,0.35670923086757844,87,cis-Hexadecenoic acid (16:1 cis),nutrition
245,0.336927882823391,0.4751782111482965,0.36800388045216675,3.2128501319057414,0.336927882823391,,153,cis-Octadecenoic acid (18:1 cis),nutrition
246,0.27503358363246316,0.0038450064464499215,0.0001221062428783602,0.003961175371331811,0.49481740463764756,0.1405390065994398,108,cis-Tetracosenoic acid (24:1 cis),nutrition
247,0.6680104467441982,0.0878775317350573,0.031442414732826614,0.11042605983625566,0.5057806460495539,2.20919355334332,21,"trans,trans-Linoleic acid (18:2 trans,trans)",nutrition
248,0.07617060772892213,0.0001178334735254326,1.5654660008643843e-07,0.0001179118266210721,0.773901121772236,0.0003303344633445247,51,trans-Docosenoic acid (22:1 trans),nutrition
249,0.39009792856782016,0.013326722485282622,0.00038768716541388946,0.013787357639244434,0.528978042512702,0.09249768440021634,66,trans-Hexadecenoic acid (16:1 trans),nutrition
250,0.47725876716862115,0.04534081499501882,0.005215509143650823,0.05227007459918037,0.5027489358331949,0.18412182752602332,75,trans-Linoleic acid (18:2; isomer unspecified),nutrition
251,0.6327575686472251,0.2992823457164088,0.2216272883550754,0.7746883929683827,0.6008197074687426,0.8146645170985812,154,trans-Octadecenoic acid (18:1 trans),nutrition
