axis_index,canonical_name,mask_family,training_candidates,macro_weight,axisvalue_minus_mae_under,axisvalue_minus_mae_over,axisvalue_minus_mae_mae,mae_minus_rf,axisvalue_minus_rf,candidate_support,candidate_minus_baseline,difference_95_low,difference_95_high,valid_resamples,resamples_without_axis_support,sparse_support_below_30
104,Alanine,amino_acid,8576,0.007042253521126761,-8.739932931113397e-06,1.911173310880908e-05,1.0371800177695655e-05,7.886337636714728e-05,8.923517654484294e-05,1547,0.0014727956252327844,-0.00014856835341355826,0.003130615118475089,1000,0,False
105,Arachidonic acid (20:4n-6),fatty_acid,6814,0.007042253521126761,2.3134226567316407e-05,-2.167794416061715e-05,1.456282406699311e-06,3.217703034824734e-05,3.363331275494665e-05,1128,0.00020679210175129372,-0.00808868759016645,0.00813860404097373,1000,0,False
106,Arginine,amino_acid,9593,0.007042253521126761,-1.0466563365790207e-05,8.987511267638157e-06,-1.4790520981520497e-06,8.133576764117603e-05,7.985671554302398e-05,1727,-0.00021002539793759092,-0.002585988204805136,0.0021105104836747044,1000,0,False
107,Ascorbic acid (vitamin C),vitamin,586,0.007042253521126761,-0.00023348447094382262,0.000305780554715364,7.229608377154126e-05,-0.0005319564060804207,-0.00045966032230887943,102,0.01026604389555885,-0.0512670936211056,0.07095315614846454,1000,0,False
108,Ash,food_matrix,20257,0.007042253521126761,-3.014355058294436e-05,4.076147328292571e-06,-2.6067403254651737e-05,0.00020379860700578997,0.00017773120375113823,3606,-0.003701571262160554,-0.007008398678134874,-0.0006443744832488527,1000,0,False
109,Aspartic acid,amino_acid,8432,0.007042253521126761,-1.4989502605293052e-05,2.0045014753820807e-05,5.055512148527755e-06,8.518173358895725e-05,9.0237245737485e-05,1519,0.0007178827250909402,-0.001044013062923635,0.002330512643496495,1000,0,False
110,Available carbohydrate,macronutrient,4210,0.007042253521126761,-2.4641676388566572e-05,5.693511196046459e-05,3.2293435571897964e-05,-0.00014003235111719825,-0.00010773891554530029,756,0.004585667851209519,-0.0024884147520125386,0.011558314806819842,1000,0,False
111,Beta-sitosterol,sterol,207,0.007042253521126761,-0.00012660267752005142,0.00016437055942315054,3.7767881903099125e-05,-0.00022085023960862686,-0.00018308235770552773,48,0.005363039230240076,-0.01380935586981911,0.025139828596042295,1000,0,False
112,Betaine,amino_acid,2764,0.007042253521126761,0.00010427484614133019,-7.003291340152009e-05,3.424193273981026e-05,-4.213573672307231e-05,-7.893803983262046e-06,498,0.004862354449053046,-0.00948307468815054,0.019976554338993657,1000,0,False
113,Biotin,vitamin,9884,0.00704225352112676,-5.481594716169212e-05,0.00015886700207169485,0.0001040510549100023,8.078803146048964e-05,0.00018483908637049193,1768,0.01477524979722038,-0.007016065984978668,0.03845479304600394,1000,0,False
114,Butyric acid (4:0),fatty_acid,12666,0.007042253521126761,1.297583693423706e-05,-6.63086537444021e-05,-5.333281681016509e-05,-2.9160414856106254e-05,-8.249323166627134e-05,2269,-0.0075732599870434285,-0.014197769425295438,-0.0016355627785360444,1000,0,False
115,Calcium,mineral,39116,0.007042253521126761,-7.312893827039063e-06,-1.6484011048061758e-05,-2.3796904875100604e-05,0.00035258459525532655,0.00032878769038022595,6878,-0.0033791604922643313,-0.0076675835898603086,0.0008050445665868638,1000,0,False
116,Campesterol,sterol,171,0.007042253521126761,-0.00014417027482398475,-0.00010406724170749094,-0.0002482375165314757,-0.0006610863746877645,-0.0009093238912192402,36,-0.035249727347469534,-0.08645036465908186,0.012594812977898516,1000,0,False
117,"Carotene, alpha",vitamin,13702,0.007042253521126761,0.00027220286370811483,-0.0001319812121419201,0.00014022165156619471,-5.157873638772536e-05,8.864291517846935e-05,2524,0.019911474522399702,0.010306918939290576,0.0298587928613779,1000,0,False
118,"Carotene, beta",vitamin,20968,0.007042253521126761,-3.0344205947875798e-05,3.150365061378659e-05,1.1594446659105723e-06,-4.080750255101937e-05,-3.96480578851088e-05,3736,0.00016464114255929291,-0.01315388861227276,0.013185512915821873,1000,0,False
119,Cellulose,dietary_fibre,69,0.007042253521126761,0.000505488077889713,-0.00015123050044548922,0.00035425757744422413,0.00027140129570997354,0.0006256588731541977,15,0.050304575997079784,-0.019080950188994535,0.12690308897191194,1000,0,True
120,Chloride,mineral,1874,0.00704225352112676,-1.71652760039213e-05,6.535741857775063e-05,4.819214257382933e-05,-0.00023963888254607889,-0.00019144673997224955,343,0.006843284245483769,-0.004872216803663518,0.018876348223968224,1000,0,False
121,Cholecalciferol (vitamin D3),vitamin,3865,0.00704225352112676,5.787250638621588e-05,-0.00014309532931609272,-8.522282292987684e-05,-0.00022182950710255482,-0.00030705233003243165,695,-0.012101640856042505,-0.03715096251870733,0.009695858928748446,1000,0,False
122,Cholesterol,sterol,22719,0.007042253521126761,-1.6743192813767393e-06,4.415013962515298e-06,2.740694681138559e-06,0.00031393838141121776,0.0003166790760923563,3992,0.0003891786447216795,-0.002452082888494963,0.0031578558306283857,1000,0,False
123,"Choline, total",vitamin,10549,0.007042253521126761,-1.918117565513145e-05,1.6945168021012015e-05,-2.236007634119435e-06,0.0003325239732336158,0.0003302879655994964,1897,-0.0003175130840449605,-0.003261294059877306,0.00238335020203362,1000,0,False
124,Chromium,mineral,1560,0.007042253521126761,6.754400120933439e-05,-2.8024216104891226e-05,3.9519785104443275e-05,-0.00020600280314065971,-0.00016648301803621644,278,0.005611809484830927,-0.05072829747949731,0.06234610059198272,1000,0,False
125,Cobalamin (vitamin B12),vitamin,25560,0.007042253521126761,-2.8925592828700692e-05,7.463778805566078e-06,-2.146181402313467e-05,0.00018318270328209082,0.00016172088925895615,4402,-0.0030475775912851186,-0.007015072240229501,0.000801585514780779,1000,0,False
126,Conjugated linoleic acids (18:2 CLA isomers),fatty_acid,469,0.00704225352112676,4.289681503146111e-05,9.675805728161398e-05,0.0001396548723130751,-0.00038563950148932913,-0.00024598462917625405,98,0.019830991868456653,0.0015533508577920128,0.03843856450061116,1000,0,False
127,Copper,mineral,28684,0.007042253521126761,-3.7441219808861904e-05,4.152012219786616e-05,4.0789023890042565e-06,0.00032316335080451804,0.0003272422531935223,5038,0.0005792041392386125,-0.0027339682216010884,0.0038711016602273377,1000,0,False
128,"Cryptoxanthin, beta",vitamin,13291,0.007042253521126761,-3.208330006776016e-07,9.469658613923389e-06,9.14882561324601e-06,-8.060046082783824e-05,-7.145163521459223e-05,2450,0.0012991332370809097,-0.0011982501910197548,0.003807811137458936,1000,0,False
129,Cystine,amino_acid,8477,0.007042253521126761,-6.014634840139564e-06,1.6224937693806783e-05,1.0210302853667246e-05,0.00013488416338135705,0.0001450944662350243,1531,0.001449863005220743,-0.0004299476871575569,0.0032937753367717273,1000,0,False
130,Decanoic acid (10:0),fatty_acid,16906,0.007042253521126761,3.66622834547882e-05,-6.072829459107573e-05,-2.406601113628731e-05,-0.00021393827278441409,-0.0002380042839207014,2996,-0.003417373581352824,-0.01320512862057825,0.006224628525000571,1000,0,False
131,"Dietary fibre, total",macronutrient,14402,0.007042253521126761,1.6424504256015867e-05,-2.9085156298864568e-05,-1.2660652042848592e-05,0.0003077468766238949,0.0002950862245810463,2543,-0.0017978125900845164,-0.005696895033780965,0.002024737094409457,1000,0,False
132,Docosahexaenoic acid (DHA; 22:6n-3),fatty_acid,16450,0.00704225352112676,1.892002923286289e-05,1.831322821523707e-05,3.723325744810007e-05,-0.0001293274233943833,-9.209416594628322e-05,2886,0.005287122557630199,-0.001495082970805504,0.01313207713155228,1000,0,False
133,Docosanoic acid (22:0),fatty_acid,5733,0.007042253521126761,8.144219881021475e-05,7.993586004746223e-06,8.943578481496119e-05,-9.062388582245268e-05,-1.1881010074914905e-06,1047,0.01269988144372445,-0.00010869715826042765,0.025239057363277067,1000,0,False
134,Docosapentaenoic acid (DPA; 22:5n-3),fatty_acid,16689,0.00704225352112676,7.977298988471183e-06,-2.6593508280297403e-05,-1.861620929182622e-05,7.19411294659273e-05,5.332492017410108e-05,2934,-0.002643501719439327,-0.009213571461956152,0.00462554163899831,1000,0,False
135,Docosatetraenoic acid (22:4; isomer unspecified),fatty_acid,335,0.007042253521126761,3.714248797100008e-05,3.82772525884395e-05,7.541974055943969e-05,-0.00029837420970842046,-0.00022295446914898077,75,0.010709603159440412,-0.017395351066021483,0.041851194399352615,1000,0,False
136,Docosenoic acid (22:1; cis/trans unspecified),fatty_acid,3902,0.007042253521126761,2.960351382003503e-05,1.2975920008440067e-05,4.257943382847504e-05,-0.00030239124462198657,-0.0002598118107935115,733,0.006046279603643466,-0.009184233307552754,0.02059092904687863,1000,0,False
137,Dodecanoic acid (12:0),fatty_acid,19138,0.007042253521126762,-4.4880916962904875e-05,2.065322714720386e-06,-4.281559424818438e-05,-0.0001718425795522679,-0.00021465817380045228,3352,-0.0060798143832421925,-0.01841005558506213,0.006495954420065387,1000,0,False
138,Eicosanoic acid (20:0),fatty_acid,5470,0.007042253521126761,-4.427775650479122e-05,2.9096659055529925e-05,-1.5181097449261296e-05,0.00019854921975300975,0.00018336812230374845,998,-0.0021557158377951136,-0.01211060120381523,0.007394822139492552,1000,0,False
139,Eicosapentaenoic acid (EPA; 20:5n-3),fatty_acid,18180,0.007042253521126761,-3.5394022068103537e-05,3.8175776026512195e-05,2.781753958408604e-06,-9.135554491150914e-05,-8.857379095310054e-05,3202,0.0003950090620940287,-0.005983334857249087,0.006609928569542451,1000,0,False
140,Eicosatetraenoic acid (20:4; isomer unspecified),fatty_acid,4211,0.00704225352112676,1.7576688220160544e-05,-8.6267971686891e-05,-6.86912834667304e-05,9.619969615807448e-06,-5.9071313850922957e-05,772,-0.009754162252275727,-0.01999358754701841,0.0001359826389116938,1000,0,False
141,Eicosatrienoic acid (20:3; isomer unspecified),fatty_acid,1065,0.007042253521126762,0.00017590393249254546,-1.535535549835275e-05,0.00016054857699419282,-0.00012376424179688975,3.6784335197303066e-05,224,0.02279789793317539,-0.00483544287535871,0.0534253052873176,1000,0,False
142,Eicosatrienoic acid (20:3n-3),fatty_acid,318,0.007042253521126761,6.267938526971506e-05,-7.030351744930353e-05,-7.624132179588584e-06,-0.00019674156486392913,-0.0002043656970435177,63,-0.0010826267695015696,-0.025919730002155368,0.024521135076670683,1000,0,False
143,Eicosatrienoic acid (20:3n-6),fatty_acid,1284,0.00704225352112676,1.1970026263923039e-06,1.760518637185639e-05,1.8802188998248747e-05,-0.00010170500724189198,-8.290281824364324e-05,230,0.0026699108377513142,-0.014849901025602377,0.01570511929990614,1000,0,False
144,Eicosenoic acid (20:1; isomer unspecified),fatty_acid,14951,0.007042253521126761,-7.935532182979689e-06,-9.195980283417562e-05,-9.989533501715531e-05,0.00021924899456655716,0.00011935365954940185,2654,-0.014185137572436068,-0.02148656411739641,-0.0067848598697405555,1000,0,False
147,Ethanol,ethanol,17741,0.007042253521126761,-2.5725901858412266e-08,7.954971961623673e-07,7.69771294303957e-07,1.0590068598349608e-05,1.1359839892653565e-05,3138,0.0001093075237911609,0.000102410644391246,0.00011631790819611734,1000,0,False
148,"Fat, total",macronutrient,27749,0.007042253521126761,-4.270366513863612e-05,2.092260986112242e-05,-2.17810552775137e-05,0.0001226978455351611,0.0001009167902576474,4833,-0.003092909849406943,-0.005723017463454635,-0.00037916502265809105,1000,0,False
149,"Fatty acids, total monounsaturated",fatty_acid,22471,0.007042253521126761,-1.2041490977857832e-05,2.0266695303147915e-05,8.225204325290028e-06,0.00018351086976723654,0.00019173607409252657,3886,0.001167979014191181,-0.0009655611034457975,0.0033478962618657556,1000,0,False
150,"Fatty acids, total polyunsaturated",fatty_acid,22517,0.007042253521126761,-1.5856569474661728e-05,4.5040009759509596e-05,2.9183440284847977e-05,0.0001647545163842802,0.00019393795666912818,3896,0.004144048520448379,0.00044615524559415027,0.008202422858105357,1000,0,False
151,"Fatty acids, total saturated",fatty_acid,23183,0.007042253521126761,2.1015593005009343e-05,-2.536581094524852e-06,1.847901191048449e-05,7.714100934072597e-05,9.562002125121046e-05,4023,0.002624019691288796,-0.000164656430952863,0.005432079501300941,1000,0,False
152,"Fatty acids, total trans",fatty_acid,6323,0.007042253521126761,2.95896126646471e-06,9.457849236114524e-06,1.2416810502579234e-05,-4.903334587098591e-05,-3.6616535368406674e-05,1172,0.0017631870913662401,-0.009012027026161853,0.012483371100197514,1000,0,False
153,"Fatty acids, total trans-monoenoic",fatty_acid,2792,0.007042253521126761,-6.203582681218545e-05,-7.390708870008938e-06,-6.942653568219439e-05,-0.00020538122721035202,-0.0002748077628925464,521,-0.009858568066871581,-0.025283670215251536,0.005228384872160772,1000,0,False
154,"Fatty acids, total trans-polyenoic",fatty_acid,2496,0.007042253521126761,1.6174637825355775e-06,0.00015094785706727253,0.000152565320849808,-4.190500849050741e-05,0.00011066031235930059,457,0.02166427556067273,0.007113843041259558,0.03577226612547513,1000,0,False
155,"Folate, food",vitamin,17790,0.007042253521126761,-2.223612055962925e-05,2.950148372089605e-05,7.265363161266473e-06,0.00043617091524525355,0.00044343627840652,3170,0.0010316815688998482,-0.004163679885621607,0.006429388292457437,1000,0,False
156,"Folate, total",vitamin,21997,0.007042253521126761,2.7168568293647975e-05,-9.60315394466242e-06,1.7565414348985663e-05,0.0003453860397641959,0.00036295145411318155,3886,0.0024942888375559546,-0.002291453383561543,0.007549032454121905,1000,0,False
157,Folic acid,vitamin,17266,0.00704225352112676,-2.4317102458383836e-06,2.2568248931181866e-05,2.0136538685343536e-05,6.5683480823855965e-06,2.6704886767729133e-05,3100,0.002859388493318777,-0.0031629079837428627,0.00836214311286732,1000,0,False
158,Fructose,carbohydrate,10967,0.007042253521126761,6.0880828894980784e-05,-6.636297498365678e-05,-5.4821460886758915e-06,-0.0002271051457087851,-0.000232587291797461,1959,-0.0007784647445919777,-0.010688371163050488,0.008974141558263595,1000,0,False
159,Galactose,carbohydrate,8120,0.00704225352112676,-0.000542312640248856,0.00010188333802913309,-0.000440429302219723,6.63461985767732e-05,-0.0003740831036429498,1460,-0.0625409609152007,-0.08689803333093132,-0.03931694827053442,1000,0,False
160,Glucose,carbohydrate,11206,0.007042253521126761,-1.8046005983018195e-05,-6.326554129936109e-05,-8.131154728237885e-05,-8.89887010232333e-06,-9.021041738470218e-05,2003,-0.01154623971409782,-0.02173019473521384,-0.00023766884919356542,1000,0,False
161,Glutamic acid,amino_acid,8601,0.007042253521126761,4.33006030553225e-06,6.674913372574565e-06,1.1004973678106842e-05,8.752155427957722e-05,9.852652795768407e-05,1555,0.0015627062622911721,-0.00023797635038410244,0.00332619059500291,1000,0,False
162,Glycine,amino_acid,9525,0.007042253521126762,-5.543637062147878e-06,3.041491703019677e-06,-2.5021453591280926e-06,0.00011863620074509349,0.0001161340553859654,1713,-0.00035530464099619603,-0.0027010850317243634,0.0020864061779066355,1000,0,False
165,Heptadecanoic acid (17:0),fatty_acid,6293,0.007042253521126761,-3.75387033050843e-05,-2.835299205071175e-05,-6.589169535579605e-05,-2.546597552305482e-05,-9.135767087885087e-05,1138,-0.009356620740523047,-0.016455846893242376,-0.00341367174768168,1000,0,False
166,Heptadecenoic acid (17:1; isomer unspecified),fatty_acid,4818,0.00704225352112676,-4.261135548399675e-05,-1.5409008216543197e-06,-4.4152256305651175e-05,-8.674353044743686e-05,-0.00013089578675308804,880,-0.0062696203954024626,-0.018047114362917362,0.004947946587779722,1000,0,False
167,Hexadecanoic acid (16:0),fatty_acid,19586,0.007042253521126761,1.9944449429456796e-05,-2.1050744811022858e-05,-1.106295381566062e-06,0.00011515351120355811,0.00011404721582199205,3436,-0.00015709394418238464,-0.0028848406459087025,0.00228574869496541,1000,0,False
168,Hexadecenoic acid (16:1; cis/trans unspecified),fatty_acid,4679,0.007042253521126761,-8.84134333203468e-05,-5.7123332433099455e-05,-0.00014553676575344648,3.669582103883241e-05,-0.00010884094471461407,878,-0.020666220736989368,-0.032729637358224144,-0.008922602396987127,1000,0,False
169,Hexanoic acid (6:0),fatty_acid,14771,0.007042253521126761,3.631914574712584e-05,-5.2918859133907405e-05,-1.6599713386781568e-05,-8.78643284550018e-05,-0.00010446404184178337,2651,-0.0023571593009229855,-0.009042428479318293,0.0031619285617172175,1000,0,False
170,Histidine,amino_acid,8652,0.007042253521126761,-1.0357193012560859e-05,4.514014841944681e-07,-9.90579152836639e-06,0.00011988988475246961,0.00010998409322410322,1562,-0.001406622397028025,-0.0031733259206087484,0.00021744764361114776,1000,0,False
171,Hydroxyproline,amino_acid,1676,0.00704225352112676,3.178956488497132e-05,4.2692757461041634e-05,7.448232234601306e-05,2.330844309256843e-05,9.779076543858149e-05,299,0.010576489773133855,0.00012586669253290375,0.019943548532910353,1000,0,False
172,Insoluble dietary fibers,dietary_fibre,158,0.007042253521126761,2.8307837160110262e-05,-0.00021506583997066232,-0.0001867580028105519,-0.00010853642435099098,-0.0002952944271615429,20,-0.02651963639909839,-0.06694870156010917,0.014566564393845105,1000,0,True
173,Iron,mineral,32795,0.00704225352112676,-2.8013761321305495e-05,5.343130905654592e-05,2.5417547735240428e-05,0.0002362702950445307,0.00026168784277977113,5716,0.0036092917784041442,0.0004614832539631748,0.007185647491206403,1000,0,False
174,Isoleucine,amino_acid,8660,0.007042253521126761,-1.5047480306983944e-05,3.325094253046819e-05,1.820346222348426e-05,7.726769390007044e-05,9.54711561235547e-05,1564,0.0025848916357347654,0.0012799533504973377,0.0038639654365820284,1000,0,False
175,Isomeric linoleic acids (18:2),fatty_acid,44,0.007042253521126761,0.0007633121222128517,-0.0008712461164489746,-0.00010793399423612285,-0.00021358146908699452,-0.00032151546332311737,15,-0.015326627181529424,-0.21782408028169975,0.23609287642799096,1000,0,True
176,Isomeric linolenic acids (18:3),fatty_acid,68,0.00704225352112676,0.001536081468075308,0.00016467547111582038,0.0017007569391911297,-4.622393346976478e-05,0.001654533005721365,17,0.24150748536514033,-0.0709793606710194,0.7822640101141127,1000,0,True
177,Lactose,carbohydrate,10711,0.007042253521126761,1.6475172128635896e-05,1.348616491861907e-05,2.996133704725502e-05,-0.0001085616013591738,-7.860026431191877e-05,1909,0.00425450986071021,-0.0017835730634684261,0.01126842699219786,1000,0,False
178,Leucine,amino_acid,8661,0.007042253521126761,-6.160540768587551e-06,2.273822336469367e-05,1.6577682596106145e-05,4.148647546118765e-05,5.8064158057293794e-05,1562,0.0023540309286470655,0.0012295884244156177,0.003546293849989374,1000,0,False
179,Lignin,dietary_fibre,59,0.00704225352112676,0.0009338371518027753,0.0007284192710990227,0.0016622564229017982,-0.001211745429369695,0.00045051099353210326,17,0.23604041205205537,0.041178643271399376,0.5028857110657724,1000,0,True
180,Linoleic acid (18:2n-6),fatty_acid,7708,0.007042253521126761,-1.266308650902531e-05,5.747149440096561e-05,4.480840789194019e-05,-0.00017325135010399758,-0.0001284429422120574,1345,0.0063627939206555365,-0.001664373905752287,0.014096836098398012,1000,0,False
181,Lutein + zeaxanthin,vitamin,7134,0.007042253521126761,6.197744542331862e-05,3.2087313011750504e-05,9.406475843506956e-05,-0.00012516379821623418,-3.109903978116462e-05,1277,0.0133571956977798,-0.006141838422708199,0.03104920256495118,1000,0,False
182,Lycopene,vitamin,11469,0.007042253521126761,9.87852832971106e-05,-3.145757240772535e-05,6.732771088938528e-05,-5.292124271163718e-05,1.44064681777481e-05,2090,0.009560534946292706,0.003803417925516752,0.016291199432932304,1000,0,False
183,Lysine,amino_acid,8681,0.007042253521126761,-1.6907109951323456e-05,2.373265976561277e-05,6.8255498142893284e-06,9.46566621634381e-05,0.00010148221197772743,1571,0.0009692280736290816,-0.0009294234546725889,0.002781828946510926,1000,0,False
184,Magnesium,mineral,35492,0.007042253521126762,-3.263193028409377e-05,2.960860426872954e-05,-3.0233260153642288e-06,0.0002262891880111395,0.00022326586199577527,6213,-0.0004293122941817245,-0.0029191446368695326,0.002136854276986693,1000,0,False
185,Maltose,carbohydrate,10771,0.007042253521126761,4.534665386727362e-05,-6.477273309045666e-05,-1.9426079223183257e-05,-9.64367129935406e-05,-0.00011586279221672386,1924,-0.00275850324969201,-0.01209722383034168,0.006752368840561671,1000,0,False
186,Manganese,mineral,18010,0.007042253521126761,9.655322735132796e-06,2.5265982089883927e-05,3.492130482501705e-05,0.0001507793042843837,0.00018570060910940074,3266,0.0049588252851523905,-0.0008606997996187701,0.010301446965574468,1000,0,False
188,Menaquinone-4,vitamin,94,0.007042253521126761,-0.000139637850026352,0.0005357635542570315,0.0003961257042306794,-0.0001642852980433887,0.0002318404061872907,10,0.05624985000075648,-0.11023811353558353,0.28952405559056305,1000,0,True
189,Methionine,amino_acid,8681,0.007042253521126761,-5.544349530543899e-07,1.3155272077966648e-05,1.2600837124912231e-05,0.00013728217248512315,0.00014988300961003538,1570,0.0017893188717375435,-3.7536883853570554e-05,0.0036336332205984543,1000,0,False
190,Molybdenum,mineral,1011,0.007042253521126761,0.0001560234899455734,-0.00015257271373897712,3.450776206596288e-06,-0.00035679641827891014,-0.00035334564207231385,190,0.0004900102213366697,-0.03761302652350105,0.03805766444247563,1000,0,False
191,Niacin,vitamin,30892,0.00704225352112676,2.8570582471193246e-05,-4.6313129931160966e-05,-1.774254745996783e-05,0.00031453730748566317,0.00029679476002569534,5427,-0.0025194417393154364,-0.005648939910632814,0.0006135191401564627,1000,0,False
192,Nicotinic acid,vitamin,6362,0.007042253521126761,3.804816085214882e-05,-5.9354569379181296e-05,-2.1306408527032314e-05,5.2037814187174715e-05,3.07314056601424e-05,1168,-0.0030255100108385977,-0.009425844189344276,0.004467183125426387,1000,0,False
193,Octadecadienoic acid (18:2; isomer unspecified),fatty_acid,4923,0.007042253521126761,-1.1909654092124699e-05,2.888643446883601e-06,-9.021010645241098e-06,-0.0003632195582691977,-0.0003722405689144388,914,-0.0012809835116242428,-0.015128649376853855,0.013760724987665153,1000,0,False
194,Octadecanoic acid (18:0),fatty_acid,19517,0.007042253521126761,2.2973523099861955e-05,-5.060268153161008e-06,1.7913254946701055e-05,0.00014920150771925017,0.00016711476266595123,3429,0.0025436822024315427,-0.0007253585523017301,0.0057114311333202605,1000,0,False
195,Octadecatetraenoic acid (18:4; isomer unspecified),fatty_acid,3901,0.00704225352112676,-1.8007294537670572e-05,-1.243179253132719e-05,-3.0439087068997734e-05,-0.0001951500472156466,-0.00022558913428464433,719,-0.004322350363797677,-0.013417177120921853,0.0032404435792453084,1000,0,False
196,Octadecatrienoic acid (18:3; isomer unspecified),fatty_acid,4835,0.007042253521126761,6.093123942741037e-06,-1.114932008505526e-05,-5.056196142314007e-06,-7.221001056124509e-05,-7.72662067035591e-05,899,-0.0007179798522086097,-0.020540291514436485,0.017843718003651633,1000,0,False
197,Octadecenoic acid (18:1; cis/trans unspecified),fatty_acid,4910,0.007042253521126761,-7.0847423671168645e-06,3.665008477286272e-05,2.956534240574596e-05,-0.00028333987946009163,-0.00025377453705434567,912,0.0041982786216159095,-0.0069847918352899645,0.015902420211229888,1000,0,False
198,Octanoic acid (8:0),fatty_acid,15315,0.007042253521126761,9.665938952912556e-06,-4.5147655228308886e-05,-3.5481716275396384e-05,-0.00020570082970565646,-0.00024118254598105284,2755,-0.0050384037111062836,-0.014268856281513776,0.004549734608652782,1000,0,False
199,Pantothenic acid (vitamin B5),vitamin,16490,0.007042253521126761,3.1231286431488065e-05,-5.685002832535996e-05,-2.5618741893872112e-05,0.00037052372299998105,0.00034490498110610894,2974,-0.003637861348929822,-0.007609832392192398,0.00012943750684089712,1000,0,False
200,Pentadecanoic acid (15:0),fatty_acid,5999,0.00704225352112676,4.686492540044939e-06,-5.736948703655045e-05,-5.2682994496505405e-05,-7.535787802422935e-05,-0.00012804087252073475,1081,-0.007480985218503777,-0.01750463225067297,0.002333771151139463,1000,0,False
201,Pentadecenoic acid (15:1; isomer unspecified),fatty_acid,4236,0.007042253521126761,-0.0002778377677332347,1.1539148906778461e-05,-0.0002662986188264562,0.00015647213251568912,-0.00010982648631076709,777,-0.03781440387335675,-0.060015822831298866,-0.01912556786774183,1000,0,False
202,Phenylalanine,amino_acid,8673,0.00704225352112676,-5.948989693826693e-06,2.082384452234588e-05,1.4874854828519175e-05,4.902581396816041e-05,6.390066879667959e-05,1573,0.0021122293856497233,0.0008615656721767183,0.0034502035060976046,1000,0,False
203,Phosphorus,mineral,31130,0.007042253521126761,1.5350387372171904e-05,-6.812331662484831e-06,8.538055709687072e-06,0.00019254970105593333,0.0002010877567656204,5470,0.001212403910775557,-0.0006955781626940344,0.003208542802491855,1000,0,False
204,Phytosterols,sterol,398,0.007042253521126761,0.00011345599551732579,-3.8979984980214545e-05,7.44760105371113e-05,-0.0002841043944711136,-0.00020962838393400233,66,0.0105755934962698,-0.015453184494328094,0.0427425717070178,1000,0,False
205,Potassium,mineral,31399,0.007042253521126761,-1.211141980632152e-05,1.3108639673225912e-05,9.972198669043909e-07,0.00019753664163361365,0.00019853386150051804,5513,0.00014160522110041448,-0.00265364130700187,0.0029520808735218596,1000,0,False
206,Proline,amino_acid,8583,0.00704225352112676,4.471771446825371e-06,1.027478454492675e-06,5.499249901318019e-06,9.744880342558987e-05,0.00010294805332690789,1546,0.0007808934859871634,-0.0012738903548589783,0.0026436602129270748,1000,0,False
207,"Protein, total",macronutrient,26382,0.007042253521126761,-2.2050701447823133e-06,-2.133420695547112e-06,-4.338490840329425e-06,0.0001546443742961885,0.00015030588345585908,4633,-0.0006160656993267781,-0.002538411723703014,0.0012032170309135008,1000,0,False
208,Retinol,vitamin,28747,0.007042253521126761,4.008063280583297e-05,7.674202453565896e-06,4.775483525939887e-05,-1.4229266006967906e-05,3.352556925243096e-05,5057,0.006781186606834631,-0.0014106667165838926,0.015431673676494954,1000,0,False
209,Riboflavin (vitamin B2),vitamin,27092,0.007042253521126761,1.2669840342517018e-05,-5.35879184513895e-05,-4.0918078108872265e-05,0.00036932904978072387,0.0003284109716718516,4691,-0.005810367091459893,-0.008611548900809913,-0.0028762106584972677,1000,0,False
210,"Selenium, Se",mineral,24283,0.007042253521126761,9.39798591766247e-06,-1.2548230773891671e-05,-3.1502448562292003e-06,0.0003303768320380505,0.0003272265871818213,4249,-0.00044733476958454157,-0.0036674616851138956,0.0026510578933161186,1000,0,False
211,Serine,amino_acid,8568,0.007042253521126761,-1.1238776109392251e-06,1.718574200443456e-05,1.606186439349536e-05,6.730630351427469e-05,8.336816790777005e-05,1542,0.002280784743876339,0.0009174641289826435,0.003652754867013579,1000,0,False
212,Sodium,mineral,26623,0.007042253521126761,1.1859871806265332e-05,2.125776776318658e-05,3.311763956945191e-05,8.034713649753347e-05,0.00011346477606698538,4705,0.004702704818862172,-0.0008534534227473336,0.010415823980997788,1000,0,False
213,Sorbitol,carbohydrate,76,0.007042253521126762,0.00018443440228882197,-8.044263894823304e-05,0.00010399176334058887,-0.0010700563064601815,-0.0009660645431195926,14,0.014766830394363628,-0.06527517502083655,0.10445334683979497,1000,0,True
214,Starch,carbohydrate,7534,0.007042253521126761,-8.785271771400446e-06,-3.0084783163612458e-05,-3.8870054935012904e-05,-0.0002414513499402188,-0.0002803214048752317,1292,-0.005519547800771845,-0.012440899485084455,0.0011537201751697878,1000,0,False
215,Stearidonic acid,fatty_acid,835,0.007042253521126761,-1.3598937299158509e-08,8.864324452445952e-07,8.72833507945404e-07,-2.810750997998655e-05,-2.7234676472041148e-05,140,0.00012394235812824948,0.00010052752215261887,0.00014829801815034822,1000,0,False
216,Stigmasterol,sterol,210,0.007042253521126761,-0.0002817075213305208,0.0001967635406567458,-8.494398067377513e-05,-0.0003317879674267193,-0.0004167319481004944,48,-0.012062045255676062,-0.11791922071263888,0.09306491833724706,1000,0,False
217,Sucrose,carbohydrate,5683,0.007042253521126761,-9.014420298232399e-05,7.383568503920523e-05,-1.630851794311855e-05,-0.00024695799384505477,-0.0002632665117881733,1021,-0.002315809547922826,-0.0232927344417725,0.019382658180686806,1000,0,False
218,"Sugars, total",carbohydrate,18095,0.007042253521126761,5.6621764471243116e-05,-0.00012442334186970737,-6.780157739846426e-05,5.199615652548605e-05,-1.5805420872978208e-05,3185,-0.009627823990581931,-0.015731464063927742,-0.003400570334626883,1000,0,False
219,Sulfur,mineral,93,0.007042253521126761,-3.868733935679606e-05,0.0002336743495396943,0.00019498701018289813,-1.821827890716079e-05,0.00017676873127573734,20,0.02768815544597152,-0.0903055688116686,0.11723093672288065,1000,0,True
220,Tetracosanoic acid (24:0),fatty_acid,4423,0.007042253521126761,1.9499671095686262e-05,-4.073325887258173e-05,-2.1233587776895357e-05,-3.1751018384139915e-05,-5.298460616103527e-05,806,-0.0030151694643191485,-0.017291331506848095,0.010907541842114264,1000,0,False
221,Tetradecanoic acid (14:0),fatty_acid,18875,0.007042253521126761,3.350541764493109e-05,-3.277204873498884e-05,7.333689099420313e-07,4.882002179959662e-06,5.615371089901693e-06,3308,0.00010413838521178029,-0.006922548103596806,0.007944123262685964,1000,0,False
222,Tetradecenoic acid (14:1; isomer unspecified),fatty_acid,5438,0.007042253521126761,2.552463808298995e-05,-4.101438388774453e-06,2.142319969421539e-05,-0.0001437960233857153,-0.00012237282369149992,1002,0.003042094356578604,-0.004617011388402167,0.011079080765960784,1000,0,False
223,Thiamin (vitamin B1),vitamin,29067,0.00704225352112676,7.3742545654672175e-06,-1.2415811661318447e-05,-5.041557095851121e-06,0.00028970425239154864,0.0002846626952956975,5049,-0.000715901107610856,-0.0044010259431671046,0.002696207045987097,1000,0,False
224,Threonine,amino_acid,8656,0.00704225352112676,-4.927979819061378e-06,1.2384645940551314e-05,7.456666121489922e-06,8.67557081131164e-05,9.421237423460632e-05,1560,0.001058846589251569,-0.0001562485888363655,0.002285548595529274,1000,0,False
225,"Tocopherol, beta",vitamin,7747,0.007042253521126761,5.142797801000148e-05,-8.922367393574481e-05,-3.779569592574322e-05,9.43923982593129e-05,5.659670233356968e-05,1452,-0.005366988821455525,-0.01625692166790302,0.0054405815942443645,1000,0,False
226,"Tocopherol, delta",vitamin,7687,0.007042253521126761,8.827251160434951e-05,-8.96385248122701e-05,-1.3660132079204752e-06,-0.0001039769862036439,-0.00010534299941156438,1454,-0.00019397387552473955,-0.012992934276660262,0.012193971516316748,1000,0,False
227,"Tocopherol, gamma",vitamin,8262,0.007042253521126761,7.549299414182672e-05,-6.588191818835917e-05,9.611075953467555e-06,-0.00010462699055212603,-9.501591459865847e-05,1548,0.0013647727853924039,-0.012633363819457122,0.015552987592208245,1000,0,False
228,"Tocotrienol, alpha",vitamin,5437,0.007042253521126761,2.8473794140482754e-05,-2.6988233356725795e-05,1.485560783756959e-06,-0.00023307372460662197,-0.00023158816382286502,1033,0.00021094963129347996,-0.019435304267383095,0.019168138583832282,1000,0,False
229,"Tocotrienol, beta",vitamin,1186,0.00704225352112676,9.882020808720118e-05,-4.859617895973026e-05,5.0224029127470915e-05,-0.00015958092082261454,-0.00010935689169514363,237,0.007131812136100869,-0.01951182162837824,0.03523279077976588,1000,0,False
230,"Tocotrienol, delta",vitamin,1161,0.007042253521126761,-1.5240689991630261e-07,3.0373332602454313e-06,2.8849263603291384e-06,-0.0002560602948699908,-0.00025317536850966166,235,0.0004096595431667388,0.0003780468665929476,0.0004404861006293784,1000,0,False
231,"Tocotrienol, gamma",vitamin,1167,0.007042253521126761,-5.975076113624248e-05,-8.330226165896982e-05,-0.00014305302279521252,0.0002686443973659953,0.0001255913745707828,233,-0.020313529236920147,-0.0786654899896264,0.03367822376521203,1000,0,False
232,Tridecanoic acid (13:0),fatty_acid,668,0.007042253521126761,-1.0858091512120239e-08,2.777435337205623e-07,2.668854422085e-07,-5.591360158243056e-05,-5.564671614022206e-05,109,3.789773279359831e-05,1.2380195093467812e-05,6.453422308683e-05,1000,0,False
233,Tryptophan,amino_acid,15731,0.007042253521126761,3.999865713152722e-06,-2.4044959242924867e-05,-2.0045093529772145e-05,0.00018715656264617743,0.0001671114691164053,2819,-0.002846403281227657,-0.005087136889599209,-0.0005105342412779362,1000,0,False
234,Tyrosine,amino_acid,8612,0.00704225352112676,7.533661412642751e-06,3.5071675932917077e-07,7.884378171971922e-06,0.00010098641086063502,0.00010887078903260694,1553,0.0011195817004200131,-0.0004932667568143069,0.0027402664010631925,1000,0,False
235,Valine,amino_acid,8661,0.007042253521126761,-4.871354970479918e-06,1.884453216362527e-05,1.397317719314538e-05,6.690892970200068e-05,8.088210689514606e-05,1566,0.00198419116142664,0.0008086078608678281,0.003240209717722751,1000,0,False
236,Vitamin B6 - Pyridoxin,vitamin,1774,0.007042253521126761,-3.6332735756635336e-05,5.306766371832093e-05,1.673492796168581e-05,4.294046825465249e-05,5.9675396216338304e-05,282,0.0023763597705593635,-0.011614842264830777,0.017372447282544275,1000,0,False
237,Vitamin D (D2 + D3),vitamin,27304,0.007042253521126761,9.587601021342294e-05,-3.6535872356819135e-05,5.9340137856603694e-05,-1.3818133176079182e-05,4.552200468052451e-05,4761,0.008426299575637725,0.0009534217336761958,0.016312960468461563,1000,0,False
238,Vitamin D2 (ergocalciferol),vitamin,6511,0.007042253521126761,-0.00032156658466282804,9.088015666491125e-05,-0.00023068642799791653,-0.00011743281335075892,-0.00034811924134867545,1168,-0.032757472775704156,-0.0501964705726504,-0.01489540039635672,1000,0,False
239,Water,food_matrix,30210,0.007042253521126761,-3.1698575060659336e-06,-1.4344564777416251e-05,-1.751442228348221e-05,0.00013769783509828538,0.00012018341281480317,5247,-0.002487047964254476,-0.004052977966294949,-0.0009210420571389974,1000,0,False
241,Zinc,mineral,31918,0.00704225352112676,-6.759415489376039e-06,4.6918902871218287e-07,-6.290226460663965e-06,0.0002556024797728694,0.00024931225331220543,5536,-0.0008932121574142825,-0.0035884614373017485,0.0019224587333089762,1000,0,False
242,"cis,cis-Eicosadienoic acid (20:2n-6)",fatty_acid,1216,0.007042253521126761,2.5058141815634542e-05,9.52946679365173e-06,3.458760860928622e-05,-0.0003223903425770172,-0.000287802733967731,250,0.004911440422518638,-0.013265544553605924,0.0253800907306168,1000,0,False
243,cis-Docosenoic acid (22:1 cis),fatty_acid,298,0.007042253521126761,0.0004289183347853582,0.00042404606416419845,0.0008529643989495569,-4.7426925534705885e-05,0.000805537473414851,70,0.12112094465083706,0.036641536227148226,0.21062702581313972,1000,0,False
244,cis-Hexadecenoic acid (16:1 cis),fatty_acid,385,0.007042253521126761,3.6647141889404743e-06,1.6505520314867626e-05,2.01702345038081e-05,-0.00018169704767994743,-0.00016152681317613932,87,0.0028641732995407523,-0.013328354126338576,0.018616068176846325,1000,0,False
245,cis-Octadecenoic acid (18:1 cis),fatty_acid,759,0.007042253521126761,1.4114928821725879e-05,-6.330346009884337e-05,-4.918853127711749e-05,-0.00017760134646701425,-0.00022678987774413174,153,-0.006984771441350683,-0.030399560666976144,0.012560363947938746,1000,0,False
246,cis-Tetracosenoic acid (24:1 cis),fatty_acid,461,0.00704225352112676,0.0003218106086766971,-0.00017484410026042784,0.00014696650841626926,-0.0007793475403796431,-0.0006323810319633738,108,0.020869244195110253,-0.042693372818094086,0.08442388315300609,1000,0,False
247,"trans,trans-Linoleic acid (18:2 trans,trans)",fatty_acid,172,0.007042253521126761,5.631565328427892e-05,-0.00033043174254424187,-0.00027411608925996295,-0.0001309018751804213,-0.00040501796444038425,21,-0.038924484674914744,-0.1306441422865,0.02642740755362798,1000,0,True
248,trans-Docosenoic acid (22:1 trans),fatty_acid,224,0.007042253521126761,-3.158832276367249e-07,3.610868203026488e-06,3.2949849753898105e-06,-0.00028099051477571116,-0.00027769552980032135,51,0.0004678878665053529,0.0003542815897948913,0.0005716482012256204,1000,0,False
249,trans-Hexadecenoic acid (16:1 trans),fatty_acid,287,0.007042253521126761,-3.154424298145933e-05,5.4438371403460364e-05,2.289412842200098e-05,-0.0004165246473114018,-0.0003936305188894008,66,0.0032509662359241414,-0.01354233497704923,0.020038933461539784,1000,0,False
250,trans-Linoleic acid (18:2; isomer unspecified),fatty_acid,335,0.007042253521126761,3.2879083049685816e-05,-7.29246530066296e-05,-4.004556995694389e-05,-0.0003031434597943279,-0.0003431890297512718,75,-0.0056864709338860205,-0.046866175360438536,0.029055052146693714,1000,0,False
251,trans-Octadecenoic acid (18:1 trans),fatty_acid,774,0.007042253521126761,-3.772803004467259e-05,5.4971748348842434e-05,1.7243718304169953e-05,-0.0005547668740755981,-0.0005375231557714281,154,0.0024486079991921255,-0.05743325654158319,0.05355435171698056,1000,0,False
