axis_index,canonical_name,mask_family,training_candidates,macro_weight,capacity256_minus_mae_under,capacity256_minus_mae_over,capacity256_minus_mae_mae,mae_minus_rf,capacity256_minus_rf,candidate_support,candidate_minus_baseline,difference_95_low,difference_95_high,valid_resamples,resamples_without_axis_support,sparse_support_below_30
104,Alanine,amino_acid,8576,0.007042253521126761,2.8068340843867632e-06,4.0427312244748636e-05,4.32341463291354e-05,7.886337636714728e-05,0.00012209752269628268,1547,0.006139248778737241,0.004312979784573514,0.007967271826497865,1000,0,False
105,Arachidonic acid (20:4n-6),fatty_acid,6814,0.007042253521126761,3.237612465817417e-05,5.278330257406025e-05,8.515942723223442e-05,3.217703034824734e-05,0.00011733645758048175,1128,0.01209263866697727,0.0027351918132157847,0.02038477960954191,1000,0,False
106,Arginine,amino_acid,9593,0.007042253521126761,2.530864640208462e-05,4.1058115257464175e-05,6.63667616595488e-05,8.133576764117603e-05,0.00014770252930072482,1727,0.00942408015565593,0.006911412020784508,0.012122188906198369,1000,0,False
107,Ascorbic acid (vitamin C),vitamin,586,0.007042253521126761,0.00021051345294543036,3.6048111565825484e-05,0.0002465615645112556,-0.0005319564060804207,-0.00028539484156916506,102,0.035011742160598325,-0.038624698060607324,0.11060691663062837,1000,0,False
108,Ash,food_matrix,20257,0.007042253521126761,4.686782086216776e-05,-3.8375130100582974e-05,8.492690761584785e-06,0.00020379860700578997,0.00021229129776737475,3606,0.0012059620881450376,-0.0010447627507364518,0.00349596831961509,1000,0,False
109,Aspartic acid,amino_acid,8432,0.007042253521126761,6.079735446109158e-06,3.0777336111466384e-05,3.685707155757557e-05,8.518173358895725e-05,0.00012203880514653282,1519,0.00523370416117573,0.0033014244479411905,0.006952342104174963,1000,0,False
110,Available carbohydrate,macronutrient,4210,0.007042253521126761,0.00014422155662293745,1.5379832189650242e-05,0.0001596013888125877,-0.00014003235111719825,1.956903769538944e-05,756,0.02266339721138746,0.012753032238938011,0.033016378568986864,1000,0,False
111,Beta-sitosterol,sterol,207,0.007042253521126761,0.00018884726013925466,4.138053552948218e-05,0.0002302277956687368,-0.00022085023960862686,9.377556060109933e-06,48,0.03269234698496063,-0.013255078409382394,0.08711710758812624,1000,0,False
112,Betaine,amino_acid,2764,0.007042253521126761,0.00017708363982391355,4.39615830165398e-05,0.00022104522284045335,-4.213573672307231e-05,0.00017890948611738104,498,0.031388421643344384,0.015651183325310403,0.04959486986883386,1000,0,False
113,Biotin,vitamin,9884,0.00704225352112676,0.00043228669217370056,8.113405274039957e-05,0.0005134207449141001,8.078803146048964e-05,0.0005942087763745898,1768,0.07290574577780205,0.04466787791184612,0.1023126595593601,1000,0,False
114,Butyric acid (4:0),fatty_acid,12666,0.007042253521126761,3.987055191544928e-05,2.8235457562790977e-05,6.81060094782402e-05,-2.9160414856106254e-05,3.894559462213395e-05,2269,0.009671053345910122,0.0025300173631544504,0.016327642637935742,1000,0,False
115,Calcium,mineral,39116,0.007042253521126761,0.00014089815493087995,1.2475149708076195e-05,0.00015337330463895604,0.00035258459525532655,0.0005059578998942826,6878,0.02177900925873174,0.017044514421208263,0.026954218364341843,1000,0,False
116,Campesterol,sterol,171,0.007042253521126761,-5.8768046617016295e-05,-0.00023045369923835248,-0.00028922174585536867,-0.0006610863746877645,-0.0009503081205431332,36,-0.04106948791146236,-0.10416758568171534,0.03661814057191899,1000,0,False
117,"Carotene, alpha",vitamin,13702,0.007042253521126761,0.00027097150751388775,-0.00013040769392567373,0.00014056381358821396,-5.157873638772536e-05,8.89850772004886e-05,2524,0.019960061529526424,0.010384040770657764,0.03021617908396182,1000,0,False
118,"Carotene, beta",vitamin,20968,0.007042253521126761,0.0002747183520553629,7.579235517713736e-05,0.0003505107072324996,-4.080750255101937e-05,0.00030970320468148025,3736,0.049772520427015014,0.03659281222800124,0.06279128762885666,1000,0,False
119,Cellulose,dietary_fibre,69,0.007042253521126761,0.0005445312231179473,-0.00016674564388851265,0.00037778557922943466,0.00027140129570997354,0.0006491868749394082,15,0.053645552250579695,-0.03947261142449201,0.17121039458723303,1000,0,True
120,Chloride,mineral,1874,0.00704225352112676,1.7575199887792767e-05,0.00010873529757338943,0.00012631049746118198,-0.00023963888254607889,-0.00011332838508489691,343,0.017936090639487867,0.0017540034506633704,0.03551727492868471,1000,0,False
121,Cholecalciferol (vitamin D3),vitamin,3865,0.00704225352112676,0.0005346489932354873,-0.00017006643990266114,0.00036458255333282597,-0.00022182950710255482,0.00014275304623027115,695,0.05177072257326129,0.017183856723848853,0.08780010136558508,1000,0,False
122,Cholesterol,sterol,22719,0.007042253521126761,0.00010484451908573207,4.199305158322471e-06,0.00010904382424405449,0.00031393838141121776,0.00042298220565527224,3992,0.015484223042655754,0.012205754959253318,0.019329898775486392,1000,0,False
123,"Choline, total",vitamin,10549,0.007042253521126761,4.345327579422545e-05,1.549352838046763e-05,5.894680417469313e-05,0.0003325239732336158,0.00039147077740830894,1897,0.008370446192806403,0.00513584442546422,0.011555213745599868,1000,0,False
124,Chromium,mineral,1560,0.007042253521126761,1.452078467811032e-05,0.0001286919657898112,0.00014321275046792195,-0.00020600280314065971,-6.279005267273777e-05,278,0.020336210566444867,-0.03774890206750191,0.0785616483918525,1000,0,False
125,Cobalamin (vitamin B12),vitamin,25560,0.007042253521126761,0.00010557590135238477,1.231358578972138e-05,0.00011788948714210631,0.00018318270328209082,0.00030107219042419713,4402,0.01674030717417903,0.011516637111369792,0.022280477291237517,1000,0,False
126,Conjugated linoleic acids (18:2 CLA isomers),fatty_acid,469,0.00704225352112676,4.7675124739248505e-05,2.3431208618563207e-05,7.110633335781177e-05,-0.00038563950148932913,-0.00031453316813151737,98,0.010097099336809263,-0.02255046361710191,0.050522376813040164,1000,0,False
127,Copper,mineral,28684,0.007042253521126761,7.175241199777727e-05,4.6455908606369114e-05,0.00011820832060414638,0.00032316335080451804,0.0004413716714086644,5038,0.016785581525788774,0.012466784149806535,0.02095554858722608,1000,0,False
128,"Cryptoxanthin, beta",vitamin,13291,0.007042253521126761,3.843701309145077e-05,2.0599307739745386e-06,4.049694386542538e-05,-8.060046082783824e-05,-4.0103516962412865e-05,2450,0.005750566028890403,0.0032142888490748187,0.00850402307829888,1000,0,False
129,Cystine,amino_acid,8477,0.007042253521126761,4.492092995583358e-06,2.731664194048839e-05,3.1808734936071776e-05,0.00013488416338135705,0.00016669289831742882,1531,0.004516840360922187,0.0024526079290453115,0.006619058127166261,1000,0,False
130,Decanoic acid (10:0),fatty_acid,16906,0.007042253521126761,0.00013227247665617786,5.943919182053439e-05,0.00019171166847671236,-0.00021393827278441409,-2.2226604307701726e-05,2996,0.027223056923693104,0.01609295431876493,0.038874874556437546,1000,0,False
131,"Dietary fibre, total",macronutrient,14402,0.007042253521126761,3.550340119164164e-05,-5.938671649875077e-07,3.490953402665413e-05,0.0003077468766238949,0.00034265641065054904,2543,0.004957153831784868,0.0005165990108067569,0.009752073468903132,1000,0,False
132,Docosahexaenoic acid (DHA; 22:6n-3),fatty_acid,16450,0.00704225352112676,0.00011292884875963786,-3.946216934097102e-06,0.00010898263182554087,-0.0001293274233943833,-2.0344791568842422e-05,2886,0.015475533719226818,0.006304075931935835,0.02437975593859934,1000,0,False
133,Docosanoic acid (22:0),fatty_acid,5733,0.007042253521126761,0.00015540041747411125,0.00012290668106050497,0.0002783070985346162,-9.062388582245268e-05,0.00018768321271216354,1047,0.039519607991915444,0.024388387262015275,0.05528412175416228,1000,0,False
134,Docosapentaenoic acid (DPA; 22:5n-3),fatty_acid,16689,0.00704225352112676,5.541918078048305e-05,4.447487475737414e-05,9.98940555378573e-05,7.19411294659273e-05,0.0001718351850037846,2934,0.014184955886375722,0.008079461570626337,0.02007981149868806,1000,0,False
135,Docosatetraenoic acid (22:4; isomer unspecified),fatty_acid,335,0.007042253521126761,0.00029823754681660515,-4.3310765726998183e-05,0.0002549267810896072,-0.00029837420970842046,-4.3447428618813245e-05,75,0.036199602914724203,0.009508547210158256,0.06475911120061091,1000,0,False
136,Docosenoic acid (22:1; cis/trans unspecified),fatty_acid,3902,0.007042253521126761,0.0003676751786816896,-0.0001900998649796507,0.00017757531370203897,-0.00030239124462198657,-0.0001248159309199476,733,0.02521569454568953,-0.002033089906465767,0.058051076736947385,1000,0,False
137,Dodecanoic acid (12:0),fatty_acid,19138,0.007042253521126762,0.00012279243760412875,0.00012376617891826972,0.0002465586165223987,-0.0001718425795522679,7.47160369701308e-05,3352,0.03501132354618056,0.020713042720504615,0.049979583840326275,1000,0,False
138,Eicosanoic acid (20:0),fatty_acid,5470,0.007042253521126761,-8.91537839481588e-06,7.423907607518113e-05,6.532369768036525e-05,0.00019854921975300975,0.000263872917433375,998,0.009275965070611871,-0.0014066166182910994,0.02051127989551413,1000,0,False
139,Eicosapentaenoic acid (EPA; 20:5n-3),fatty_acid,18180,0.007042253521126761,4.585253964517792e-05,-6.983746758602448e-06,3.886879288657547e-05,-9.135554491150914e-05,-5.248675202493367e-05,3202,0.005519368589893714,-0.004329526075209052,0.014112484139415096,1000,0,False
140,Eicosatetraenoic acid (20:4; isomer unspecified),fatty_acid,4211,0.00704225352112676,5.893574176491455e-05,-1.0298385182422743e-05,4.863735658249186e-05,9.619969615807448e-06,5.825732619829931e-05,772,0.0069065046347138335,-0.003720879666225921,0.018203259148447736,1000,0,False
141,Eicosatrienoic acid (20:3; isomer unspecified),fatty_acid,1065,0.007042253521126762,0.00026533492825018493,-0.00016600520623546262,9.932972201472231e-05,-0.00012376424179688975,-2.443451978216744e-05,224,0.014104820526090564,-0.020870171382296496,0.048182421722829806,1000,0,False
142,Eicosatrienoic acid (20:3n-3),fatty_acid,318,0.007042253521126761,2.709109490926987e-05,8.237562433739145e-05,0.00010946671924666126,-0.00019674156486392913,-8.727484561726786e-05,63,0.015544274133025901,-0.015596458335430382,0.0454979087175653,1000,0,False
143,Eicosatrienoic acid (20:3n-6),fatty_acid,1284,0.00704225352112676,1.0114610699339167e-05,9.212436126092364e-05,0.00010223897196026297,-0.00010170500724189198,5.339647183709873e-07,230,0.014517934018357317,-0.0024235331657005334,0.0286766124819877,1000,0,False
144,Eicosenoic acid (20:1; isomer unspecified),fatty_acid,14951,0.007042253521126761,3.6659362988317764e-05,8.046503173381777e-05,0.00011712439472213554,0.00021924899456655716,0.0003363733892886927,2654,0.016631664050543227,0.008799095170421142,0.024745545307526512,1000,0,False
147,Ethanol,ethanol,17741,0.007042253521126761,-3.585667564029297e-08,8.087215790529348e-07,7.728649034126415e-07,1.0590068598349608e-05,1.136293350176225e-05,3138,0.00010974681628459476,0.00010260388250911312,0.00011635335313804012,1000,0,False
148,"Fat, total",macronutrient,27749,0.007042253521126761,4.758550342593527e-05,1.842460608750897e-05,6.601010951344424e-05,0.0001226978455351611,0.00018870795504860534,4833,0.009373435550909087,0.006478106609127778,0.012461790438119033,1000,0,False
149,"Fatty acids, total monounsaturated",fatty_acid,22471,0.007042253521126761,-9.299129223740534e-06,5.372467647081985e-05,4.442554724707931e-05,0.00018351086976723654,0.00022793641701431585,3886,0.006308427709085282,0.004108107648910776,0.008713952889050854,1000,0,False
150,"Fatty acids, total polyunsaturated",fatty_acid,22517,0.007042253521126761,7.294398990367e-05,5.125765288815248e-05,0.00012420164279182237,0.0001647545163842802,0.00028895615917610257,3896,0.017636633276438822,0.012875247922595819,0.021953701386572707,1000,0,False
151,"Fatty acids, total saturated",fatty_acid,23183,0.007042253521126761,2.3236951445734907e-05,5.75386901306823e-05,8.077564157641726e-05,7.714100934072597e-05,0.00015791665091714324,4023,0.011470141103851273,0.00833925624068195,0.014248549029994364,1000,0,False
152,"Fatty acids, total trans",fatty_acid,6323,0.007042253521126761,2.1248640720449973e-05,9.20095890869216e-05,0.00011325822980737146,-4.903334587098591e-05,6.422488393638555e-05,1172,0.016082668632646728,0.007906500565336361,0.024067850466797214,1000,0,False
153,"Fatty acids, total trans-monoenoic",fatty_acid,2792,0.007042253521126761,0.00011283878593689465,0.00010318471161885215,0.0002160234975557469,-0.00020538122721035202,1.0642270345394885e-05,521,0.03067533665291601,0.006461665334979685,0.05564500424666259,1000,0,False
154,"Fatty acids, total trans-polyenoic",fatty_acid,2496,0.007042253521126761,2.2265058021416276e-06,0.00026135599839070454,0.00026358250419284595,-4.190500849050741e-05,0.00022167749570233854,457,0.037428715595384146,0.018381349976529352,0.05637352485153691,1000,0,False
155,"Folate, food",vitamin,17790,0.007042253521126761,8.864601680453926e-05,6.625894366830368e-05,0.00015490496047284273,0.00043617091524525355,0.0005910758757180963,3170,0.021996504387143664,0.016044434261778956,0.02793098391761239,1000,0,False
156,"Folate, total",vitamin,21997,0.007042253521126761,0.0001339667081935792,0.00011221161917548939,0.0002461783273690686,0.0003453860397641959,0.0005915643671332645,3886,0.03495732248640778,0.028036760174310688,0.04199076984553019,1000,0,False
157,Folic acid,vitamin,17266,0.00704225352112676,0.0001487203728215851,2.0428800156990594e-05,0.00016914917297857564,6.5683480823855965e-06,0.00017571752106096124,3100,0.02401918256295769,0.017423629402850898,0.0310853065316615,1000,0,False
158,Fructose,carbohydrate,10967,0.007042253521126761,2.6901779859281067e-05,8.853019675516692e-05,0.00011543197661444799,-0.0002271051457087851,-0.00011167316909433712,1959,0.0163913406792516,0.005423842169008681,0.02735907014007711,1000,0,False
159,Galactose,carbohydrate,8120,0.00704225352112676,-7.205994630053378e-07,2.3633898112833027e-05,2.291329864982758e-05,6.63461985767732e-05,8.925949722660077e-05,1460,0.003253688408275532,-0.001299325672799736,0.008459488736488824,1000,0,False
160,Glucose,carbohydrate,11206,0.007042253521126761,1.853378565766354e-05,4.154061667184972e-05,6.007440232951326e-05,-8.89887010232333e-06,5.117553222718993e-05,2003,0.008530565130790852,-0.0027657860561749407,0.019614080985537193,1000,0,False
161,Glutamic acid,amino_acid,8601,0.007042253521126761,-8.720090707652311e-07,4.607783330421269e-05,4.5205824233447483e-05,8.752155427957722e-05,0.0001327273785130247,1555,0.00641922704114954,0.004376680298594504,0.00831968040818102,1000,0,False
162,Glycine,amino_acid,9525,0.007042253521126762,4.430180145145203e-06,4.212847263515698e-05,4.655865278030229e-05,0.00011863620074509349,0.00016519485352539578,1713,0.006611328694802914,0.0038941031898668318,0.009346131693805685,1000,0,False
165,Heptadecanoic acid (17:0),fatty_acid,6293,0.007042253521126761,6.187440602399997e-06,0.00010298753672740668,0.00010917497732980657,-2.546597552305482e-05,8.370900180675175e-05,1138,0.015502846780832552,0.0070464218680298014,0.023731362152351058,1000,0,False
166,Heptadecenoic acid (17:1; isomer unspecified),fatty_acid,4818,0.00704225352112676,3.8867778252061366e-05,0.00013097664567560672,0.00016984442392766808,-8.674353044743686e-05,8.310089348023122e-05,880,0.024117908197728837,0.01087663163190588,0.03651522858213217,1000,0,False
167,Hexadecanoic acid (16:0),fatty_acid,19586,0.007042253521126761,4.604947500047601e-05,5.899342713602465e-05,0.00010504290213650066,0.00011515351120355811,0.00022019641334005877,3436,0.01491609210338312,0.01181535988205115,0.018328452239148564,1000,0,False
168,Hexadecenoic acid (16:1; cis/trans unspecified),fatty_acid,4679,0.007042253521126761,5.0525901812669837e-05,-7.449584680711591e-06,4.307631713195803e-05,3.669582103883241e-05,7.977213817079044e-05,878,0.006116837032738048,-0.005898841874791703,0.01975122655008693,1000,0,False
169,Hexanoic acid (6:0),fatty_acid,14771,0.007042253521126761,8.723556438268226e-05,-3.9133550005955174e-06,8.33222093820868e-05,-8.78643284550018e-05,-4.5421190729150055e-06,2651,0.011831753732256327,0.00511096018423795,0.017663472433724906,1000,0,False
170,Histidine,amino_acid,8652,0.007042253521126761,-1.9907153214996514e-06,2.822953351357539e-05,2.623881819207571e-05,0.00011988988475246961,0.00014612870294454533,1562,0.003725912183274755,0.0016543709308087203,0.005925324764396858,1000,0,False
171,Hydroxyproline,amino_acid,1676,0.00704225352112676,-1.411463956535629e-05,0.0001213570006994765,0.00010724236113412029,2.330844309256843e-05,0.00013055080422668872,299,0.015228415281045083,0.003010448362137231,0.025952274619438113,1000,0,False
172,Insoluble dietary fibers,dietary_fibre,158,0.007042253521126761,-4.682097155903959e-05,0.0005435092435386987,0.0004966882719796592,-0.00010853642435099098,0.0003881518476286682,20,0.07052973462111159,0.022419272412275943,0.12876904151694643,1000,0,True
173,Iron,mineral,32795,0.00704225352112676,7.028468034467892e-05,7.613906251868773e-05,0.00014642374286336665,0.0002362702950445307,0.00038269403790789735,5716,0.020792171486598014,0.016581973971149237,0.025091702380735572,1000,0,False
174,Isoleucine,amino_acid,8660,0.007042253521126761,5.400193101108477e-06,4.103147811011448e-05,4.643167121122293e-05,7.726769390007044e-05,0.00012369936511129337,1564,0.00659329731199367,0.005052071384832217,0.008043009866789788,1000,0,False
175,Isomeric linoleic acids (18:2),fatty_acid,44,0.007042253521126761,0.001162716387477844,-0.0007851376774290278,0.0003775787100488161,-0.00021358146908699452,0.0001639972409618216,15,0.053616176826931886,-0.12623580233931464,0.23786335741905884,1000,0,True
176,Isomeric linolenic acids (18:3),fatty_acid,68,0.00704225352112676,0.001596750261217196,-0.0023061146678235982,-0.0007093644066064018,-4.622393346976478e-05,-0.0007555883400761666,17,-0.10072974573810911,-0.6448011276912313,0.444110971072482,1000,0,True
177,Lactose,carbohydrate,10711,0.007042253521126761,6.231066958881109e-05,7.766105198519688e-06,7.007677478733083e-05,-0.0001085616013591738,-3.848482657184296e-05,1909,0.009950902019800966,0.0026967029744116317,0.017471341316626584,1000,0,False
178,Leucine,amino_acid,8661,0.007042253521126761,1.554142159824974e-06,4.341905688273756e-05,4.497319904256256e-05,4.148647546118765e-05,8.645967450375021e-05,1562,0.006386194264043891,0.004892879908716574,0.0078852756839738,1000,0,False
179,Lignin,dietary_fibre,59,0.00704225352112676,0.0016114667936389768,0.0007040717823103273,0.002315538575949304,-0.001211745429369695,0.0011037931465796092,17,0.32880647778480115,0.031659244690105774,0.6668330167601009,1000,0,True
180,Linoleic acid (18:2n-6),fatty_acid,7708,0.007042253521126761,0.00011650743709902382,5.56678794220608e-05,0.00017217531652108462,-0.00017325135010399758,-1.0760335829129546e-06,1345,0.024448894945994018,0.01544905575666228,0.0333445421318349,1000,0,False
181,Lutein + zeaxanthin,vitamin,7134,0.007042253521126761,0.00029669275916762534,-1.8393421658262788e-06,0.0002948534170017993,-0.00012516379821623418,0.0001696896187855651,1277,0.04186918521425545,0.022678787127283252,0.061534610043137546,1000,0,False
182,Lycopene,vitamin,11469,0.007042253521126761,0.00014688370150612033,-5.066909782785049e-05,9.621460367826987e-05,-5.292124271163718e-05,4.329336096663269e-05,2090,0.013662473722314307,0.006358536979762837,0.021641533238957424,1000,0,False
183,Lysine,amino_acid,8681,0.007042253521126761,1.7531267945398554e-06,4.336490110070065e-05,4.5118027895240504e-05,9.46566621634381e-05,0.0001397746900586786,1571,0.00640675996112416,0.004396634896335477,0.00846142740015481,1000,0,False
184,Magnesium,mineral,35492,0.007042253521126762,5.745451834992708e-05,2.0072101591696312e-05,7.752661994162328e-05,0.0002262891880111395,0.0003038158079527628,6213,0.011008780031710491,0.008349872062799893,0.013834635671918517,1000,0,False
185,Maltose,carbohydrate,10771,0.007042253521126761,6.863590583510381e-05,-4.0253779410486315e-07,6.823336804099894e-05,-9.64367129935406e-05,-2.8203344952541657e-05,1924,0.009689138261821833,-0.0003267595377027843,0.01901561381595822,1000,0,False
186,Manganese,mineral,18010,0.007042253521126761,0.00012461115482020847,4.450271736747692e-05,0.0001691138721876856,0.0001507793042843837,0.0003198931764720693,3266,0.02401416985065138,0.018179543160051482,0.029869858437634112,1000,0,False
188,Menaquinone-4,vitamin,94,0.007042253521126761,-4.148893140843899e-05,-4.914410105564453e-05,-9.063303246408362e-05,-0.0001642852980433887,-0.00025491833050747233,10,-0.012869890609899862,-0.10480820582347136,0.0683528455472116,1000,0,True
189,Methionine,amino_acid,8681,0.007042253521126761,7.243371464129406e-06,3.434746421042477e-05,4.1590835674554173e-05,0.00013728217248512315,0.00017887300815967733,1570,0.005905898665786696,0.004006799713172809,0.00777563577793549,1000,0,False
190,Molybdenum,mineral,1011,0.007042253521126761,0.00010372366607646483,0.0001870293530685499,0.0002907530191450145,-0.00035679641827891014,-6.604339913389564e-05,190,0.04128692871859208,-0.0005362421990719196,0.08150802608421283,1000,0,False
191,Niacin,vitamin,30892,0.00704225352112676,6.236050247506505e-05,8.197876416205191e-05,0.00014433926663711696,0.00031453730748566317,0.0004588765741227801,5427,0.020496175862470534,0.0163989889376835,0.02444177507382535,1000,0,False
192,Nicotinic acid,vitamin,6362,0.007042253521126761,6.399163655998116e-05,7.498549217029352e-05,0.0001389771287302749,5.2037814187174715e-05,0.00019101494291744962,1168,0.019734752279699022,0.011965309170512908,0.027142433340087986,1000,0,False
193,Octadecadienoic acid (18:2; isomer unspecified),fatty_acid,4923,0.007042253521126761,0.00017137452945780872,8.119390086648538e-05,0.00025256843032429367,-0.0003632195582691977,-0.00011065112794490404,914,0.0358647171060498,0.019210455483222564,0.05510763175061858,1000,0,False
194,Octadecanoic acid (18:0),fatty_acid,19517,0.007042253521126761,1.7554848639721784e-05,6.76144630091187e-05,8.516931164884048e-05,0.00014920150771925017,0.00023437081936809065,3429,0.012094042254135363,0.007865306535718871,0.016137424036425208,1000,0,False
195,Octadecatetraenoic acid (18:4; isomer unspecified),fatty_acid,3901,0.00704225352112676,6.490806640369366e-05,-1.4027212869566558e-05,5.088085353412706e-05,-0.0001951500472156466,-0.00014426919368151954,719,0.007225081201846047,-0.002757923424032847,0.01785728153099971,1000,0,False
196,Octadecatrienoic acid (18:3; isomer unspecified),fatty_acid,4835,0.007042253521126761,0.00022374643989153263,-8.143104779974341e-05,0.00014231539209178922,-7.221001056124509e-05,7.010538153054413e-05,899,0.020208785677034054,0.00045013554803833883,0.04279509461245834,1000,0,False
197,Octadecenoic acid (18:1; cis/trans unspecified),fatty_acid,4910,0.007042253521126761,0.00011120104041255395,6.754370971994903e-05,0.00017874475013250298,-0.00028333987946009163,-0.00010459512932758865,912,0.025381754518815434,0.011872333463336434,0.040165498409326775,1000,0,False
198,Octanoic acid (8:0),fatty_acid,15315,0.007042253521126761,0.00015097647746909653,2.508030919092614e-06,0.00015348450838818914,-0.00020570082970565646,-5.221632131746732e-05,2755,0.02179480019112287,0.00979564685193959,0.033972464211865706,1000,0,False
199,Pantothenic acid (vitamin B5),vitamin,16490,0.007042253521126761,6.329411015128846e-05,2.0044057412982015e-05,8.333816756427026e-05,0.00037052372299998105,0.0004538618905642513,2974,0.011834019794126396,0.007776075592012877,0.01583913932449311,1000,0,False
200,Pentadecanoic acid (15:0),fatty_acid,5999,0.00704225352112676,8.68999335334569e-05,6.411306055306579e-05,0.00015101299408652258,-7.535787802422935e-05,7.565511606229323e-05,1081,0.02144384516028624,0.009107581950299624,0.033729863175608395,1000,0,False
201,Pentadecenoic acid (15:1; isomer unspecified),fatty_acid,4236,0.007042253521126761,-3.7148034096306376e-08,-1.0644413604713192e-06,-1.1015893945675367e-06,0.00015647213251568912,0.0001553705431211216,777,-0.00015642569402859834,-0.0004982867230486917,4.521550449047004e-05,1000,0,False
202,Phenylalanine,amino_acid,8673,0.00704225352112676,1.0076542701253026e-05,2.6213199951687072e-05,3.6289742652940125e-05,4.902581396816041e-05,8.531555662110054e-05,1573,0.005153143456717495,0.00367662434803219,0.006746192391803213,1000,0,False
203,Phosphorus,mineral,31130,0.007042253521126761,3.705226917063027e-05,3.4533322863338064e-06,4.050560145696402e-05,0.00019254970105593333,0.00023305530251289735,5470,0.005751795406888893,0.003481610469751394,0.007751120722087095,1000,0,False
204,Phytosterols,sterol,398,0.007042253521126761,9.837370247911385e-06,5.927250107482559e-05,6.910987132273698e-05,-0.0002841043944711136,-0.00021499452314837665,66,0.009813601727828636,-0.029080917065089737,0.05599794600057785,1000,0,False
205,Potassium,mineral,31399,0.007042253521126761,2.2023067385257018e-05,5.525913159089616e-05,7.728219897615296e-05,0.00019753664163361365,0.0002748188406097666,5513,0.010974072254613722,0.007843411781456573,0.014012715688903393,1000,0,False
206,Proline,amino_acid,8583,0.00704225352112676,-1.1626686572021065e-05,2.0584803323387687e-05,8.958116751366595e-06,9.744880342558987e-05,0.00010640692017695647,1546,0.001272052578694061,-0.0008932856145492952,0.003457315717807264,1000,0,False
207,"Protein, total",macronutrient,26382,0.007042253521126761,3.9975806267949414e-05,8.792032746212568e-06,4.876783901416198e-05,0.0001546443742961885,0.00020341221331035049,4633,0.006925033140010994,0.004849000361701097,0.009140692996015833,1000,0,False
208,Retinol,vitamin,28747,0.007042253521126761,0.000302657302178066,-3.276393897657271e-05,0.0002698933632014934,-1.4229266006967906e-05,0.0002556640971945255,5057,0.038324857574612035,0.027039162305946943,0.049991804787190855,1000,0,False
209,Riboflavin (vitamin B2),vitamin,27092,0.007042253521126761,7.128091887778133e-05,2.6307400097376173e-05,9.75883189751575e-05,0.00036932904978072387,0.00046691736875588137,4691,0.013857541294472359,0.01030012480449755,0.01749502004048403,1000,0,False
210,"Selenium, Se",mineral,24283,0.007042253521126761,6.245217540437273e-05,3.747344351072966e-05,9.992561891510217e-05,0.0003303768320380505,0.00043030245095315267,4249,0.014189437885944537,0.010261164519257824,0.0182075396418768,1000,0,False
211,Serine,amino_acid,8568,0.007042253521126761,9.153522195283893e-06,1.807584284021737e-05,2.7229365035501263e-05,6.730630351427469e-05,9.453566854977595e-05,1542,0.0038665698350411797,0.0024333909229443075,0.005296589939401929,1000,0,False
212,Sodium,mineral,26623,0.007042253521126761,6.975219602378593e-06,0.0001242424079078053,0.00013121762751018367,8.034713649753347e-05,0.00021156476400771714,4705,0.018632903106446146,0.012122572048197309,0.02509890193764222,1000,0,False
213,Sorbitol,carbohydrate,76,0.007042253521126762,0.00031330330388763643,-8.125417512039584e-05,0.0002320491287672406,-0.0010700563064601815,-0.0008380071776929409,14,0.032950976284948155,-0.07517437384176787,0.1269356328288905,1000,0,True
214,Starch,carbohydrate,7534,0.007042253521126761,6.774924916887919e-05,0.00011057277134298848,0.00017832202051186756,-0.0002414513499402188,-6.312932942835123e-05,1292,0.0253217269126852,0.015659251853442187,0.03484878684792573,1000,0,False
215,Stearidonic acid,fatty_acid,835,0.007042253521126761,-3.6214184887081897e-09,-1.3880722283106735e-08,-1.7502140771830793e-08,-2.810750997998655e-05,-2.8125012120758382e-05,140,-2.4853039895953868e-06,-1.068657080298955e-05,6.186478039577841e-06,1000,0,False
216,Stigmasterol,sterol,210,0.007042253521126761,-0.0001808818883849803,7.815028033405916e-05,-0.00010273160805092103,-0.0003317879674267193,-0.00043451957547764033,48,-0.014587888343230803,-0.10658790231507598,0.05678377629914741,1000,0,False
217,Sucrose,carbohydrate,5683,0.007042253521126761,0.00023059506758202342,8.083893768968085e-05,0.00031143400527170427,-0.00024695799384505477,6.44760114266495e-05,1021,0.044223628748582024,0.021898027974867878,0.06714230321745798,1000,0,False
218,"Sugars, total",carbohydrate,18095,0.007042253521126761,0.00011504629582396097,0.00012030584321081554,0.00023535213903477662,5.199615652548605e-05,0.00028734829556026267,3185,0.033420003742938235,0.025163506262493272,0.04169191210637625,1000,0,False
219,Sulfur,mineral,93,0.007042253521126761,6.988804952936774e-05,0.00036820363904426824,0.00043809168857363587,-1.821827890716079e-05,0.0004198734096664751,20,0.06220901977745624,-0.04330378777828818,0.19145893673964612,1000,0,True
220,Tetracosanoic acid (24:0),fatty_acid,4423,0.007042253521126761,0.00012668744985135647,5.563000675178607e-05,0.00018231745660314265,-3.1751018384139915e-05,0.00015056643821900273,806,0.025889078837646257,0.010520963747937278,0.04256641403234611,1000,0,False
221,Tetradecanoic acid (14:0),fatty_acid,18875,0.007042253521126761,7.085715653322693e-05,0.00017797468826445922,0.00024883184479768594,4.882002179959662e-06,0.0002537138469776456,3308,0.0353341219612714,0.027076545013153486,0.04379485791467593,1000,0,False
222,Tetradecenoic acid (14:1; isomer unspecified),fatty_acid,5438,0.007042253521126761,9.808341982135054e-05,8.03911619663407e-06,0.0001061225360179845,-0.0001437960233857153,-3.767348736773081e-05,1002,0.015069400114553794,0.00340157326164211,0.026916708750963816,1000,0,False
223,Thiamin (vitamin B1),vitamin,29067,0.00704225352112676,6.619399703620781e-05,5.0605938533515886e-05,0.0001167999355697238,0.00028970425239154864,0.00040650418796127244,5049,0.016585590850900774,0.011931597687602402,0.020969546655123066,1000,0,False
224,Threonine,amino_acid,8656,0.00704225352112676,-5.786811070385145e-06,4.017190652731904e-05,3.4385095456933865e-05,8.67557081131164e-05,0.00012114080357005026,1560,0.004882683554884608,0.0033622549525082466,0.0064293280776912915,1000,0,False
225,"Tocopherol, beta",vitamin,7747,0.007042253521126761,0.0002590713880105161,-2.5550156311209796e-05,0.00023352123169930621,9.43923982593129e-05,0.0003279136299586191,1452,0.03316001490130151,0.020491930640322068,0.04622896084647979,1000,0,False
226,"Tocopherol, delta",vitamin,7687,0.007042253521126761,0.0002982443363143978,1.903683173987451e-05,0.0003172811680542723,-0.0001039769862036439,0.0002133041818506284,1454,0.045053925863706656,0.02823276674662951,0.06203817093598865,1000,0,False
227,"Tocopherol, gamma",vitamin,8262,0.007042253521126761,0.00010503568128703272,8.919428275217141e-05,0.00019422996403920412,-0.00010462699055212603,8.96029734870781e-05,1548,0.027580654893567046,0.008986061142303466,0.046586196223990635,1000,0,False
228,"Tocotrienol, alpha",vitamin,5437,0.007042253521126761,9.634450440397166e-05,4.9161455931049356e-05,0.00014550596033502047,-0.00023307372460662197,-8.75677642716015e-05,1033,0.020661846367572914,-0.00015869958479221318,0.04103465276460848,1000,0,False
229,"Tocotrienol, beta",vitamin,1186,0.00704225352112676,4.450173631705899e-05,7.903112538064106e-05,0.00012353286169770005,-0.00015958092082261454,-3.6048059124914496e-05,237,0.017541666361073408,-0.009108554797604326,0.0435120112826437,1000,0,False
230,"Tocotrienol, delta",vitamin,1161,0.007042253521126761,-5.1069410784103505e-08,5.4303335009889694e-05,5.425226559910561e-05,-0.0002560602948699908,-0.00020180802927088518,235,0.007703821715072996,4.170131927294172e-05,0.02479301712234217,1000,0,False
231,"Tocotrienol, gamma",vitamin,1167,0.007042253521126761,-0.00019215417948221765,-0.00030574330725914654,-0.0004978974867413644,0.0002686443973659953,-0.0002292530893753691,233,-0.07070144311727375,-0.13635637836738748,-0.00796536492126603,1000,0,False
232,Tridecanoic acid (13:0),fatty_acid,668,0.007042253521126761,-5.809024413594026e-05,2.7768658819645794e-06,-5.5313378253975644e-05,-5.591360158243056e-05,-0.00011122697983640621,109,-0.007854499712064549,-0.027092840349613397,0.001211418461001235,1000,0,False
233,Tryptophan,amino_acid,15731,0.007042253521126761,5.092642480637163e-05,8.271472259497095e-06,5.919789706586873e-05,0.00018715656264617743,0.00024635445971204616,2819,0.008406101383353367,0.005829238664288843,0.011159371090508843,1000,0,False
234,Tyrosine,amino_acid,8612,0.00704225352112676,2.5252495674721234e-05,1.9811702013056414e-05,4.506419768777765e-05,0.00010098641086063502,0.00014605060854841267,1553,0.006399116071664424,0.004389147039471953,0.008468009868542107,1000,0,False
235,Valine,amino_acid,8661,0.007042253521126761,1.0884273416075668e-05,3.0065929832547212e-05,4.0950203248622894e-05,6.690892970200068e-05,0.00010785913295062357,1566,0.005814928861304456,0.004233961253729111,0.0075662976643432476,1000,0,False
236,Vitamin B6 - Pyridoxin,vitamin,1774,0.007042253521126761,2.576446476184951e-05,7.777010947342122e-05,0.00010353457423527084,4.294046825465249e-05,0.00014647504248992333,282,0.014701909541408436,-0.0008140054467944891,0.030945369791426973,1000,0,False
237,Vitamin D (D2 + D3),vitamin,27304,0.007042253521126761,0.0002491755448634273,-1.1233605069717778e-05,0.00023794193979370963,-1.3818133176079182e-05,0.00022412380661763045,4761,0.03378775545070684,0.02590121811826118,0.04236106698491805,1000,0,False
238,Vitamin D2 (ergocalciferol),vitamin,6511,0.007042253521126761,-0.000325651782270837,0.00012819162471301544,-0.0001974601575578214,-0.00011743281335075892,-0.0003148929709085803,1168,-0.028039342373210666,-0.04764853616701187,-0.008825754914156098,1000,0,False
239,Water,food_matrix,30210,0.007042253521126761,-2.2806063751891134e-05,3.439978022936555e-05,1.1593716477474364e-05,0.00013769783509828538,0.00014929155157575975,5247,0.0016463077398013656,-0.0005308024876909456,0.0035427054636305204,1000,0,False
241,Zinc,mineral,31918,0.00704225352112676,4.393494114504875e-05,3.9449271919366684e-05,8.338421306441544e-05,0.0002556024797728694,0.00033898669283728483,5536,0.011840558255146955,0.008525591757680672,0.015324786490759761,1000,0,False
242,"cis,cis-Eicosadienoic acid (20:2n-6)",fatty_acid,1216,0.007042253521126761,0.00011687624052893317,1.161530169539141e-05,0.00012849154222432436,-0.0003223903425770172,-0.00019389880035269283,250,0.018245798995854066,-0.001669867113019835,0.038473855026839074,1000,0,False
243,cis-Docosenoic acid (22:1 cis),fatty_acid,298,0.007042253521126761,0.00047694149150928405,-7.563842803279654e-05,0.0004013030634764875,-4.7426925534705885e-05,0.0003538761379417816,70,0.05698503501366123,-0.041983364633132146,0.1729348323987653,1000,0,False
244,cis-Hexadecenoic acid (16:1 cis),fatty_acid,385,0.007042253521126761,0.00011045701228225416,0.00011695465264708124,0.0002274116649293354,-0.00018169704767994743,4.571461724938797e-05,87,0.03229245641996563,0.011442387000311,0.05566027040033734,1000,0,False
245,cis-Octadecenoic acid (18:1 cis),fatty_acid,759,0.007042253521126761,0.000334085922450992,-5.811567597890959e-05,0.0002759702464720825,-0.00017760134646701425,9.836890000506824e-05,153,0.03918777499903572,-0.001183641956508949,0.0918435602383707,1000,0,False
246,cis-Tetracosenoic acid (24:1 cis),fatty_acid,461,0.00704225352112676,0.00020317628748837784,-0.00032932011469066324,-0.0001261438272022854,-0.0007793475403796431,-0.0009054913675819285,108,-0.01791242346272451,-0.07649763293671204,0.028469794125745265,1000,0,False
247,"trans,trans-Linoleic acid (18:2 trans,trans)",fatty_acid,172,0.007042253521126761,5.280666802270147e-05,-0.0002799377991729601,-0.0002271311311502586,-0.0001309018751804213,-0.0003580330063306799,21,-0.032252620623336725,-0.1353861376612384,0.027027800543249273,1000,0,True
248,trans-Docosenoic acid (22:1 trans),fatty_acid,224,0.007042253521126761,-0.0001364786599044373,8.654754841948659e-06,-0.0001278239050624886,-0.00028099051477571116,-0.00040881441983819976,51,-0.018150994518873382,-0.06951639242849361,0.002697281257047808,1000,0,False
249,trans-Hexadecenoic acid (16:1 trans),fatty_acid,287,0.007042253521126761,-7.058724852340047e-05,4.2370064431522417e-05,-2.8217184091878112e-05,-0.0004165246473114018,-0.0004447418314032799,66,-0.00400684014104669,-0.02588278866265268,0.016364382254828377,1000,0,False
250,trans-Linoleic acid (18:2; isomer unspecified),fatty_acid,335,0.007042253521126761,0.00022689393236584765,-8.606884339798743e-05,0.00014082508896786,-0.0003031434597943279,-0.0001623183708264679,75,0.019997162633436143,-0.009936243238573993,0.050476787889604975,1000,0,False
251,trans-Octadecenoic acid (18:1 trans),fatty_acid,774,0.007042253521126761,0.0002961049334918261,-9.491300365306837e-05,0.00020119192983875773,-0.0005547668740755981,-0.00035357494423684036,154,0.028569254037103576,-0.016008959024731668,0.0824431105420076,1000,0,False
