method,seed,task,subset,axes,scaled_log_mae,log_mae,log_mse,raw_mae,positive_scaled_log_mae,zero_scaled_log_mae,log_rmse_root_mean_axis_mse
transformer,20260922.0,completion,nutrition,142,0.18355327847469688,0.054362319923894606,0.03603355672852335,0.330240460832641,0.30277267666689867,0.09203905513249852,0.1898250687567987
transformer,20260922.0,completion,food_metabolome,45,0.5980220428612179,0.03587222522357715,0.022335943219397913,0.06484595878358246,0.8109576712144156,0.2150257527499769,0.14945214357578787
transformer,20260922.0,completion,all,187,0.2832917511880308,0.04991283189440645,0.03273733957392098,0.2663754737085361,0.42506318337619414,0.1145987452280123,0.18093462790168435
transformer,20260922.0,name_only,nutrition,142,0.42641131035686697,0.1541900437436112,0.17496083659417425,0.9778876179299684,0.5522157036936451,0.38518276759303793,0.41828320142479336
transformer,20260922.0,name_only,food_metabolome,45,0.7497155064723775,0.04983308558108432,0.028504111958362825,0.08656052284671976,0.9155483117873001,0.4852551653273209,0.16883160829170238
transformer,20260922.0,name_only,all,187,0.5042117853579257,0.1290774067526288,0.13971723975667952,0.7633971405035183,0.6396486842509417,0.403539242917078,0.3737876934259333
transformer,20260923.0,completion,nutrition,142,0.18708334056598974,0.057067262797652264,0.04385406414720788,0.3427140437821543,0.3056412980399431,0.09052490517102604,0.2094136197748558
transformer,20260923.0,completion,food_metabolome,45,0.5816237847078813,0.03521041121362194,0.019077131602876878,0.06320212933270136,0.7892627824981069,0.2289975101728349,0.13811998987430052
transformer,20260923.0,completion,all,187,0.28202622819371764,0.05180759263037224,0.03789170070071111,0.2754518183798795,0.4220207996475226,0.11592520549680163,0.19465790685382164
transformer,20260923.0,name_only,nutrition,142,0.4094777866632021,0.14576900891490022,0.15258790587642362,0.9474521455644971,0.5346473837850315,0.38266620651858924,0.39062501952182177
transformer,20260923.0,name_only,food_metabolome,45,0.8072724314483545,0.05833621650731344,0.034184210737450614,0.09649480700036561,0.9235271071835666,0.5666302999044311,0.18488972588397284
transformer,20260923.0,name_only,all,187,0.5052037707024098,0.12472903213232585,0.12409503806223228,0.7426763154287435,0.6282280658862831,0.4164110993881815,0.35227125636678375
transformer,20260924.0,completion,nutrition,142,0.1969165951810234,0.06093117782553865,0.04937282382802155,0.3714521245482282,0.3231293920814081,0.09544037192813024,0.22219996360940644
transformer,20260924.0,completion,food_metabolome,45,0.5961425834806532,0.03492596853240226,0.021202941276835967,0.06633933712270287,0.8076068633675381,0.22990202870079862,0.14561229782142704
transformer,20260924.0,completion,all,187,0.29298702017291284,0.05467323976034541,0.042593975085757636,0.29802926126401086,0.43971487982405977,0.12010493618820549,0.20638307848696713
transformer,20260924.0,name_only,nutrition,142,0.45139509209539075,0.15527017893280645,0.1555965232531642,0.8871623489640619,0.5708930183588796,0.46335121521324696,0.39445725149015093
transformer,20260924.0,name_only,food_metabolome,45,0.917219694421401,0.06284233447943881,0.05227653661338272,0.1291849710766475,1.0931080336436152,0.5066777576785323,0.22864062765261714
transformer,20260924.0,name_only,all,187,0.5634919215321312,0.1330281842782527,0.13073342486391196,0.7047613756756468,0.6965597332669711,0.47129868749977855,0.3615707743497972
rf,,completion,nutrition,142,0.18903093786773026,0.05627006176979684,0.03253087678269585,0.32121895772892234,0.24808596532353497,0.16864525209083037,0.18036318023004544
rf,,completion,food_metabolome,45,0.6741957098906614,0.03645243686377518,0.020334445894453865,0.06598601873341091,0.7740174077748058,0.5905083882968994,0.1425988986439021
rf,,completion,all,187,0.3057818188358153,0.051501114599898576,0.02959590678285153,0.2597992665267939,0.374647007624643,0.24602843092152943,0.1720346092588684
rf,,name_only,nutrition,142,0.6595176645194242,0.2138239776797923,0.21824604496191236,1.1349403447297957,0.6955649880886453,0.7307415845387772,0.46716811209875225
rf,,name_only,food_metabolome,45,0.8892396667222152,0.048476077284775716,0.02590032112390925,0.0826386395170068,0.9582501878385833,0.760860249760542,0.1609357670746601
rf,,name_only,all,187,0.7147983602366735,0.17403437598045676,0.17195964082977258,0.8817126616571993,0.7587780040712506,0.7362663101120003,0.4146801669115278
xgb,,completion,nutrition,142,0.17448679598858194,0.05259285880257651,0.03184822971765499,0.2985750667734946,0.23031014685456247,0.1465882516008185,0.17846072317923345
xgb,,completion,food_metabolome,45,0.6742731558741516,0.037618341843321135,0.01992605438763975,0.06671812687378108,0.7708773770639519,0.6242931439254573,0.14115967691816153
xgb,,completion,all,187,0.2947562408808313,0.048989365416659436,0.028979257044656672,0.2427806159954887,0.36039317016698236,0.23421459279646237,0.17023294935075486
xgb,,name_only,nutrition,142,0.656147504703501,0.21371924251789032,0.22784861096969813,1.173380660210836,0.693837533473415,0.7183897251663349,0.47733490441167
xgb,,name_only,food_metabolome,45,0.8515446560890014,0.04734936090604431,0.024287006225065196,0.0807821081385967,0.9197095002548549,0.7744981188335315,0.15584288955568423
xgb,,name_only,all,187,0.7031682095823648,0.17368370950969209,0.1788631980632356,0.9104558749528106,0.7481917500785744,0.7286817973774775,0.4229222127805959
name_knn,,name_only,nutrition,142,0.26225993622384663,0.08908805509299526,0.0681757013730448,0.5027824548575578,0.3381071284698304,0.2465783786429552,0.26110477087377165
name_knn,,name_only,food_metabolome,45,0.7024500879122328,0.04082336538172365,0.021816078574561307,0.07193906057899584,0.7943389626571851,0.6119737611831139,0.14770266949030172
name_knn,,name_only,all,187,0.3681880475927096,0.07747355756889246,0.05701964241084287,0.3991035631862461,0.44789553776625257,0.31360356715623877,0.23878786068567823
