method,seed,visible_fraction,mrr,recall_at_1,recall_at_5,recall_at_10
transformer,20260922.0,0.3,0.0033814617461426833,0.0004645401052957572,0.0034517910601837517,0.006780995148136679
transformer,20260922.0,1.0,0.0057203712205179435,0.0010225669957686884,0.006002753710793203,0.010603465645778763
transformer,20260923.0,0.3,0.0029935398781855355,0.0004645401052957572,0.0025549705791266648,0.004090533704965417
transformer,20260923.0,1.0,0.005251798937927765,0.0010860366713681241,0.005125931896030627,0.009536906440996711
transformer,20260924.0,0.3,0.002135784383554816,0.0003096934035305048,0.001187158046866935,0.0033937235470217816
transformer,20260924.0,1.0,0.0044408085699138115,0.0005574585264289072,0.004362280878500906,0.009036872859157767
rf,,0.3,0.0014765006085797694,0.0003096934035305048,0.0012387736141220192,0.001987199339320739
rf,,1.0,0.002527706181449982,0.0001763046544428773,0.0015659211498421652,0.004457317482705353
xgb,,0.3,0.001558927286344856,0.0003096934035305048,0.0014710436667698978,0.0018194487457417158
xgb,,1.0,0.0034174356387993913,0.0004231311706629055,0.002468265162200282,0.006274766606219357
name_knn,,0.3,0.034512396586601414,0.005148652833694642,0.05479594645745157,0.09672241147930213
name_knn,,1.0,0.06887887468372954,0.013005126827411735,0.1175731524391609,0.19357154051089173
