level,mean_rf_gap_contribution,seed24_minus_seed22_contribution,seed23_minus_seed22_contribution,axes,all_seeds_better_rf,all_seeds_worse_rf,partition
100_to_999,-0.0054281878088978,0.0013127072882916854,0.00032922456136041933,20,17,0,support_bin
at_least_1000,0.006676441886056956,0.00870463168976936,0.002473048612274538,115,32,61,support_bin
below_100,-0.001094787204319414,0.0033459777282654635,0.0007277889176579292,7,4,1,support_bin
amino_acid,0.0020957694192738174,0.000800497843854133,0.0004055096438721823,20,0,19,mask_family
carbohydrate,-0.0016029134439502935,0.0012658442326759418,-0.00043120768860576813,9,6,1,mask_family
dietary_fibre,0.0008754633888285997,0.0034421607425835898,0.002330871097934342,3,0,1,mask_family
ethanol,1.0749245180438259e-05,7.706815345035158e-07,-2.931517882366374e-07,1,0,1,mask_family
fatty_acid,-0.005236149265940121,0.002926996765194397,0.00024746526542540474,54,32,11,mask_family
food_matrix,0.0003714628217130875,4.2355044673012045e-05,4.7544094154022514e-05,2,0,2,mask_family
macronutrient,0.0005585343904286324,0.00030840652861444925,3.2026406657309194e-05,4,1,3,mask_family
mineral,0.0019641413276335023,0.0009968054174156141,0.00032108914090962255,14,4,10,mask_family
sterol,-0.0009169589357235018,0.0010434710305529291,-0.00024267605337441745,5,3,1,mask_family
vitamin,0.0020333679253955804,0.0025360084192279403,0.0008197333361084252,30,7,13,mask_family
