epoch,train_loss,validation_primary,validation_legacy_log_mae,validation_positive_mae,validation_zero_mae,learning_rate,mean_preclip_gradient_norm,gradient_clip_fraction,training_tasks,observed_target_cells,training_order_sha256,elapsed_seconds,method
1,0.451627724296201,0.3112245271410808,0.09992528960894927,0.4883685366090287,0.14887134205425817,0.0003,1.607062341335921,0.4273780140497437,337048,1828536,ac14266d3202e1b00a6eb6a59a1b077375beea26b0e774b66cee3804d5713cd3,177.8909999999887,mae
2,0.3980187269908333,0.2867418030348957,0.09017622804315127,0.4552800081301498,0.11678222962003873,0.0002997964859110542,1.7981346118166117,0.42301120182266944,337048,1828536,c64dfc4b65b89dc038003f7e6bc2b4b54a694b95ec04102e8749fa58024eef73,352.6559999999881,mae
3,0.37965165782475896,0.2789739709900289,0.08676961113007627,0.4428656711768655,0.12751575988928227,0.00029918650146218856,1.8626599662700458,0.42301120182266944,337048,1828536,0857ed8bec243883e16f1cac7dfb0985c3a776f6efb9c4f89c9deadd92096ad4,528.3279999999941,mae
4,0.3622107837736551,0.26417352530971705,0.08055982600079116,0.4248278989102418,0.10855446609374228,0.00029817171857837797,1.8417102185121994,0.40839187393202964,337048,1828536,ff5288fa17a2b829b57d059bc972f6f4b6d5998291f4d3bc787720603cee356b,717.5629999999946,mae
5,0.35448960426410797,0.2623305381374811,0.08011239533027932,0.42298238902740337,0.11538590795466497,0.00029675491870897016,1.9321853541175849,0.4047845073096639,337048,1828536,4bcdc148c93f4107754fb4a92775846f6e86360b5d55527a4ffc97bcb5935175,1094.577999999994,mae
6,0.3395693439108984,0.25029454363188103,0.0748986986821561,0.40741633289468254,0.11493636149691064,0.00029493998520392666,1.8734326383630489,0.3933928232390355,337048,1828536,d77434cd6865866929b95f0173a172b18f86a987d14c79d12c96bc1100a550b6,1495.75,mae
7,0.3313853187208311,0.25100239332726404,0.07464778417094772,0.41077764164947483,0.10697590899272398,0.0002927318926698304,1.870267664170229,0.38921587241313843,337048,1828536,8b0df5398e6811bd02b7b0a493282a1a9ab9da1241d39cfc87b16d7080119865,1856.4689999999973,mae
8,0.3235900776671608,0.2459124728811969,0.07529459233412931,0.3935498205623985,0.12507606748253086,0.0002901366933348345,1.8764578892844257,0.38370989177900133,337048,1828536,02d282f50a0919a9d78a2bb74dd4eefed15a4eb7f9e732637fca0858f5bec0f8,2132.1409999999887,mae
9,0.31652503129542164,0.23944384532755847,0.07337720247700333,0.38762163345794354,0.10919679380902703,0.0002871615004599263,1.8802084296217494,0.37554585152838427,337048,1828536,715d60b218f4c3cc20dcc654f1a7b2cf4396286551a51946032023d91d2587b0,2511.530999999988,mae
10,0.305936828847017,0.23471443751338777,0.07206268894984068,0.37553369482974147,0.11281841830448977,0.0002838144688419727,1.789718458474599,0.384659198784887,337048,1828536,8cba4da03f875924c232725466e8e77c0aa2abdfe5e7344f32c82b6aa7573e20,2894.952999999994,mae
11,0.3041296629650509,0.23414763328887278,0.0714631568890853,0.37382155918214105,0.10946816026277935,0.00028010477246198927,1.8591707066091907,0.37307765331308146,337048,1828536,07c3d1ff62f8f82c7dfad304888f6898310c1f03fefa9fffdf8e6380aca28295,3262.75,mae
12,0.29930259187971453,0.22611149498591118,0.06962863137828494,0.3657773792408447,0.10545144334711731,0.00027604257933989555,1.813415336568147,0.3689007024871844,337048,1828536,f5c5d991ae85c25137d90a665e197e25409acaf590451e8e6d132e6ba6a41c5b,3688.155999999988,mae
13,0.2907622207901994,0.23154148322335913,0.07193138663805056,0.3685327944282926,0.11108728807371876,0.00027163902366467976,1.7537223171928655,0.363014999050693,337048,1828536,c25431b8963686d6fed28ac22cd5e7c456cd455478d179a9d7c0c5a44c89f20e,4063.7659999999887,mae
14,0.28433937860671327,0.22874831608373108,0.07141131782607596,0.37567415456867964,0.08149271819085398,0.00026690617527636023,1.7746575566092502,0.3559901272071388,337048,1828536,d9d4cc6b0dba220ecdf3ce1a8b00c358679fbaa043f4f1a91ffa6e88e0abaa68,4236.280999999988,mae
15,0.28056792012401216,0.22487533343713625,0.07158902466115803,0.3568125316528326,0.12179821050005096,0.0002618570065833931,1.6827214414245697,0.3588380482247959,337048,1828536,4f10ef544a250a760cf9090bdcff8dbd6f555584064d2294dc31bae482c35823,4409.983999999997,mae
16,0.2759477368943846,0.2230650096356284,0.06823108839666689,0.3541421954469124,0.11873130336525979,0.0002565053570062024,1.7152591661433578,0.3546610973988988,337048,1828536,1ea4fe451a508a9424eeca80316d04519969e8b9b375811ba4235edecaa52059,4585.108999999997,mae
17,0.27273189316264235,0.2232287560590167,0.07049409610721756,0.35922900587754375,0.10720268446421621,0.0002508658950442905,1.6790386271053503,0.3466869185494589,337048,1828536,c2165ee64434ab3e8ecd5b1f7045238e0dbbf460e2266030d8b7b5ecc6464c86,4758.952999999994,mae
18,0.2670445231078997,0.21340470440277987,0.06344996546251845,0.3480831837947763,0.11059352157439828,0.0002449540780709009,1.6711081177935512,0.3480159483576989,337048,1828536,c388e693accc97e425b7387495be2f4b43644e6e0cbe0a11d764d0747b97af85,4932.5,mae
19,0.26334529575685084,0.21702271394656397,0.06688229626261404,0.3550366395936661,0.09737008312055745,0.00023878610996543227,1.716796488098861,0.34972470096829317,337048,1828536,2ad04e5fca29550e96435eec4521ad9734a0dbedcf922060df8815d409662cd3,5106.218999999997,mae
20,0.2589712740455045,0.22084772756851503,0.06905333576336414,0.3537519309654529,0.11035344556431562,0.00023237889669973155,1.7077531763141152,0.3510537307765331,337048,1828536,bb0a0bce4e04877929d10527f10dcc5be5d35dc1a090fc80ba56a0610dd677ef,5280.125,mae
21,0.2539175003845709,0.21165063317548535,0.06350059667491349,0.34680076691304496,0.09211339244066373,0.00022575,1.683454847602322,0.3472565027529903,337048,1828536,0daf8e9fc44a5dd73b94fad6575b8241cd283b197a656144926a8d18c626b156,5453.391000000003,mae
22,0.24845740972300545,0.21429067525012271,0.06609016083568171,0.3433396550805501,0.10921959039108786,0.0002189175892113227,1.6957791677140546,0.3485855325612303,337048,1828536,d2142c204c316e2fb30e3042eede87a4a94a5154a9a22c8526e1730b88f657d3,5626.687999999995,mae
23,0.24094645696221567,0.21001999890018133,0.06363950323276513,0.3422269299567337,0.10957986533032979,0.00021190039149675637,1.6673849235455542,0.3527624833871274,337048,1828536,a02ff7938724134a603e4a513361cfbbbed8aee25af2b2a57c5df891b0d076a9,5800.671999999991,mae
24,0.23652630714097783,0.20732138063798683,0.062287505435241065,0.3394683913509617,0.09638234344440967,0.00020471764050747715,1.7054731157069554,0.345547750142396,337048,1828536,b1ee6e4afd64da64f3d5ec5cea0ec53146568f962d0b4da71ffc9e364e01c0dc,5974.125,mae
25,0.23399514578057712,0.20666331470474825,0.06258163280787646,0.3347305328834132,0.10330246046985421,0.00019738902366467972,1.7165447304653718,0.3489652553635846,337048,1828536,3d6ccdf9b694c3a3123c42420d85a347397e3396199f836ba78d40384afa6560,6147.687999999995,mae
26,0.23140478800641903,0.2087637919362648,0.06430797302806066,0.33659985922549723,0.10440017603270603,0.00018993462819772434,1.6994787457236218,0.35295234478830456,337048,1828536,59a0c99f7b495716d20132b2661f603606b9cb0d6cf4ca4c52ea84cd923155ee,6321.593999999983,mae
27,0.22497142982667606,0.20193397140773894,0.059961531410415,0.3313356591137416,0.09894426930301077,0.00018237488608643723,1.665918165638559,0.345547750142396,337048,1828536,30ff97a5c915a1cea4b701526131caf98745cd623358fca28ce6c0edd9126779,6495.218999999983,mae
28,0.2187662141750442,0.20193748458821853,0.06114478278292092,0.3323231155788878,0.10100962210933422,0.00017473051805847427,1.6455828878319148,0.3438389975318018,337048,1828536,393076980ca3f5852eb4c070b150b9f10fb202010841feb7c6910a38666f4e44,6668.328000000009,mae
29,0.21741592612149627,0.20009581909801294,0.0595201298181504,0.3253782801021911,0.10273748521138541,0.00016702247679524653,1.729650619412727,0.34687677995063604,337048,1828536,2707d68284eadf286fff839f243cc8f15c5141c67dbfef93131d5aa365ac0168,6841.796999999991,mae
30,0.21367492529050916,0.1960392471410141,0.05797832977241483,0.3190289332451126,0.10355669416764464,0.0001592718895020771,1.7437436891667006,0.3502942851718246,337048,1828536,7968f12623ca8b7e39eeec4bb99d2c3553d25816385553c6bdd7084f64c0f292,7015.641000000003,mae
31,0.2079502308656725,0.19812406095047008,0.059536305019731964,0.32228737236240573,0.10456311240388945,0.0001515,1.6556222854811258,0.3504841465730017,337048,1828536,6fe34b69347d794058e0c581d5a41a954103274f45fb5a3eaa2ba9d934035eb3,7188.703000000009,mae
32,0.20557292130233748,0.19611668781938016,0.05828235044705504,0.3195447734146743,0.10076023670784728,0.00014372811049792283,1.6886173312094126,0.3485855325612303,337048,1828536,37d836f658fa3b20517a164839745787aa04cbcbad1e1e716eb91d02958b899e,7362.468999999983,mae
33,0.20097320107189404,0.19499224347751526,0.05854186989003556,0.32122124447195216,0.09692864412688228,0.00013597752320475344,1.6664654461068222,0.3510537307765331,337048,1828536,9cb2851643fcd03347cfa6e56a95236c150d276b8f6e29aa5e659fd7ac1e7a76,7536.483999999997,mae
34,0.1963049795558427,0.19380066077788252,0.05788108785092235,0.31751366298091926,0.09997650418671726,0.00012826948194152567,1.7363964930072056,0.3464970571482818,337048,1828536,743a9e98884e5f0c4d87e4d8d95bcf8b6deb6017f61672d9bc5747047bd1a909,7710.141000000003,mae
35,0.1922129755391187,0.19364060256807666,0.05799283798106315,0.3167265872217827,0.09968028763661321,0.0001206251139135627,1.6670480467420117,0.3499145623694703,337048,1828536,99a67aae4635ec98f2c044abc7c567a6c62cfecde49f70789ba13750fa91746f,7883.516000000003,mae
36,0.18955749261044938,0.1949353845778098,0.05922806089996357,0.3179766797670553,0.1008916156886114,0.00011306537180227566,1.6699463656567883,0.34687677995063604,337048,1828536,1fef3ee23b38dfa9a0bedd7a547c9f7d6a41474d64c47c015e7a7f87c375eef4,8057.780999999988,mae
37,0.18480455608080557,0.1912965481226387,0.056710867013971766,0.31524503945556365,0.09856110245103739,0.00010561097633532029,1.6516299912593204,0.3464970571482818,337048,1828536,f2b83e16cf373400ad042705d46cc8ebe1d580ec95077f47545a3ca3cd313567,8231.546999999991,mae
38,0.1834813454651846,0.19279814684703606,0.0581904068219742,0.3154740449244563,0.09865507699994129,9.828235949252289e-05,1.6637329898246986,0.34592747294475035,337048,1828536,642c7cff0bdc90e2e0fe7bf797853c62814a333f0faf50af8c0e817d7f470fc9,8405.062999999995,mae
39,0.18119790987344286,0.1905612252753551,0.056934315162825294,0.31301742299348106,0.09771549224009701,9.109960850324365e-05,1.6893592743619992,0.35162331498006455,337048,1828536,71162bd5765d728647296103f6f13c9a4db5b0883b4b7ff8d42c86348abff69a,8578.968999999983,mae
40,0.17648938054164112,0.1889115595407122,0.056788451725483684,0.31334446975413266,0.08955917081200461,8.408241078867728e-05,1.6551955517940895,0.3464970571482818,337048,1828536,ba528b4c50fb739d1d3486b4e9152d73c86d2e867e54cfe1c454728fcf5a537c,8752.858999999997,mae
41,0.17686739671648302,0.18848046026799226,0.05646727363047705,0.3110158766942936,0.09259690657476147,7.725000000000001e-05,1.6359921699502629,0.3466869185494589,337048,1828536,cd597b6ded9a95dcc461d2f6d83d161c9e4da8fdda16d473bd983456ff725c79,8926.155999999988,mae
42,0.1721796368288042,0.188256209152961,0.056299234685135924,0.3099050230026637,0.0957635409591921,7.06211033002685e-05,1.6314652716966944,0.3434592747294475,337048,1828536,47a3cb22c20b9aa72eae69000efc3ceca7efe2f2f414fb827f4ea3c44a00ee27,9099.641000000003,mae
43,0.17061401211465044,0.18778254553659499,0.05656176375494527,0.31150697147912676,0.08995190715165714,6.421389003456774e-05,1.6547191021226606,0.34972470096829317,337048,1828536,2dcfc10f714fdf9c53d8f3cc3cf2d9726a847a9f79699d26b907e96b4a89b437,9273.187999999995,mae
44,0.16968141483484148,0.1872048379567642,0.05554029077916499,0.3072363914896998,0.09730213934110374,5.804592192909914e-05,1.6718632573757313,0.3504841465730017,337048,1828536,f7641201042bc72347e11699c093c9f334269b684e5ac1be6722fefdd3cae65a,9446.078000000009,mae
45,0.1660034324330024,0.1869893630899448,0.05538964795681615,0.3102656445554357,0.09076353558286047,5.213410495570958e-05,1.6497971907962494,0.3485855325612303,337048,1828536,e2e6ea8b836d8289c35b9f00dfa6e5456d7b89cf881247eabae3c6e41d99ec3f,9619.233999999997,mae
46,0.16320404004294903,0.18623943895939793,0.05525239315805368,0.308259102425449,0.09191685328911321,4.6494642993797684e-05,1.6174087270299329,0.3464970571482818,337048,1828536,f6637ceef2791901fe31183e38dbe1429632195eede411da2f23b192c3d68006,9792.703000000009,mae
47,0.1610517677537147,0.18535478264219302,0.05505430483281881,0.3077007221445027,0.09067640601568404,4.114299341660696e-05,1.6399324683750833,0.348205809758876,337048,1828536,825656d4a27cc5dc53a08d9116da021345a9f6ccf347a49c4cf5c15d158d886c,9965.921999999991,mae
48,0.15788021668095362,0.18551201181509352,0.0549377061726254,0.30685438228252976,0.09103953095409231,3.609382472363981e-05,1.6284253167850324,0.35086386937535596,337048,1828536,2b4b107f032044e57ddd6bfeb26bb2aee310d6d081ccbe78f18a15e2a3a8d051,10139.203000000009,mae
49,0.156711634887518,0.18540400690655787,0.05477761740743322,0.30475628207590855,0.09395764278456722,3.1360976335320314e-05,1.592103120706974,0.35295234478830456,337048,1828536,b35d0d03b2d568853efe11800a6d546c8f953567bdf97dcac68200718a59fcbe,10312.858999999997,mae
50,0.1568115161790772,0.1858773019298642,0.055021183115637584,0.30677004488893966,0.09208673346226905,2.6957420660104538e-05,1.6158248425514576,0.34915511676476174,337048,1828536,b5f19afa82723213ec0e1a13918f313687bd5d59bd386ec30d55ed850f95c7dd,10486.108999999997,mae
51,0.1566032907928619,0.18467664079282287,0.05462403171907051,0.3041176663998091,0.09230506337032464,2.2895227538010847e-05,1.627042042944833,0.35010442377064743,337048,1828536,c355aee99e6ec1ae821f7d95c107093a6610f18ebad3026cc30167b10a76ba46,10659.218999999983,mae
52,0.1556919683169307,0.1851186761373355,0.05503116341937988,0.3052460938150084,0.09091980083333158,1.918553115802738e-05,1.6252826691658375,0.3514334535788874,337048,1828536,0238a6c5fb7c0299a818b2941b8827e62d057aeed68cda40732274ee0a05b3a9,10833.391000000003,mae
53,0.153376419702652,0.18441353771915883,0.05451747621518049,0.30466596733338003,0.09042363209847148,1.583849954007375e-05,1.6329105191565068,0.3518131763812417,337048,1828536,ec8305deb70b85ef819c5a733ed3874a324fb6d57c8c0266f520d65871f78797,11006.937999999995,mae
54,0.15257497766992192,0.1838328849820674,0.054315843144670334,0.30364032298047183,0.09161386182094622,1.2863306665165538e-05,1.6107036221481736,0.3457376115435732,337048,1828536,9d444242297b35cb62765f69639f24fe2df0282607999023e51c5582ecbca686,11180.266000000003,mae
55,0.15269540993750147,0.18432835798264854,0.054572752578096614,0.3032023947650861,0.09343827825918775,1.0268107330169697e-05,1.6267837675499446,0.3485855325612303,337048,1828536,cb3c7d1b8e9ad13228c33d212267ce1c1c9e63621b01a781a0288364aa80bd35,11354.155999999988,mae
56,0.15083788017677588,0.1839367637641378,0.05456769949583226,0.3031742065394924,0.09234345083133226,8.060014796073354e-06,1.6394421797714673,0.3527624833871274,337048,1828536,7051ad17ccca03a83211837a65073a542d136c595bc708348932560f26634bef,11528.016000000003,mae
57,0.14977194500392915,0.183646659726756,0.05440006345596009,0.30278783771572537,0.09210589587303702,6.245081291029853e-06,1.6212109858631658,0.35390165179419025,337048,1828536,f829dd353f8faee9e2eaed2a6317bdede5fb70846819006eeb38ec098a4c45af,11701.312999999995,mae
58,0.15164290637681369,0.18372963434577558,0.05446418260793711,0.3030275346912316,0.09249122024431958,4.828281421622056e-06,1.6174231131914922,0.349534839567116,337048,1828536,81d317adf761bdafa1725e34346ee80d48021fee8f357bab201f64f176da8295,11874.75,mae
59,0.15116393719879065,0.18367801582112772,0.05442101631737715,0.30237566941669186,0.09280174436867558,3.813498537811399e-06,1.6590123702755164,0.3542813745965445,337048,1828536,5af2b6e21e752c53d54dcf2fb9bfbc758ef619469df08c2158b09fc817f69075,12048.358999999997,mae
60,0.1513732955019246,0.18355327847469688,0.054362319923894606,0.30277267666689867,0.09203905513249852,3.2035140889457853e-06,1.617368020773647,0.35067400797417886,337048,1828536,3306cd499f6763e8e845911095db72ff1f3347f89643a6136511a2c8e1aedf57,12221.671999999991,mae
1,0.4544181901300967,0.3272436506775175,0.10466896124447445,0.5215084396850214,0.11865034193135557,0.0006,1.5327269374667885,0.4256692614391494,337048,1828536,ac14266d3202e1b00a6eb6a59a1b077375beea26b0e774b66cee3804d5713cd3,152.17200000000048,lr6e4
2,0.41516955207927836,0.31505316889008206,0.1005883287108734,0.4984168289214619,0.12603698266499805,0.0005995929718221084,1.4456518749986356,0.3854186443895956,337048,1828536,c64dfc4b65b89dc038003f7e6bc2b4b54a694b95ec04102e8749fa58024eef73,302.09400000000096,lr6e4
3,0.40151605415427993,0.30382432030677725,0.09410564937069983,0.4701774526972587,0.14254292361817278,0.0005983730029243771,1.4100232674882243,0.3687108410860072,337048,1828536,0857ed8bec243883e16f1cac7dfb0985c3a776f6efb9c4f89c9deadd92096ad4,452.14100000000144,lr6e4
4,0.39420074285872003,0.29566799166308566,0.09223836566255597,0.45816443257325706,0.1462602314386158,0.0005963434371567559,1.3070475088083384,0.3504841465730017,337048,1828536,ff5288fa17a2b829b57d059bc972f6f4b6d5998291f4d3bc787720603cee356b,602.3280000000013,lr6e4
5,0.38707474337810327,0.2853930908366243,0.0883658088690905,0.4456162603788423,0.13046016911265526,0.0005935098374179403,1.272865368948391,0.34364913613062464,337048,1828536,4bcdc148c93f4107754fb4a92775846f6e86360b5d55527a4ffc97bcb5935175,752.2970000000005,lr6e4
6,0.378069184008015,0.2823359767330946,0.0882168610652927,0.43698808073891254,0.14454252766702738,0.0005898799704078533,1.281010159734974,0.3309284222517562,337048,1828536,d77434cd6865866929b95f0173a172b18f86a987d14c79d12c96bc1100a550b6,902.3280000000013,lr6e4
7,0.3722101918982875,0.2799558662921086,0.0895835058576455,0.43541015937029015,0.13692684497320406,0.0005854637853396607,1.2381518298814165,0.31877729257641924,337048,1828536,8b0df5398e6811bd02b7b0a493282a1a9ab9da1241d39cfc87b16d7080119865,1052.2660000000014,lr6e4
8,0.3617197186621661,0.2801349794562053,0.09064126030911313,0.4308231350606721,0.1527622789366625,0.000580273386669669,1.2031259793941675,0.31156255933168786,337048,1828536,02d282f50a0919a9d78a2bb74dd4eefed15a4eb7f9e732637fca0858f5bec0f8,1202.3910000000014,lr6e4
9,0.3589740752528704,0.26869148772299367,0.08445339609442805,0.41713908602084326,0.13783405450717956,0.0005743230009198526,1.275835374035316,0.30928422251756216,337048,1828536,715d60b218f4c3cc20dcc654f1a7b2cf4396286551a51946032023d91d2587b0,1352.3280000000013,lr6e4
10,0.350998226220648,0.2727739893366369,0.08718082924158117,0.4193670782207949,0.15246493503384098,0.0005676289376839454,1.1959811758659518,0.31611923295993927,337048,1828536,8cba4da03f875924c232725466e8e77c0aa2abdfe5e7344f32c82b6aa7573e20,1502.2350000000006,lr6e4
11,0.35282175494265766,0.27326483692208736,0.08544462013544153,0.4292125250946032,0.12803946622295637,0.0005602095449239785,1.1877028472751283,0.300930320865768,337048,1828536,07c3d1ff62f8f82c7dfad304888f6898310c1f03fefa9fffdf8e6380aca28295,1652.063,lr6e4
12,0.344247808342831,0.2686176351941371,0.0840159587565549,0.4138222587343701,0.13900697365214176,0.0005520851586797911,1.2112590028989783,0.30358838048224795,337048,1828536,f5c5d991ae85c25137d90a665e197e25409acaf590451e8e6d132e6ba6a41c5b,1801.875,lr6e4
13,0.3410861710494663,0.2741539781020627,0.0907324415798744,0.41598778951521387,0.15892834398237202,0.0005432780473293595,1.1694280891190314,0.2944750332257452,337048,1828536,c25431b8963686d6fed28ac22cd5e7c456cd455478d179a9d7c0c5a44c89f20e,1951.7030000000013,lr6e4
14,0.3399231796052111,0.267600133316671,0.08398514837504531,0.4232453202976488,0.12096122105951043,0.0005338123505527205,1.1763979681974936,0.29713309284222517,337048,1828536,d9d4cc6b0dba220ecdf3ce1a8b00c358679fbaa043f4f1a91ffa6e88e0abaa68,2101.531000000001,lr6e4
15,0.33374064868288067,0.2676477045216445,0.08372515608233233,0.40843495628452536,0.15772103383929068,0.0005237140131667862,1.1870130895903448,0.30036073666223656,337048,1828536,4f10ef544a250a760cf9090bdcff8dbd6f555584064d2294dc31bae482c35823,2251.469000000001,lr6e4
16,0.3308426311943392,0.2609974072675746,0.08190539960498437,0.3998770658222762,0.14846315671455465,0.0005130107140124048,1.1611081172033326,0.3014999050692994,337048,1828536,1ea4fe451a508a9424eeca80316d04519969e8b9b375811ba4235edecaa52059,2401.281000000001,lr6e4
17,0.32700731673110733,0.2636058233621095,0.08314651178840718,0.4007245337069655,0.15453250485103384,0.000501731790088581,1.2067222401587452,0.29713309284222517,337048,1828536,c2165ee64434ab3e8ecd5b1f7045238e0dbbf460e2266030d8b7b5ecc6464c86,2551.094000000001,lr6e4
18,0.3239503582886762,0.2624456161340022,0.08347875843300688,0.4018366413072525,0.147207110862356,0.0004899081561418018,1.2274997954873765,0.29485475602809946,337048,1828536,c388e693accc97e425b7387495be2f4b43644e6e0cbe0a11d764d0747b97af85,2700.969000000001,lr6e4
19,0.3206286769169225,0.26340513159513573,0.08288140300364555,0.4072415693997632,0.13771832399071068,0.00047757221993086454,1.1935046037879369,0.2893487753939624,337048,1828536,2ad04e5fca29550e96435eec4521ad9734a0dbedcf922060df8815d409662cd3,2850.813,lr6e4
20,0.31314807726708116,0.2619029324198458,0.0823175347137991,0.4015964726455318,0.14795869405422185,0.0004647577933994631,1.1630747273369126,0.28346307195747106,337048,1828536,bb0a0bce4e04877929d10527f10dcc5be5d35dc1a090fc80ba56a0610dd677ef,3000.625,lr6e4
21,0.31381362555084996,0.25801405418856427,0.08059789492428471,0.40197828955412135,0.12855868965187564,0.0004515,1.2784579588885052,0.29485475602809946,337048,1828536,0daf8e9fc44a5dd73b94fad6575b8241cd283b197a656144926a8d18c626b156,3150.438000000002,lr6e4
22,0.31367335551310954,0.2562003741675294,0.0792050323530724,0.39472563161497504,0.1431003574463638,0.0004378351784226454,1.2059688165413263,0.2929561420163281,337048,1828536,d2142c204c316e2fb30e3042eede87a4a94a5154a9a22c8526e1730b88f657d3,3300.25,lr6e4
23,0.30791840510013696,0.2579842293514204,0.08056245494743171,0.3954651157637004,0.14757536811905606,0.00042380078299351275,1.2159361782414266,0.2944750332257452,337048,1828536,a02ff7938724134a603e4a513361cfbbbed8aee25af2b2a57c5df891b0d076a9,3450.0470000000023,lr6e4
24,0.30284584519918645,0.2552947472963634,0.0789290643536022,0.39876294776257254,0.1386687593819498,0.0004094352810149543,1.2607534608805635,0.29238655781279665,337048,1828536,b1ee6e4afd64da64f3d5ec5cea0ec53146568f962d0b4da71ffc9e364e01c0dc,3599.9530000000013,lr6e4
25,0.3020926142184678,0.2549126297408427,0.07885485351467846,0.3968647240398911,0.1309437058945667,0.00039477804732935943,1.228726722000162,0.287450161382191,337048,1828536,3d6ccdf9b694c3a3123c42420d85a347397e3396199f836ba78d40384afa6560,3749.8280000000013,lr6e4
26,0.29630450214256476,0.2526236122684093,0.07858918224000878,0.3919035732814188,0.14010018236979488,0.0003798692563954487,1.2540712482860876,0.29656350863869374,337048,1828536,59a0c99f7b495716d20132b2661f603606b9cb0d6cf4ca4c52ea84cd923155ee,3899.75,lr6e4
27,0.2932442673162025,0.2520698068269182,0.07849155926005072,0.3971035905231874,0.12432127926556598,0.00036474977217287446,1.2054551675680898,0.29485475602809946,337048,1828536,30ff97a5c915a1cea4b701526131caf98745cd623358fca28ce6c0edd9126779,4049.655999999999,lr6e4
28,0.29010034774011356,0.25127883580398575,0.07709261400474307,0.3899513341382757,0.1333911492019463,0.00034946103611694854,1.18745148728791,0.2878298841845453,337048,1828536,393076980ca3f5852eb4c070b150b9f10fb202010841feb7c6910a38666f4e44,4199.594000000001,lr6e4
29,0.28500706163576517,0.2512752974980454,0.07734739552862997,0.3890120640215777,0.13934937898183064,0.00033404495359049306,1.2089224530916887,0.2910575280045567,337048,1828536,2707d68284eadf286fff839f243cc8f15c5141c67dbfef93131d5aa365ac0168,4349.5,lr6e4
30,0.28204833628926196,0.24693976243966925,0.07680894256762665,0.3867166134800662,0.1311658279896734,0.0003185437790041542,1.2263199203968251,0.28991835959749385,337048,1828536,7968f12623ca8b7e39eeec4bb99d2c3553d25816385553c6bdd7084f64c0f292,4499.391,lr6e4
31,0.28290001590380776,0.24865643936609963,0.07799358090817389,0.38754072565672715,0.1296338714521667,0.000303,1.2010382563031352,0.2927662806151509,337048,1828536,6fe34b69347d794058e0c581d5a41a954103274f45fb5a3eaa2ba9d934035eb3,4649.313000000002,lr6e4
32,0.2788143564249148,0.24512478830882686,0.07606090999199158,0.380303516682357,0.13510555789697598,0.00028745622099584565,1.2243183322048559,0.29466489462692236,337048,1828536,37d836f658fa3b20517a164839745787aa04cbcbad1e1e716eb91d02958b899e,4799.235000000001,lr6e4
33,0.2736900976768025,0.2481624179933125,0.07760936359945628,0.3841089743582736,0.1369614718241034,0.0002719550464095069,1.2182305656332477,0.2921966964116195,337048,1828536,9cb2851643fcd03347cfa6e56a95236c150d276b8f6e29aa5e659fd7ac1e7a76,4949.155999999999,lr6e4
34,0.2721188061493008,0.24848418694122223,0.07756880597018763,0.38567510919646525,0.13074962267166657,0.00025653896388305134,1.2254161187094847,0.2904879438010253,337048,1828536,743a9e98884e5f0c4d87e4d8d95bcf8b6deb6017f61672d9bc5747047bd1a909,5099.078000000001,lr6e4
35,0.26968375533650846,0.24413585496339532,0.07554523617855027,0.37915104714214815,0.1353746850647801,0.0002412502278271254,1.2245221391125016,0.29371558762103667,337048,1828536,99a67aae4635ec98f2c044abc7c567a6c62cfecde49f70789ba13750fa91746f,5248.969000000001,lr6e4
36,0.266659703016117,0.24556653982896268,0.07702751508767175,0.38302288064531104,0.12604366285268317,0.0002261307436045513,1.3012891445462405,0.29789253844693375,337048,1828536,1fef3ee23b38dfa9a0bedd7a547c9f7d6a41474d64c47c015e7a7f87c375eef4,5398.891,lr6e4
37,0.2609298875834057,0.24166154191459274,0.07548521243544057,0.3773671014942659,0.1289722274708233,0.00021122195267064058,1.2391335499372658,0.29713309284222517,337048,1828536,f2b83e16cf373400ad042705d46cc8ebe1d580ec95077f47545a3ca3cd313567,5548.813000000002,lr6e4
38,0.26064621244946984,0.24179236048045707,0.0756174984896631,0.3768553588837718,0.12943639451121378,0.00019656471898504577,1.3004298631362836,0.2992215682551737,337048,1828536,642c7cff0bdc90e2e0fe7bf797853c62814a333f0faf50af8c0e817d7f470fc9,5698.735000000001,lr6e4
39,0.25595645769142794,0.24179371959065152,0.0762318257901996,0.3785514012893499,0.1272110936122463,0.0001821992170064873,1.2726972637914131,0.2986519840516423,337048,1828536,71162bd5765d728647296103f6f13c9a4db5b0883b4b7ff8d42c86348abff69a,5848.625,lr6e4
40,0.253707446885642,0.23818434969164975,0.0742958297041559,0.37694977807190067,0.11962561458332789,0.00016816482157735457,1.3868652673154216,0.298272261249288,337048,1828536,ba528b4c50fb739d1d3486b4e9152d73c86d2e867e54cfe1c454728fcf5a537c,5998.516,lr6e4
41,0.25153191361064975,0.23889668010332965,0.07482352885690784,0.3765470355623418,0.12155176934945411,0.00015450000000000001,1.2805715253460288,0.29751281564457943,337048,1828536,cd597b6ded9a95dcc461d2f6d83d161c9e4da8fdda16d473bd983456ff725c79,6148.405999999999,lr6e4
42,0.2495921671035786,0.2390073652843262,0.07492554895134296,0.3742487922598499,0.12668147565488858,0.000141242206600537,1.2504920139668312,0.2954243402316309,337048,1828536,47a3cb22c20b9aa72eae69000efc3ceca7efe2f2f414fb827f4ea3c44a00ee27,6298.266,lr6e4
43,0.24611385978991945,0.23845101396775883,0.07441783975719435,0.37633838344976756,0.11977734959329062,0.00012842778006913548,1.2792711662984741,0.2992215682551737,337048,1828536,2dcfc10f714fdf9c53d8f3cc3cf2d9726a847a9f79699d26b907e96b4a89b437,6448.094000000001,lr6e4
44,0.24380750438158083,0.23949397590704935,0.0753248891910353,0.376577745929861,0.12172354343422055,0.00011609184385819828,1.3102887863420956,0.30036073666223656,337048,1828536,f7641201042bc72347e11699c093c9f334269b684e5ac1be6722fefdd3cae65a,6597.891,lr6e4
45,0.24086486831028353,0.23723190996374025,0.07368395195786222,0.375961895073316,0.11534415977669514,0.00010426820991141916,1.267692135191799,0.300930320865768,337048,1828536,e2e6ea8b836d8289c35b9f00dfa6e5456d7b89cf881247eabae3c6e41d99ec3f,6747.688000000002,lr6e4
46,0.23865767152609174,0.2367313898111408,0.07396980227036712,0.3741287742756419,0.11918570568244015,9.298928598759537e-05,1.2961865716221461,0.3018796278716537,337048,1828536,f6637ceef2791901fe31183e38dbe1429632195eede411da2f23b192c3d68006,6897.5,lr6e4
47,0.23580826848245942,0.2365598729581732,0.07429964443873635,0.37342992627771254,0.11899842034269772,8.228598683321392e-05,1.2626953283927802,0.300930320865768,337048,1828536,825656d4a27cc5dc53a08d9116da021345a9f6ccf347a49c4cf5c15d158d886c,7047.297000000002,lr6e4
48,0.23605659338312618,0.23551168822281,0.07342995348705995,0.37109145090978884,0.12136403688353778,7.218764944727962e-05,1.3230444233173524,0.30453768748813365,337048,1828536,2b4b107f032044e57ddd6bfeb26bb2aee310d6d081ccbe78f18a15e2a3a8d051,7197.155999999999,lr6e4
49,0.2348873610787223,0.23519395519168174,0.07314956075647167,0.3702940637616192,0.12051103892400324,6.272195267064063e-05,1.2796903762288105,0.29637364723751664,337048,1828536,b35d0d03b2d568853efe11800a6d546c8f953567bdf97dcac68200718a59fcbe,7347.0,lr6e4
50,0.2332509802544964,0.2346883308290473,0.0729945157922165,0.3694770457738637,0.12038086606584471,5.3914841320209076e-05,1.3164419150155002,0.30529713309284223,337048,1828536,b5f19afa82723213ec0e1a13918f313687bd5d59bd386ec30d55ed850f95c7dd,7496.860000000001,lr6e4
51,0.23180805056840156,0.23438679541542679,0.07301775641123312,0.37064184378993087,0.11786822398104524,4.579045507602169e-05,1.3178353596592574,0.31061325232580217,337048,1828536,c355aee99e6ec1ae821f7d95c107093a6610f18ebad3026cc30167b10a76ba46,7646.719000000001,lr6e4
52,0.23031388166475306,0.23547166076205772,0.07355693558093332,0.3710478778035142,0.12071466261400433,3.837106231605476e-05,1.293131957780156,0.3032086576798937,337048,1828536,0238a6c5fb7c0299a818b2941b8827e62d057aeed68cda40732274ee0a05b3a9,7796.594000000001,lr6e4
53,0.2290761736381765,0.23528783863269268,0.07346653564387078,0.3709414677991997,0.11834238458767295,3.16769990801475e-05,1.4060856599395362,0.3121321435352193,337048,1828536,ec8305deb70b85ef819c5a733ed3874a324fb6d57c8c0266f520d65871f78797,7946.422000000002,lr6e4
54,0.22815506671937344,0.23462208708974236,0.07300229578813935,0.37084508885159573,0.11800718170180169,2.5726613330331077e-05,1.3472528775285018,0.3039681032846022,337048,1828536,9d444242297b35cb62765f69639f24fe2df0282607999023e51c5582ecbca686,8096.25,lr6e4
55,0.2266868750284966,0.23429680575182169,0.07307359012792487,0.36984716625027664,0.1188310964002472,2.0536214660339394e-05,1.3003208724771615,0.30833491551167647,337048,1828536,cb3c7d1b8e9ad13228c33d212267ce1c1c9e63621b01a781a0288364aa80bd35,8246.078000000001,lr6e4
56,0.22529066031527398,0.23408643296628198,0.07291120669021807,0.3705178968489985,0.11709374884814767,1.6120029592146707e-05,1.2717100346925274,0.3014999050692994,337048,1828536,7051ad17ccca03a83211837a65073a542d136c595bc708348932560f26634bef,8396.0,lr6e4
57,0.22723753764383284,0.23398044391900677,0.07273623184724873,0.36905925658281075,0.12013217562649901,1.2490162582059707e-05,1.284632714741457,0.30586671729637366,337048,1828536,f829dd353f8faee9e2eaed2a6317bdede5fb70846819006eeb38ec098a4c45af,8545.969000000001,lr6e4
58,0.22536553587445388,0.23380982949259807,0.07271335973586289,0.36905570000763793,0.11944146843199428,9.656562843244112e-06,1.2787078190159928,0.30871463831403073,337048,1828536,81d317adf761bdafa1725e34346ee80d48021fee8f357bab201f64f176da8295,8696.297000000002,lr6e4
59,0.22373968725973412,0.2339216685416969,0.07281149557955187,0.36925893743838656,0.11969257561691402,7.626997075622798e-06,1.287140335154212,0.3024492120751851,337048,1828536,5af2b6e21e752c53d54dcf2fb9bfbc758ef619469df08c2158b09fc817f69075,8846.25,lr6e4
60,0.22409658989833933,0.23361567601825228,0.07273581965593647,0.36875003428250785,0.11955204136004585,6.407028177891571e-06,1.3047319182424815,0.3113726979305107,337048,1828536,3306cd499f6763e8e845911095db72ff1f3347f89643a6136511a2c8e1aedf57,8996.203000000001,lr6e4
