canonical_name,mask_family,loss_group,train_profile_count,loss_eligible,axis_index,seed,centred_source_rms,centred_source_mean_absolute,centred_source_max_absolute
Acetic acid,organic_acid,food_metabolome,54,True,2,20260922,0.007502112282135351,0.002997782430611551,0.03597338870167732
Apigenin,flavonoid,food_metabolome,229,True,7,20260922,1.8256966132814934e-05,7.296446559242516e-06,8.755733142606914e-05
Benzoic acid,organic_acid,food_metabolome,80,True,9,20260922,0.014705309459180166,0.005876655923202634,0.07051990181207657
Cadaverine,nitrogenous_metabolite,food_metabolome,67,True,11,20260922,0.059348379057155384,0.02369669235001008,0.2843603491783142
Caffeic acid,phenolic_acid,food_metabolome,148,True,12,20260922,0.0008035832591824105,0.0003211540315533057,0.0038538500666618347
Caffeine,alkaloid_or_bioactive,food_metabolome,12354,True,13,20260922,0.1891464412765149,0.09215732795807223,0.852295458316803
Catechin,flavonoid,food_metabolome,110,True,15,20260922,7.10336484550219e-05,2.8388794210817043e-05,0.00034066539956256747
Choline,nitrogenous_metabolite,food_metabolome,4304,True,16,20260922,0.0012767164695045889,0.0004973171793002015,0.005967805162072182
Citric acid,organic_acid,food_metabolome,298,True,18,20260922,0.0005049981826788703,0.0002773833160366242,0.0018607141682878137
Cyanidin,anthocyanin,food_metabolome,90,True,21,20260922,1.786946021027199e-05,7.141576437182569e-06,8.569892088416964e-05
Daidzein,isoflavone,food_metabolome,47,True,22,20260922,0.00025595975306648097,0.00010229499215104927,0.0012275398476049304
Delphinidin,anthocyanin,food_metabolome,56,True,24,20260922,7.83847764077492e-06,3.132665748732203e-06,3.7592020817101e-05
Ellagic acid,phenolic_acid,food_metabolome,32,True,25,20260922,0.0001360175499139571,5.4359775579844914e-05,0.000652317248750478
Epigallocatechin,flavonoid,food_metabolome,142,True,26,20260922,4.9423868869127265e-05,1.97523765261091e-05,0.00023702855105511844
Ferulic acid,phenolic_acid,food_metabolome,135,True,28,20260922,0.0004165295488913484,0.00016646722845810777,0.0019976054318249226
Gallic acid,phenolic_acid,food_metabolome,90,True,33,20260922,0.0003430151099790363,0.00013708678307011724,0.0016450427938252687
Genistein,isoflavone,food_metabolome,91,True,35,20260922,1.5109953613614258e-05,6.038733696793012e-06,7.246479071909562e-05
Glycitein,isoflavone,food_metabolome,64,True,43,20260922,2.974859399918652e-05,1.1889101794319382e-05,0.00014266924699768424
Histamine,nitrogenous_metabolite,food_metabolome,198,True,47,20260922,0.005816202196319709,0.0023233380246286592,0.027880065143108368
Isorhamnetin,flavonoid,food_metabolome,96,True,50,20260922,3.75434265452047e-05,1.5004324874704858e-05,0.0001800519530661404
Kaempferol,flavonoid,food_metabolome,288,True,51,20260922,4.076777311991444e-05,1.6292947899880044e-05,0.0001955153711605817
Lactic acid,organic_acid,food_metabolome,75,True,52,20260922,0.0019537254081617573,0.0006949789822101593,0.008079329505562782
Lariciresinol,lignan,food_metabolome,28,True,53,20260922,2.9743261719028414e-05,1.188696614917717e-05,0.000142643679282628
Lutein,carotenoid,food_metabolome,70,True,54,20260922,0.04805556852445308,0.021042539350067575,0.22780825197696686
Luteolin,flavonoid,food_metabolome,238,True,55,20260922,1.1143175898115951e-05,4.453398408562255e-06,5.344079545466229e-05
Malic acid,organic_acid,food_metabolome,301,True,56,20260922,0.0023495432221313844,0.0010207054632094998,0.01115696132183075
Matairesinol,lignan,food_metabolome,34,True,58,20260922,0.0014802281542782183,0.0005915770792247107,0.007098924834281206
Myricetin,flavonoid,food_metabolome,235,True,61,20260922,8.101711993577702e-06,3.237869577787933e-06,3.885444675688632e-05
Naringenin,flavonoid,food_metabolome,89,True,62,20260922,2.931397572759706e-05,1.171540740566949e-05,0.00014058488886803389
Oxalic acid,organic_acid,food_metabolome,20,True,65,20260922,0.019650069102688565,0.007852620755632719,0.0942315012216568
Pelargonidin,anthocyanin,food_metabolome,52,True,66,20260922,8.351769180757919e-05,3.33780632596851e-05,0.00040053678094409406
Peonidin,anthocyanin,food_metabolome,50,True,67,20260922,4.1307116356074945e-05,1.650849450622142e-05,0.00019810197409242392
Pinoresinol,lignan,food_metabolome,28,True,72,20260922,0.0009702202956624978,0.000387750876446565,0.004653013311326504
Putrescine,nitrogenous_metabolite,food_metabolome,88,True,77,20260922,0.021235542790053373,0.008478874224238098,0.10174647718667984
Quercetin,flavonoid,food_metabolome,341,True,79,20260922,6.654394271155983e-05,2.6594458176987246e-05,0.00031913354177959263
Rosmarinic acid,phenolic_acid,food_metabolome,34,True,82,20260922,7.118200143069853e-05,2.8448087202074628e-05,0.0003413768718019128
Secoisolariciresinol,lignan,food_metabolome,32,True,83,20260922,0.0002778653153595821,0.00011104959655009831,0.001332595245912671
Spermine,nitrogenous_metabolite,food_metabolome,51,True,88,20260922,0.0003082147628559229,0.00012924917973577976,0.0014711180701851845
Syringic acid,phenolic_acid,food_metabolome,79,True,90,20260922,6.947870758107454e-05,2.7767341331734013e-05,0.0003332081832922995
Tartaric acid,organic_acid,food_metabolome,25,True,91,20260922,0.009272481634460454,0.003536987157228092,0.04244384169578552
Taurine,nitrogenous_metabolite,food_metabolome,27,True,92,20260922,0.019685711669377902,0.007867074105888605,0.0944049134850502
Theobromine,alkaloid_or_bioactive,food_metabolome,12185,True,93,20260922,2.4763641216022218e-05,1.4073533141830316e-05,9.99334515654482e-05
Tyramine,nitrogenous_metabolite,food_metabolome,120,True,96,20260922,0.00020949144750386528,8.372384399990551e-05,0.0010046856477856636
Vanillic acid,phenolic_acid,food_metabolome,83,True,98,20260922,0.00017025072746901706,6.804119160127205e-05,0.0008164937607944012
p-Coumaric acid,phenolic_acid,food_metabolome,145,True,103,20260922,0.0006396526685678791,0.00025563886932407814,0.003067666431888938
Alanine,amino_acid,nutrition,8951,True,104,20260922,0.027796282333846848,0.012160895984076584,0.13146866858005524
Arachidonic acid (20:4n-6),fatty_acid,nutrition,7558,True,105,20260922,0.010292847888109068,0.003818748803799584,0.04488544166088104
Arginine,amino_acid,nutrition,13955,True,106,20260922,0.01004905591480576,0.004985400359146297,0.045631784945726395
Ascorbic acid (vitamin C),vitamin,nutrition,587,True,107,20260922,0.00028829230949331086,0.00014560144215162532,0.0012795351212844253
Ash,food_matrix,nutrition,25711,True,108,20260922,0.06879969461111603,0.041623359419948734,0.27691465616226196
Aspartic acid,amino_acid,nutrition,8807,True,109,20260922,0.019678657056169304,0.009125367815916737,0.09181991964578629
Available carbohydrate,macronutrient,nutrition,4228,True,110,20260922,0.00340549842879809,0.0017248474129398044,0.014801683835685253
Beta-sitosterol,sterol,nutrition,300,True,111,20260922,5.8038175480839226e-05,2.8587101648251217e-05,0.0001849047839641571
Betaine,amino_acid,nutrition,4003,True,112,20260922,0.0005514740537023163,0.00019827088544843718,0.002379249781370163
Biotin,vitamin,nutrition,10890,True,113,20260922,0.03418781070974308,0.014965386794453176,0.15811972320079803
Butyric acid (4:0),fatty_acid,nutrition,13116,True,114,20260922,0.036280306239313456,0.014524363000721982,0.1726607233285904
Calcium,mineral,nutrition,58958,True,115,20260922,0.11509835421015888,0.061474181566154584,0.4159906804561615
Campesterol,sterol,nutrition,263,True,116,20260922,0.0001804024271328244,6.777572950037818e-05,0.000792902079410851
"Carotene, alpha",vitamin,nutrition,15924,True,117,20260922,0.19075566432824903,0.07548145344480872,0.9049696326255798
"Carotene, beta",vitamin,nutrition,24902,True,118,20260922,0.2170961241796102,0.09840506249262641,0.9662220478057861
Cellulose,dietary_fibre,nutrition,74,True,119,20260922,0.0021299930682435074,0.0008333969162777066,0.010000751353800297
Chloride,mineral,nutrition,1892,True,120,20260922,0.0029608936902445313,0.0010592271864879876,0.0118193244561553
Cholecalciferol (vitamin D3),vitamin,nutrition,3891,True,121,20260922,0.0009282727096176852,0.00038699527309897047,0.0035381168127059937
Cholesterol,sterol,nutrition,27859,True,122,20260922,0.0015226029428316995,0.0007388052054011496,0.005269617773592472
"Choline, total",vitamin,nutrition,10931,True,123,20260922,0.0023587525448050656,0.0009440913563594222,0.008417363278567791
Chromium,mineral,nutrition,2588,True,124,20260922,0.01183678587159109,0.004831728001590818,0.05663907527923584
Cobalamin (vitamin B12),vitamin,nutrition,38481,True,125,20260922,0.021320025523725805,0.008786055016874647,0.09663914889097214
Conjugated linoleic acids (18:2 CLA isomers),fatty_acid,nutrition,469,True,126,20260922,3.4174072482656685e-05,1.3657753394606212e-05,0.00016389309894293547
Copper,mineral,nutrition,47025,True,127,20260922,0.05191215826642519,0.036189034988638014,0.18329867720603943
"Cryptoxanthin, beta",vitamin,nutrition,15474,True,128,20260922,0.00016921465762124004,7.545137452780182e-05,0.0007550895097665489
Cystine,amino_acid,nutrition,8845,True,129,20260922,0.020938088096193325,0.008547942804095024,0.08196497708559036
Decanoic acid (10:0),fatty_acid,nutrition,20960,True,130,20260922,0.028820583484819747,0.011966520522643501,0.13648997247219086
"Dietary fibre, total",macronutrient,nutrition,14884,True,131,20260922,0.08592169644354408,0.03660457947019798,0.3796345889568329
Docosahexaenoic acid (DHA; 22:6n-3),fatty_acid,nutrition,17072,True,132,20260922,0.019125366775620222,0.007759266532957554,0.09093265235424042
Docosanoic acid (22:0),fatty_acid,nutrition,6815,True,133,20260922,0.14142344011475189,0.07116682850755751,0.6184240579605103
Docosapentaenoic acid (DPA; 22:5n-3),fatty_acid,nutrition,20443,True,134,20260922,0.03932718758356776,0.015653847348100196,0.1872476041316986
Docosatetraenoic acid (22:4; isomer unspecified),fatty_acid,nutrition,335,True,135,20260922,7.371111172406746e-05,2.9458844437613152e-05,0.0003535060677677393
Docosenoic acid (22:1; cis/trans unspecified),fatty_acid,nutrition,3916,True,136,20260922,1.3559589976952352e-06,5.41912688352871e-07,6.502950782305561e-06
Dodecanoic acid (12:0),fatty_acid,nutrition,24075,True,137,20260922,0.05237288957647682,0.020974508040429402,0.24015174806118011
Eicosanoic acid (20:0),fatty_acid,nutrition,5577,True,138,20260922,0.08696908458933826,0.042717414326034486,0.4038078188896179
Eicosapentaenoic acid (EPA; 20:5n-3),fatty_acid,nutrition,22698,True,139,20260922,0.054404808192879246,0.021692059895334143,0.2585170269012451
Eicosatetraenoic acid (20:4; isomer unspecified),fatty_acid,nutrition,4225,True,140,20260922,4.326244858757704e-05,1.7289948724889353e-05,0.00020747941744048148
Eicosatrienoic acid (20:3; isomer unspecified),fatty_acid,nutrition,1069,True,141,20260922,4.596918960047106e-05,1.8371699601023767e-05,0.00022046049707569182
Eicosatrienoic acid (20:3n-3),fatty_acid,nutrition,318,True,142,20260922,7.32559289142341e-05,2.876504004234448e-05,0.00034518016036599874
Eicosatrienoic acid (20:3n-6),fatty_acid,nutrition,1284,True,143,20260922,0.00017248932891732608,6.489194735574226e-05,0.0007787029026076198
Eicosenoic acid (20:1; isomer unspecified),fatty_acid,nutrition,18997,True,144,20260922,0.015129744857036566,0.008487692820684364,0.06322196125984192
Ethanol,ethanol,nutrition,20398,True,147,20260922,9.127204356110716e-05,6.297368478650849e-05,0.00033717829501256347
"Fat, total",macronutrient,nutrition,29145,True,148,20260922,0.008999165412166318,0.007176593096422342,0.02533881552517414
"Fatty acids, total monounsaturated",fatty_acid,nutrition,23463,True,149,20260922,0.007334338652670835,0.005267079007656624,0.0197746641933918
"Fatty acids, total polyunsaturated",fatty_acid,nutrition,23510,True,150,20260922,0.05377850477587273,0.02387227487633936,0.250387042760849
"Fatty acids, total saturated",fatty_acid,nutrition,24195,True,151,20260922,0.008429526342516806,0.005994729700129635,0.022970058023929596
"Fatty acids, total trans",fatty_acid,nutrition,6395,True,152,20260922,0.015406443340379281,0.006353245507246659,0.07356791198253632
"Fatty acids, total trans-monoenoic",fatty_acid,nutrition,2834,True,153,20260922,0.002491765454174145,0.0009653202917737266,0.011583847925066948
"Fatty acids, total trans-polyenoic",fatty_acid,nutrition,2530,True,154,20260922,0.000522312477912129,0.0002008975595041799,0.0024107706267386675
"Folate, food",vitamin,nutrition,18616,True,155,20260922,0.053564722619295624,0.03388384015609821,0.22160162031650543
"Folate, total",vitamin,nutrition,22827,True,156,20260922,0.05148811920227288,0.024361173796933144,0.2069970816373825
Folic acid,vitamin,nutrition,20101,True,157,20260922,0.19667362287605272,0.07860096039560933,0.9345148205757141
Fructose,carbohydrate,nutrition,11121,True,158,20260922,0.03202620001043677,0.017691570887109265,0.11838798969984055
Galactose,carbohydrate,nutrition,8206,True,159,20260922,0.07190701649698375,0.028619937324644223,0.3428439199924469
Glucose,carbohydrate,nutrition,11357,True,160,20260922,0.03714841414529829,0.021388163925924648,0.13528873026371002
Glutamic acid,amino_acid,nutrition,8995,True,161,20260922,0.014511014570782401,0.005530261973035522,0.05158347636461258
Glycine,amino_acid,nutrition,13838,True,162,20260922,0.0096783880097823,0.004275078468102341,0.04473802447319031
Heptadecanoic acid (17:0),fatty_acid,nutrition,6403,True,165,20260922,0.01088230403383739,0.006954092318968226,0.03384919464588165
Heptadecenoic acid (17:1; isomer unspecified),fatty_acid,nutrition,5939,True,166,20260922,0.03839678887264588,0.015503797699542096,0.18327821791172028
Hexadecanoic acid (16:0),fatty_acid,nutrition,20371,True,167,20260922,0.028948462096455928,0.015586275641301958,0.12261426448822021
Hexadecenoic acid (16:1; cis/trans unspecified),fatty_acid,nutrition,4694,True,168,20260922,3.9350290940736456e-05,1.572645548246025e-05,0.00018871735665015876
Hexanoic acid (6:0),fatty_acid,nutrition,18640,True,169,20260922,0.027969482226125122,0.012998919303451354,0.1289159506559372
Histidine,amino_acid,nutrition,9036,True,170,20260922,0.025570447054824554,0.013766057672910392,0.10948338359594345
Hydroxyproline,amino_acid,nutrition,1731,True,171,20260922,9.298320551413213e-05,3.220217695343308e-05,0.000334123003995046
Insoluble dietary fibers,dietary_fibre,nutrition,158,True,172,20260922,0.00015721488071916137,6.283131006057374e-05,0.0007539761136285961
Iron,mineral,nutrition,52319,True,173,20260922,0.1844055461108702,0.10680395159094284,0.5418426394462585
Isoleucine,amino_acid,nutrition,9047,True,174,20260922,0.0065821748232350085,0.0032525873684789985,0.030657580122351646
Isomeric linoleic acids (18:2),fatty_acid,nutrition,44,True,175,20260922,0.00012833511180158986,5.1289437881981335e-05,0.0006154736038297415
Isomeric linolenic acids (18:3),fatty_acid,nutrition,68,True,176,20260922,2.60293951055637e-05,1.0402722940246653e-05,0.00012483258615247905
Lactose,carbohydrate,nutrition,11786,True,177,20260922,0.03218737892049635,0.012815686049483096,0.15301929414272308
Leucine,amino_acid,nutrition,9048,True,178,20260922,0.008898611357909298,0.005569926215684973,0.029009729623794556
Lignin,dietary_fibre,nutrition,61,True,179,20260922,0.053281737830688854,0.02129328817439576,0.25551947951316833
Linoleic acid (18:2n-6),fatty_acid,nutrition,7823,True,180,20260922,0.03692199413092562,0.02065199573795932,0.14911974966526031
Lutein + zeaxanthin,vitamin,nutrition,7180,True,181,20260922,0.002168596956781696,0.0008664239764281471,0.010397087782621384
Lycopene,vitamin,nutrition,13598,True,182,20260922,0.06688243770314482,0.026592308834854823,0.31891462206840515
Lysine,amino_acid,nutrition,9072,True,183,20260922,0.008362978440910496,0.004238490801071748,0.03721632435917854
Magnesium,mineral,nutrition,48967,True,184,20260922,0.047735076852739894,0.0317557217592063,0.14482887089252472
Maltose,carbohydrate,nutrition,11809,True,185,20260922,0.06129131108045566,0.02436429392158364,0.2914571762084961
Manganese,mineral,nutrition,23671,True,186,20260922,0.043839754300517286,0.017412575737883646,0.17775048315525055
Menaquinone-4,vitamin,nutrition,94,True,188,20260922,3.862669398050012e-06,1.5437258677290326e-06,1.8524711776990443e-05
Methionine,amino_acid,nutrition,9068,True,189,20260922,0.01639718387231165,0.007188899035099894,0.07516612857580185
Molybdenum,mineral,nutrition,1030,True,190,20260922,0.02183487823868293,0.009571659378707409,0.10341153293848038
Niacin,vitamin,nutrition,32139,True,191,20260922,0.029630120071108452,0.023916486078330006,0.06354889273643494
Nicotinic acid,vitamin,nutrition,7095,True,192,20260922,0.00017325159952714575,6.924045131502983e-05,0.0008308854885399342
Octadecadienoic acid (18:2; isomer unspecified),fatty_acid,nutrition,4938,True,193,20260922,0.00012449992363786682,4.975675377257479e-05,0.0005970806232653558
Octadecanoic acid (18:0),fatty_acid,nutrition,20298,True,194,20260922,0.01646245654634154,0.009534739288937999,0.0591198205947876
Octadecatetraenoic acid (18:4; isomer unspecified),fatty_acid,nutrition,3915,True,195,20260922,1.4722175443093519e-05,5.883758452303785e-06,7.060507050482556e-05
Octadecatrienoic acid (18:3; isomer unspecified),fatty_acid,nutrition,4850,True,196,20260922,0.00011452053551329742,4.576844730763696e-05,0.0005492211785167456
Octadecenoic acid (18:1; cis/trans unspecified),fatty_acid,nutrition,4925,True,197,20260922,1.7144676481480683e-05,6.85191707816557e-06,8.222297765314579e-05
Octanoic acid (8:0),fatty_acid,nutrition,19582,True,198,20260922,0.05722265182495188,0.031055129463008296,0.21702829003334045
Pantothenic acid (vitamin B5),vitamin,nutrition,21348,True,199,20260922,0.10466400197910629,0.04628234616635988,0.4873239994049072
Pentadecanoic acid (15:0),fatty_acid,nutrition,7716,True,200,20260922,0.02366778284410442,0.01444593584164977,0.08049067854881287
Pentadecenoic acid (15:1; isomer unspecified),fatty_acid,nutrition,5159,True,201,20260922,0.2885057024336684,0.11481300159357488,1.3775919675827026
Phenylalanine,amino_acid,nutrition,9058,True,202,20260922,0.020257998046351134,0.01085551111221624,0.06834970414638519
Phosphorus,mineral,nutrition,49769,True,203,20260922,0.008371893311781575,0.006511040799523471,0.021857580170035362
Phytosterols,sterol,nutrition,398,True,204,20260922,2.782837412374254e-05,1.1121691992836228e-05,0.0001334601838607341
Potassium,mineral,nutrition,50468,True,205,20260922,0.014135413596955559,0.01031865688128164,0.03980482369661331
Proline,amino_acid,nutrition,8973,True,206,20260922,0.01712354809913648,0.00967420269929183,0.06411662697792053
"Protein, total",macronutrient,nutrition,27854,True,207,20260922,0.027063769885683507,0.016812239642604254,0.11304403096437454
Retinol,vitamin,nutrition,33080,True,208,20260922,0.04510608048269379,0.022018396082179,0.17804814875125885
Riboflavin (vitamin B2),vitamin,nutrition,40252,True,209,20260922,0.07127960191581327,0.043928005383349955,0.27983328700065613
"Selenium, Se",mineral,nutrition,37887,True,210,20260922,0.048337690098663066,0.026559444968976702,0.209328755736351
Serine,amino_acid,nutrition,8943,True,211,20260922,0.019344208451334208,0.00770401896443218,0.09029524773359299
Sodium,mineral,nutrition,33552,True,212,20260922,0.018003540668530976,0.012065835277705142,0.057686686515808105
Sorbitol,carbohydrate,nutrition,77,True,213,20260922,0.0006966713946475029,0.0003770743787754327,0.0027474623639136553
Starch,carbohydrate,nutrition,9168,True,214,20260922,0.006708816798922233,0.004358602289964135,0.026749273762106895
Stearidonic acid,fatty_acid,nutrition,1449,True,215,20260922,1.6200808371066602e-05,6.474693539833727e-06,7.769634976284578e-05
Stigmasterol,sterol,nutrition,304,True,216,20260922,0.00031454689645871506,0.0001216283708345145,0.0014359529595822096
Sucrose,carbohydrate,nutrition,7416,True,217,20260922,0.009721689208653721,0.0042373749990171445,0.04613202065229416
"Sugars, total",carbohydrate,nutrition,18841,True,218,20260922,0.061361493081565244,0.03778982329337547,0.22356246411800385
Sulfur,mineral,nutrition,98,True,219,20260922,5.001322323498143e-05,1.9454307827497058e-05,0.00023345183581113815
Tetracosanoic acid (24:0),fatty_acid,nutrition,4495,True,220,20260922,0.16348009043324593,0.09351114168142279,0.6915491223335266
Tetradecanoic acid (14:0),fatty_acid,nutrition,19609,True,221,20260922,0.002893807508686105,0.0016725310936938815,0.008083662949502468
Tetradecenoic acid (14:1; isomer unspecified),fatty_acid,nutrition,6711,True,222,20260922,0.02264794002717629,0.008376184404672435,0.09152045845985413
Thiamin (vitamin B1),vitamin,nutrition,42174,True,223,20260922,0.04696546130301407,0.02679020742167874,0.17717944085597992
Threonine,amino_acid,nutrition,9043,True,224,20260922,0.004578648727359012,0.00285622493053476,0.017060989513993263
"Tocopherol, beta",vitamin,nutrition,7841,True,225,20260922,0.0953429682710297,0.03797128105846544,0.45466768741607666
"Tocopherol, delta",vitamin,nutrition,7784,True,226,20260922,0.08988999278240999,0.035822986877368145,0.4288826286792755
"Tocopherol, gamma",vitamin,nutrition,9174,True,227,20260922,0.02322286002524316,0.010002201781996215,0.11002929508686066
"Tocotrienol, alpha",vitamin,nutrition,5443,True,228,20260922,0.1506936474790441,0.08250977944893141,0.5524794459342957
"Tocotrienol, beta",vitamin,nutrition,1186,True,229,20260922,0.0823491946050817,0.03288004613326242,0.3945605456829071
"Tocotrienol, delta",vitamin,nutrition,1161,True,230,20260922,9.990217705687199e-06,3.992615499252376e-06,4.791140236193314e-05
"Tocotrienol, gamma",vitamin,nutrition,1167,True,231,20260922,1.8372546849207897e-05,7.342633277100201e-06,8.811164298094809e-05
Tridecanoic acid (13:0),fatty_acid,nutrition,839,True,232,20260922,0.14337228010142247,0.05706161470152438,0.684593141078949
Tryptophan,amino_acid,nutrition,16650,True,233,20260922,0.06494516544100358,0.02838682751947393,0.30213984847068787
Tyrosine,amino_acid,nutrition,8989,True,234,20260922,0.003839240596431976,0.0023048856613362054,0.01573895663022995
Valine,amino_acid,nutrition,9048,True,235,20260922,0.00857552101899614,0.004187494041010116,0.033625178039073944
Vitamin B6 - Pyridoxin,vitamin,nutrition,1774,True,236,20260922,9.235533951955734e-05,3.6910043490934186e-05,0.0004429206601344049
Vitamin D (D2 + D3),vitamin,nutrition,30077,True,237,20260922,0.03546667772902582,0.013862485234615937,0.1625397801399231
Vitamin D2 (ergocalciferol),vitamin,nutrition,6537,True,238,20260922,6.440092336291925e-05,3.128618118353188e-05,0.00026810355484485626
Water,food_matrix,nutrition,32354,True,239,20260922,0.013892267692116414,0.010820906512284031,0.025309884920716286
Zinc,mineral,nutrition,51121,True,241,20260922,0.032426446545944655,0.023156251249019988,0.0761767253279686
"cis,cis-Eicosadienoic acid (20:2n-6)",fatty_acid,nutrition,1220,True,242,20260922,6.453847614210571e-05,2.5792972640677665e-05,0.00030951565713621676
cis-Docosenoic acid (22:1 cis),fatty_acid,nutrition,298,True,243,20260922,0.00012009138195918306,4.799484183119299e-05,0.0005759380292147398
cis-Hexadecenoic acid (16:1 cis),fatty_acid,nutrition,385,True,244,20260922,5.906120739644844e-05,2.360397835824794e-05,0.00028324758750386536
cis-Octadecenoic acid (18:1 cis),fatty_acid,nutrition,759,True,245,20260922,0.00017875946182129986,7.144170740502886e-05,0.0008573002414777875
cis-Tetracosenoic acid (24:1 cis),fatty_acid,nutrition,465,True,246,20260922,3.6380010977167736e-05,1.4539370567945298e-05,0.00017447239952161908
"trans,trans-Linoleic acid (18:2 trans,trans)",fatty_acid,nutrition,172,True,247,20260922,0.00021877047861342235,8.743221648425485e-05,0.001049186335876584
trans-Docosenoic acid (22:1 trans),fatty_acid,nutrition,224,True,248,20260922,1.9304626513124505e-05,7.715144420217257e-06,9.258173668058589e-05
trans-Hexadecenoic acid (16:1 trans),fatty_acid,nutrition,287,True,249,20260922,3.7724840384829604e-05,1.5076827670175893e-05,0.000180921982973814
trans-Linoleic acid (18:2; isomer unspecified),fatty_acid,nutrition,335,True,250,20260922,2.2885300982912864e-05,9.146167182431478e-06,0.00010975405166391283
trans-Octadecenoic acid (18:1 trans),fatty_acid,nutrition,774,True,251,20260922,0.00013590684785225388,5.4315536544891074e-05,0.0006517863366752863
Acetic acid,organic_acid,food_metabolome,54,True,2,20260923,0.022912879777721724,0.009154243123096725,0.10985090583562851
Apigenin,flavonoid,food_metabolome,229,True,7,20260923,7.237086364286321e-05,2.8923216329227824e-05,0.0003470784577075392
Benzoic acid,organic_acid,food_metabolome,80,True,9,20260923,0.0004621772859981127,0.00016293600977708897,0.001955217681825161
Cadaverine,nitrogenous_metabolite,food_metabolome,67,True,11,20260923,0.0321734699708579,0.012847187385583917,0.15416625142097473
Caffeic acid,phenolic_acid,food_metabolome,148,True,12,20260923,0.0005902140059835271,0.0002358806668780744,0.0028305668383836746
Caffeine,alkaloid_or_bioactive,food_metabolome,12354,True,13,20260923,0.1878220703224675,0.09145157733776917,0.8467074036598206
Catechin,flavonoid,food_metabolome,110,True,15,20260923,0.00022097534265530551,8.831332282473643e-05,0.0010597605723887682
Choline,nitrogenous_metabolite,food_metabolome,4304,True,16,20260923,0.0007853684992524975,0.00027948697000586736,0.0033538404386490583
Citric acid,organic_acid,food_metabolome,298,True,18,20260923,0.0014677608738211162,0.0007083878833024452,0.006729095242917538
Cyanidin,anthocyanin,food_metabolome,90,True,21,20260923,6.595256921561367e-05,2.635812476607195e-05,0.0003162974026054144
Daidzein,isoflavone,food_metabolome,47,True,22,20260923,0.0001708971146845684,6.829952083838482e-05,0.0008195937261916697
Delphinidin,anthocyanin,food_metabolome,56,True,24,20260923,0.00012368385141814313,4.943057501805015e-05,0.000593166914768517
Ellagic acid,phenolic_acid,food_metabolome,32,True,25,20260923,0.00034246768872007647,0.00013686805808295807,0.0016424173954874277
Epigallocatechin,flavonoid,food_metabolome,142,True,26,20260923,3.084794805500134e-05,1.2328472924612774e-05,0.00014794155140407383
Ferulic acid,phenolic_acid,food_metabolome,135,True,28,20260923,0.00023951994731883863,9.572486063310255e-05,0.0011486972216516733
Gallic acid,phenolic_acid,food_metabolome,90,True,33,20260923,0.0003666738416605475,0.00014654219072932997,0.0017585059395059943
Genistein,isoflavone,food_metabolome,91,True,35,20260923,0.0001571695356193407,6.281318443749721e-05,0.0007537586498074234
Glycitein,isoflavone,food_metabolome,64,True,43,20260923,7.896438835485999e-05,3.1558340803409614e-05,0.0003786998859141022
Histamine,nitrogenous_metabolite,food_metabolome,198,True,47,20260923,0.022167764088523677,0.008854379950207658,0.10625256597995758
Isorhamnetin,flavonoid,food_metabolome,96,True,50,20260923,7.820138159151063e-05,3.125337813495813e-05,0.00037504066131077707
Kaempferol,flavonoid,food_metabolome,288,True,51,20260923,2.759424767784578e-07,1.1028119217826315e-07,1.3233735671747127e-06
Lactic acid,organic_acid,food_metabolome,75,True,52,20260923,0.009338945296225866,0.004066615656483918,0.044198956340551376
Lariciresinol,lignan,food_metabolome,28,True,53,20260923,0.0006109273823855561,0.0002441585820633918,0.0029299049638211727
Lutein,carotenoid,food_metabolome,70,True,54,20260923,0.03308922158831616,0.013857678752780581,0.15790298581123352
Luteolin,flavonoid,food_metabolome,238,True,55,20260923,3.936987970981039e-05,1.5734281684369005e-05,0.0001888113038148731
Malic acid,organic_acid,food_metabolome,301,True,56,20260923,0.0016313854390389783,0.0007249888925192257,0.007710726000368595
Matairesinol,lignan,food_metabolome,34,True,58,20260923,0.00019202081277091933,7.674164226045832e-05,0.0009208994451910257
Myricetin,flavonoid,food_metabolome,235,True,61,20260923,5.965898435385009e-06,2.3842862522845585e-06,2.861144457710907e-05
Naringenin,flavonoid,food_metabolome,89,True,62,20260923,1.531503467149752e-06,6.120696790882599e-07,7.344832283706637e-06
Oxalic acid,organic_acid,food_metabolome,20,True,65,20260923,0.019829593958168103,0.007913289902110895,0.09495951235294342
Pelargonidin,anthocyanin,food_metabolome,52,True,66,20260923,6.318467163821555e-05,2.5251930007167783e-05,0.0003030230291187763
Peonidin,anthocyanin,food_metabolome,50,True,67,20260923,3.170326342135937e-06,1.26702985880911e-06,1.520435034763068e-05
Pinoresinol,lignan,food_metabolome,28,True,72,20260923,9.7550360171778e-05,3.898626770630168e-05,0.00046783508150838315
Putrescine,nitrogenous_metabolite,food_metabolome,88,True,77,20260923,0.04641176593878004,0.018536610916877787,0.2224392592906952
Quercetin,flavonoid,food_metabolome,341,True,79,20260923,0.00010567102665843975,4.223173952292806e-05,0.0005067804013378918
Rosmarinic acid,phenolic_acid,food_metabolome,34,True,82,20260923,0.0001902036763755727,7.601541559173104e-05,0.0009121847688220441
Secoisolariciresinol,lignan,food_metabolome,32,True,83,20260923,0.0006750251962782408,0.0002697756329628949,0.003237307071685791
Spermine,nitrogenous_metabolite,food_metabolome,51,True,88,20260923,0.00561436697990102,0.002242550680724283,0.026910606771707535
Syringic acid,phenolic_acid,food_metabolome,79,True,90,20260923,0.0003035801917175272,0.00012132671448246886,0.0014559193514287472
Tartaric acid,organic_acid,food_metabolome,25,True,91,20260923,0.012091039387506787,0.004746572774214049,0.0569588877260685
Taurine,nitrogenous_metabolite,food_metabolome,27,True,92,20260923,0.023213620137674952,0.009201262068624297,0.11041508615016937
Theobromine,alkaloid_or_bioactive,food_metabolome,12185,True,93,20260923,2.5165563559521326e-05,9.732553735375404e-06,8.870771853253245e-05
Tyramine,nitrogenous_metabolite,food_metabolome,120,True,96,20260923,0.00031925053235459436,0.00012758934947972497,0.0015310717280954123
Vanillic acid,phenolic_acid,food_metabolome,83,True,98,20260923,0.0005347404497293566,0.00021371052328807613,0.0025645249988883734
p-Coumaric acid,phenolic_acid,food_metabolome,145,True,103,20260923,0.0005784172081251879,0.00023116588999982923,0.0027739915531128645
Alanine,amino_acid,nutrition,8951,True,104,20260923,0.019228520335745094,0.009512901611742564,0.08698107302188873
Arachidonic acid (20:4n-6),fatty_acid,nutrition,7558,True,105,20260923,0.007340961605961763,0.0028697572658226513,0.03134938329458237
Arginine,amino_acid,nutrition,13955,True,106,20260923,0.014476567430963337,0.006244967621266066,0.06775236874818802
Ascorbic acid (vitamin C),vitamin,nutrition,587,True,107,20260923,0.003630967337090703,0.0014510823190600302,0.017412986606359482
Ash,food_matrix,nutrition,25711,True,108,20260923,0.09170913143396504,0.0723876216992115,0.25214189291000366
Aspartic acid,amino_acid,nutrition,8807,True,109,20260923,0.011429642680273036,0.006314620290747068,0.04054496809840202
Available carbohydrate,macronutrient,nutrition,4228,True,110,20260923,0.0023711327800841884,0.001228837243009669,0.009722776710987091
Beta-sitosterol,sterol,nutrition,300,True,111,20260923,0.0004211547675454606,0.0002077243795307974,0.001904748845845461
Betaine,amino_acid,nutrition,4003,True,112,20260923,0.0004220693485252883,0.00013612652886270857,0.0016335186082869768
Biotin,vitamin,nutrition,10890,True,113,20260923,0.03900546378469172,0.015845960432974,0.1492614448070526
Butyric acid (4:0),fatty_acid,nutrition,13116,True,114,20260923,0.04025590332474133,0.016404022026108578,0.19132575392723083
Calcium,mineral,nutrition,58958,True,115,20260923,0.12753709767496238,0.06768682573844369,0.478215754032135
Campesterol,sterol,nutrition,263,True,116,20260923,0.00026663526340865083,0.00017137115840644887,0.0008870899910107255
"Carotene, alpha",vitamin,nutrition,15924,True,117,20260923,0.17852749377459934,0.07064240984618664,0.8474529981613159
"Carotene, beta",vitamin,nutrition,24902,True,118,20260923,0.24704897853103872,0.10547296194514881,1.1246544122695923
Cellulose,dietary_fibre,nutrition,74,True,119,20260923,0.0019810554980417418,0.0008063873198504249,0.00948132574558258
Chloride,mineral,nutrition,1892,True,120,20260923,0.01205854971759997,0.005277303338516504,0.056376680731773376
Cholecalciferol (vitamin D3),vitamin,nutrition,3891,True,121,20260923,0.0005258357778594428,0.0002490050016300908,0.001782550592906773
Cholesterol,sterol,nutrition,27859,True,122,20260923,0.003986686272396643,0.0020927196649912125,0.016396377235651016
"Choline, total",vitamin,nutrition,10931,True,123,20260923,0.0015354402550583329,0.0005579386661338503,0.005943814292550087
Chromium,mineral,nutrition,2588,True,124,20260923,0.008466843253494097,0.003380121119941274,0.040561459958553314
Cobalamin (vitamin B12),vitamin,nutrition,38481,True,125,20260923,0.022190065254585962,0.01138513557089027,0.09529811888933182
Conjugated linoleic acids (18:2 CLA isomers),fatty_acid,nutrition,469,True,126,20260923,0.00010447397301711679,4.1753314993305444e-05,0.0005010395543649793
Copper,mineral,nutrition,47025,True,127,20260923,0.0590328578902725,0.039007522907922976,0.23348334431648254
"Cryptoxanthin, beta",vitamin,nutrition,15474,True,128,20260923,0.00010106869131979644,5.1278269287043564e-05,0.0003685730625875294
Cystine,amino_acid,nutrition,8845,True,129,20260923,0.03436448316742285,0.019315198975770425,0.11021921783685684
Decanoic acid (10:0),fatty_acid,nutrition,20960,True,130,20260923,0.03755043657146578,0.01570162981321725,0.17793641984462738
"Dietary fibre, total",macronutrient,nutrition,14884,True,131,20260923,0.08973856333363835,0.037078048476056814,0.3835265040397644
Docosahexaenoic acid (DHA; 22:6n-3),fatty_acid,nutrition,17072,True,132,20260923,0.03518651135584679,0.014010761049576104,0.16758280992507935
Docosanoic acid (22:0),fatty_acid,nutrition,6815,True,133,20260923,0.1385360962627144,0.06658388976939023,0.6299117803573608
Docosapentaenoic acid (DPA; 22:5n-3),fatty_acid,nutrition,20443,True,134,20260923,0.03835611234991411,0.015327884194751581,0.18262016773223877
Docosatetraenoic acid (22:4; isomer unspecified),fatty_acid,nutrition,335,True,135,20260923,0.00019106853078040083,7.636105025691602e-05,0.0009163324721157551
Docosenoic acid (22:1; cis/trans unspecified),fatty_acid,nutrition,3916,True,136,20260923,1.995106243525703e-06,7.973493817795921e-07,9.568193490849808e-06
Dodecanoic acid (12:0),fatty_acid,nutrition,24075,True,137,20260923,0.05252558435377868,0.022302451077848673,0.24530820548534393
Eicosanoic acid (20:0),fatty_acid,nutrition,5577,True,138,20260923,0.09026545781535175,0.03992552411121627,0.4123753011226654
Eicosapentaenoic acid (EPA; 20:5n-3),fatty_acid,nutrition,22698,True,139,20260923,0.021424575355171442,0.00856392325173753,0.10190115869045258
Eicosatetraenoic acid (20:4; isomer unspecified),fatty_acid,nutrition,4225,True,140,20260923,4.030572795455261e-06,1.6108278941828758e-06,1.9329949282109737e-05
Eicosatrienoic acid (20:3; isomer unspecified),fatty_acid,nutrition,1069,True,141,20260923,5.405125721224026e-05,2.1601706369741198e-05,0.0002592207456473261
Eicosatrienoic acid (20:3n-3),fatty_acid,nutrition,318,True,142,20260923,0.00011413853686179997,4.506115995657941e-05,0.000540740555152297
Eicosatrienoic acid (20:3n-6),fatty_acid,nutrition,1284,True,143,20260923,0.00018468999836074152,6.393454289839913e-05,0.0007672155043110251
Eicosenoic acid (20:1; isomer unspecified),fatty_acid,nutrition,18997,True,144,20260923,0.011354826599108034,0.006796657486120239,0.045571763068437576
Ethanol,ethanol,nutrition,20398,True,147,20260923,9.402513959135488e-05,6.292401333970095e-05,0.0003468279610387981
"Fat, total",macronutrient,nutrition,29145,True,148,20260923,0.009647644802833137,0.0071334189087792765,0.024937130510807037
"Fatty acids, total monounsaturated",fatty_acid,nutrition,23463,True,149,20260923,0.012985587080178301,0.006960365096044067,0.05464450642466545
"Fatty acids, total polyunsaturated",fatty_acid,nutrition,23510,True,150,20260923,0.03187783383100484,0.018515029349752393,0.13741403818130493
"Fatty acids, total saturated",fatty_acid,nutrition,24195,True,151,20260923,0.012722984119907516,0.007372711774223717,0.05232124775648117
"Fatty acids, total trans",fatty_acid,nutrition,6395,True,152,20260923,0.014922178256145339,0.006711138121318072,0.07025798410177231
"Fatty acids, total trans-monoenoic",fatty_acid,nutrition,2834,True,153,20260923,0.0025520413646255035,0.0009210340601081649,0.011052406392991543
"Fatty acids, total trans-polyenoic",fatty_acid,nutrition,2530,True,154,20260923,0.00021665583882996892,6.378880031358373e-05,0.0007654653745703399
"Folate, food",vitamin,nutrition,18616,True,155,20260923,0.07072341024640291,0.0503948547023659,0.23261623084545135
"Folate, total",vitamin,nutrition,22827,True,156,20260923,0.051355894232629574,0.02532474296943595,0.22401204705238342
Folic acid,vitamin,nutrition,20101,True,157,20260923,0.212212831560777,0.08462628149815525,1.0083041191101074
Fructose,carbohydrate,nutrition,11121,True,158,20260923,0.03509355507290507,0.019489477495274816,0.1273074895143509
Galactose,carbohydrate,nutrition,8206,True,159,20260923,0.07278837801308113,0.02892746751604136,0.34712961316108704
Glucose,carbohydrate,nutrition,11357,True,160,20260923,0.038756715332424134,0.01780836485947172,0.13056866824626923
Glutamic acid,amino_acid,nutrition,8995,True,161,20260923,0.020909313081997522,0.011722226549560824,0.08227109163999557
Glycine,amino_acid,nutrition,13838,True,162,20260923,0.017397157956823874,0.008306069648824632,0.08129307627677917
Heptadecanoic acid (17:0),fatty_acid,nutrition,6403,True,165,20260923,0.02548851675332254,0.01013987228119125,0.11702664196491241
Heptadecenoic acid (17:1; isomer unspecified),fatty_acid,nutrition,5939,True,166,20260923,0.048137883222609604,0.01922348269727081,0.22998936474323273
Hexadecanoic acid (16:0),fatty_acid,nutrition,20371,True,167,20260923,0.024226524423691536,0.0104613581643207,0.11482448875904083
Hexadecenoic acid (16:1; cis/trans unspecified),fatty_acid,nutrition,4694,True,168,20260923,4.007812573698791e-05,1.601732795582696e-05,0.00019220793910790235
Hexanoic acid (6:0),fatty_acid,nutrition,18640,True,169,20260923,0.041622781505636725,0.018821420836805675,0.19364388287067413
Histidine,amino_acid,nutrition,9036,True,170,20260923,0.01630263862121126,0.007439237505119915,0.07680903375148773
Hydroxyproline,amino_acid,nutrition,1731,True,171,20260923,0.0006310733516228784,0.00024284080670137578,0.0029140873812139034
Insoluble dietary fibers,dietary_fibre,nutrition,158,True,172,20260923,0.0002092942425545449,8.364502718904987e-05,0.0010037398897111416
Iron,mineral,nutrition,52319,True,173,20260923,0.20442215018441334,0.12134441865297656,0.6068679690361023
Isoleucine,amino_acid,nutrition,9047,True,174,20260923,0.003178332723578121,0.0015305952765629627,0.01147586852312088
Isomeric linoleic acids (18:2),fatty_acid,nutrition,44,True,175,20260923,0.00011909686336645255,4.7597372637634784e-05,0.0005711684934794903
Isomeric linolenic acids (18:3),fatty_acid,nutrition,68,True,176,20260923,0.0001587123332884133,6.342975757434033e-05,0.0007611576584167778
Lactose,carbohydrate,nutrition,11786,True,177,20260923,0.045786690546310106,0.01825847308888721,0.2175663858652115
Leucine,amino_acid,nutrition,9048,True,178,20260923,0.013094669117394932,0.007905234386271331,0.04325307905673981
Lignin,dietary_fibre,nutrition,61,True,179,20260923,0.03514967102556656,0.014038606052054092,0.16846327483654022
Linoleic acid (18:2n-6),fatty_acid,nutrition,7823,True,180,20260923,0.03483646623144153,0.02038580284958395,0.11732839792966843
Lutein + zeaxanthin,vitamin,nutrition,7180,True,181,20260923,0.00549828596524721,0.0022135924979617507,0.02630409598350525
Lycopene,vitamin,nutrition,13598,True,182,20260923,0.0727495740678056,0.02891152436010695,0.3469060957431793
Lysine,amino_acid,nutrition,9072,True,183,20260923,0.017068106009509098,0.008612113437266089,0.0777241662144661
Magnesium,mineral,nutrition,48967,True,184,20260923,0.04475902527304307,0.03138272694195621,0.13583090901374817
Maltose,carbohydrate,nutrition,11809,True,185,20260923,0.07579552742610898,0.030229862391327817,0.3603847622871399
Manganese,mineral,nutrition,23671,True,186,20260923,0.03937722737108641,0.015790049607555073,0.16728022694587708
Menaquinone-4,vitamin,nutrition,94,True,188,20260923,7.627559608049557e-05,3.0483740677785438e-05,0.0003658049099612981
Methionine,amino_acid,nutrition,9068,True,189,20260923,0.009771364747755983,0.004062691582172799,0.0442616306245327
Molybdenum,mineral,nutrition,1030,True,190,20260923,0.025698661852578224,0.011530714652811488,0.12099604308605194
Niacin,vitamin,nutrition,32139,True,191,20260923,0.03346837181737002,0.023775739944539964,0.09429208189249039
Nicotinic acid,vitamin,nutrition,7095,True,192,20260923,0.00022056154317569418,8.81479645613581e-05,0.0010577760403975844
Octadecadienoic acid (18:2; isomer unspecified),fatty_acid,nutrition,4938,True,193,20260923,0.00018563328345564558,7.418886161758564e-05,0.0008902659174054861
Octadecanoic acid (18:0),fatty_acid,nutrition,20298,True,194,20260923,0.01338480204394726,0.007166624306895149,0.05883358046412468
Octadecatetraenoic acid (18:4; isomer unspecified),fatty_acid,nutrition,3915,True,195,20260923,9.712174007927519e-06,3.881494118710786e-06,4.6577952161896974e-05
Octadecatrienoic acid (18:3; isomer unspecified),fatty_acid,nutrition,4850,True,196,20260923,0.00023451720280072508,9.3725451733917e-05,0.0011247049551457167
Octadecenoic acid (18:1; cis/trans unspecified),fatty_acid,nutrition,4925,True,197,20260923,6.191976027922188e-05,2.4746390408836305e-05,0.0002969567431136966
Octanoic acid (8:0),fatty_acid,nutrition,19582,True,198,20260923,0.06164985666152304,0.03324741456890479,0.24622276425361633
Pantothenic acid (vitamin B5),vitamin,nutrition,21348,True,199,20260923,0.05885096729181091,0.026808694116577197,0.2571137845516205
Pentadecanoic acid (15:0),fatty_acid,nutrition,7716,True,200,20260923,0.02136156584505712,0.012851040422295531,0.08492612838745117
Pentadecenoic acid (15:1; isomer unspecified),fatty_acid,nutrition,5159,True,201,20260923,0.289778762996768,0.11535575481442113,1.3836599588394165
Phenylalanine,amino_acid,nutrition,9058,True,202,20260923,0.023471522958625136,0.011974791617831215,0.08048021793365479
Phosphorus,mineral,nutrition,49769,True,203,20260923,0.00816700079611557,0.006206671315643082,0.017728520557284355
Phytosterols,sterol,nutrition,398,True,204,20260923,0.0002585010443668521,0.00010331059699334826,0.001239727484062314
Potassium,mineral,nutrition,50468,True,205,20260923,0.015848133684471508,0.012153788669820642,0.04003354534506798
Proline,amino_acid,nutrition,8973,True,206,20260923,0.024879229906924535,0.010136222961591557,0.1052495613694191
"Protein, total",macronutrient,nutrition,27854,True,207,20260923,0.03124637213940185,0.019302181016731385,0.12433706969022751
Retinol,vitamin,nutrition,33080,True,208,20260923,0.05748967916404365,0.027783957940603916,0.23266272246837616
Riboflavin (vitamin B2),vitamin,nutrition,40252,True,209,20260923,0.07431878501297683,0.044838164675942004,0.299869567155838
"Selenium, Se",mineral,nutrition,37887,True,210,20260923,0.05411019180743165,0.030658814638930682,0.2335953563451767
Serine,amino_acid,nutrition,8943,True,211,20260923,0.018605045781583708,0.006458182741577427,0.07376499474048615
Sodium,mineral,nutrition,33552,True,212,20260923,0.01647062382855619,0.01248988791485317,0.04116922244429588
Sorbitol,carbohydrate,nutrition,77,True,213,20260923,0.0029877700455266925,0.0012398201506584883,0.014232294633984566
Starch,carbohydrate,nutrition,9168,True,214,20260923,0.01883991765289699,0.007957055505054692,0.08766965568065643
Stearidonic acid,fatty_acid,nutrition,1449,True,215,20260923,8.402533287530772e-06,3.358094015008343e-06,4.029713454656303e-05
Stigmasterol,sterol,nutrition,304,True,216,20260923,0.00019089761367285316,6.126116689605017e-05,0.0006932099349796772
Sucrose,carbohydrate,nutrition,7416,True,217,20260923,0.010740267963919074,0.004681856216241916,0.05097222328186035
"Sugars, total",carbohydrate,nutrition,18841,True,218,20260923,0.04190748843505249,0.022503295040223747,0.18809647858142853
Sulfur,mineral,nutrition,98,True,219,20260923,0.0005556023286058073,0.0002764010811612631,0.002497446956112981
Tetracosanoic acid (24:0),fatty_acid,nutrition,4495,True,220,20260923,0.18097968345318263,0.10774082566301028,0.7261971235275269
Tetradecanoic acid (14:0),fatty_acid,nutrition,19609,True,221,20260923,0.004086549544816237,0.002519882189517375,0.012727552093565464
Tetradecenoic acid (14:1; isomer unspecified),fatty_acid,nutrition,6711,True,222,20260923,0.03440308470520948,0.01271643745712936,0.14205746352672577
Thiamin (vitamin B1),vitamin,nutrition,42174,True,223,20260923,0.046622647327846975,0.026882800137779366,0.17822398245334625
Threonine,amino_acid,nutrition,9043,True,224,20260923,0.007012018062241821,0.003664991289648848,0.030449271202087402
"Tocopherol, beta",vitamin,nutrition,7841,True,225,20260923,0.11479480981935632,0.045920973973503955,0.5475640296936035
"Tocopherol, delta",vitamin,nutrition,7784,True,226,20260923,0.10785886092531682,0.04300269313777486,0.5146926641464233
"Tocopherol, gamma",vitamin,nutrition,9174,True,227,20260923,0.021176010073049218,0.009694552912454432,0.09540938585996628
"Tocotrienol, alpha",vitamin,nutrition,5443,True,228,20260923,0.16951548551844256,0.08966907129312555,0.7013106942176819
"Tocotrienol, beta",vitamin,nutrition,1186,True,229,20260923,0.10401276832655766,0.04152991343289614,0.49835899472236633
"Tocotrienol, delta",vitamin,nutrition,1161,True,230,20260923,2.2123339593643525e-06,8.841654259110024e-07,1.0609980563458521e-05
"Tocotrienol, gamma",vitamin,nutrition,1167,True,231,20260923,3.7140102615303265e-05,1.4843145133151362e-05,0.0001781176688382402
Tridecanoic acid (13:0),fatty_acid,nutrition,839,True,232,20260923,0.14160135437699758,0.05635082869169613,0.6761417984962463
Tryptophan,amino_acid,nutrition,16650,True,233,20260923,0.059388670954517955,0.02516172426112462,0.27477461099624634
Tyrosine,amino_acid,nutrition,8989,True,234,20260923,0.007271822125246232,0.004261602975020651,0.026138583198189735
Valine,amino_acid,nutrition,9048,True,235,20260923,0.010126454669586582,0.005720535886212019,0.04380793869495392
Vitamin B6 - Pyridoxin,vitamin,nutrition,1774,True,236,20260923,0.0001930630987071695,7.71581289882306e-05,0.0009258981444872916
Vitamin D (D2 + D3),vitamin,nutrition,30077,True,237,20260923,0.03036842853010289,0.01204745412057188,0.139058917760849
Vitamin D2 (ergocalciferol),vitamin,nutrition,6537,True,238,20260923,0.00033934761022915783,0.00016643798638445637,0.001058440189808607
Water,food_matrix,nutrition,32354,True,239,20260923,0.010079381293705234,0.007849641823365042,0.027136841788887978
Zinc,mineral,nutrition,51121,True,241,20260923,0.04135309217167613,0.02641925345233176,0.10026906430721283
"cis,cis-Eicosadienoic acid (20:2n-6)",fatty_acid,nutrition,1220,True,242,20260923,7.396892510711753e-05,2.9561864115142573e-05,0.00035474251490086317
cis-Docosenoic acid (22:1 cis),fatty_acid,nutrition,298,True,243,20260923,8.430295311660034e-06,3.36918848612792e-06,4.043027729494497e-05
cis-Hexadecenoic acid (16:1 cis),fatty_acid,nutrition,385,True,244,20260923,6.442112090684908e-05,2.574606575459863e-05,0.00030895284726284444
cis-Octadecenoic acid (18:1 cis),fatty_acid,nutrition,759,True,245,20260923,0.00012147053133226307,4.85460514028091e-05,0.0005825521657243371
cis-Tetracosenoic acid (24:1 cis),fatty_acid,nutrition,465,True,246,20260923,6.827460529784671e-05,2.7286113133110728e-05,0.00032743351766839623
"trans,trans-Linoleic acid (18:2 trans,trans)",fatty_acid,nutrition,172,True,247,20260923,0.0012252485811686331,0.0004896738585860779,0.0058760857209563255
trans-Docosenoic acid (22:1 trans),fatty_acid,nutrition,224,True,248,20260923,1.3773118991371246e-05,5.504462630293953e-06,6.605355883948505e-05
trans-Hexadecenoic acid (16:1 trans),fatty_acid,nutrition,287,True,249,20260923,1.577508595664241e-05,6.304558155534323e-06,7.565465057268739e-05
trans-Linoleic acid (18:2; isomer unspecified),fatty_acid,nutrition,335,True,250,20260923,0.00021947551727590165,8.771395368967205e-05,0.0010525676188990474
trans-Octadecenoic acid (18:1 trans),fatty_acid,nutrition,774,True,251,20260923,0.00015660435899425936,6.25873156726205e-05,0.0007510481518693268
Acetic acid,organic_acid,food_metabolome,54,True,2,20260924,0.01780430830561722,0.00710025301668793,0.08520303666591644
Apigenin,flavonoid,food_metabolome,229,True,7,20260924,0.00011239933047628785,4.492071214675283e-05,0.0005390482256188989
Benzoic acid,organic_acid,food_metabolome,80,True,9,20260924,0.022296108319341205,0.008904468190545837,0.10685355961322784
Cadaverine,nitrogenous_metabolite,food_metabolome,67,True,11,20260924,0.04660887464327822,0.018619628545517724,0.22343553602695465
Caffeic acid,phenolic_acid,food_metabolome,148,True,12,20260924,0.00019116981139005086,7.640156400157139e-05,0.000916818156838417
Caffeine,alkaloid_or_bioactive,food_metabolome,12354,True,13,20260924,0.12223240327120431,0.06422147065556298,0.5052644610404968
Catechin,flavonoid,food_metabolome,110,True,15,20260924,4.0135823407288e-05,1.604039031614472e-05,0.00019248464377596974
Choline,nitrogenous_metabolite,food_metabolome,4304,True,16,20260924,0.001850935504503662,0.0007217020950823402,0.008660425432026386
Citric acid,organic_acid,food_metabolome,298,True,18,20260924,0.009185351975559978,0.003670556664777299,0.04404667019844055
Cyanidin,anthocyanin,food_metabolome,90,True,21,20260924,0.00021455457655081576,8.574734238209203e-05,0.0010289675556123257
Daidzein,isoflavone,food_metabolome,47,True,22,20260924,0.00024146113864866695,9.650056502626587e-05,0.0011580069549381733
Delphinidin,anthocyanin,food_metabolome,56,True,24,20260924,6.47181005601068e-06,2.5864757162707974e-06,3.1037710868986323e-05
Ellagic acid,phenolic_acid,food_metabolome,32,True,25,20260924,0.00016331732387395785,6.527022196678445e-05,0.0007832423434592783
Epigallocatechin,flavonoid,food_metabolome,142,True,26,20260924,2.5348572337341625e-05,1.0130613797324864e-05,0.00012156749289715663
Ferulic acid,phenolic_acid,food_metabolome,135,True,28,20260924,0.000709050665709662,0.0002833741212574144,0.00340048735961318
Gallic acid,phenolic_acid,food_metabolome,90,True,33,20260924,0.00020830715934852406,8.325056235965651e-05,0.0009990059770643711
Genistein,isoflavone,food_metabolome,91,True,35,20260924,0.00010715769108350622,4.2825883307765857e-05,0.0005139101995155215
Glycitein,isoflavone,food_metabolome,64,True,43,20260924,0.0002980290954266901,0.00011910817314249773,0.00142929726280272
Histamine,nitrogenous_metabolite,food_metabolome,198,True,47,20260924,0.05803786433274552,0.02317397102403144,0.2780876159667969
Isorhamnetin,flavonoid,food_metabolome,96,True,50,20260924,0.00014550153831580063,5.815010202544121e-05,0.0006978008314035833
Kaempferol,flavonoid,food_metabolome,288,True,51,20260924,1.8773224630536836e-05,7.502767706076459e-06,9.003322338685393e-05
Lactic acid,organic_acid,food_metabolome,75,True,52,20260924,0.002564444591638591,0.0008660776851077875,0.0103929303586483
Lariciresinol,lignan,food_metabolome,28,True,53,20260924,0.0006176057263367836,0.0002468276264456411,0.002961933147162199
Lutein,carotenoid,food_metabolome,70,True,54,20260924,0.038882941055493475,0.01743917268080016,0.18336711823940277
Luteolin,flavonoid,food_metabolome,238,True,55,20260924,0.00010480382852201252,4.1885109264209554e-05,0.0005026215221732855
Malic acid,organic_acid,food_metabolome,301,True,56,20260924,0.004788047606312846,0.0019123908617378522,0.02294868603348732
Matairesinol,lignan,food_metabolome,34,True,58,20260924,0.0001236912490027266,4.9433558160671964e-05,0.0005932023632340133
Myricetin,flavonoid,food_metabolome,235,True,61,20260924,0.00017386163854802198,6.948426501670231e-05,0.0008338111219927669
Naringenin,flavonoid,food_metabolome,89,True,62,20260924,5.602967200128736e-05,2.239238892798312e-05,0.00026870888541452587
Oxalic acid,organic_acid,food_metabolome,20,True,65,20260924,0.01760277160935188,0.007032752813150485,0.08439314365386963
Pelargonidin,anthocyanin,food_metabolome,52,True,66,20260924,0.0002052004995045964,8.20089153421577e-05,0.0009841070277616382
Peonidin,anthocyanin,food_metabolome,50,True,67,20260924,0.00018768458364466043,7.500868135442336e-05,0.0009001035941764712
Pinoresinol,lignan,food_metabolome,28,True,72,20260924,0.0014110996339282314,0.0005639498801125834,0.006767395883798599
Putrescine,nitrogenous_metabolite,food_metabolome,88,True,77,20260924,0.05718633961126923,0.022852696478366852,0.2742323875427246
Quercetin,flavonoid,food_metabolome,341,True,79,20260924,2.6374833808481883e-05,1.0540781204326777e-05,0.00012648924894165248
Rosmarinic acid,phenolic_acid,food_metabolome,34,True,82,20260924,0.00018828072311588686,7.52468755914985e-05,0.0009029626380652189
Secoisolariciresinol,lignan,food_metabolome,32,True,83,20260924,0.00029872382864901993,0.00011938584066228941,0.001432629069313407
Spermine,nitrogenous_metabolite,food_metabolome,51,True,88,20260924,0.002875264797819751,0.0011377065481307607,0.013652483932673931
Syringic acid,phenolic_acid,food_metabolome,79,True,90,20260924,0.000295538796281665,0.00011811291187768802,0.0014173542149364948
Tartaric acid,organic_acid,food_metabolome,25,True,91,20260924,0.02445462433936249,0.009726062960301837,0.1167127788066864
Taurine,nitrogenous_metabolite,food_metabolome,27,True,92,20260924,0.02942772067208938,0.01175772212445736,0.14109265804290771
Theobromine,alkaloid_or_bioactive,food_metabolome,12185,True,93,20260924,1.9092477963212445e-05,1.1178458710977187e-05,7.807205838616937e-05
Tyramine,nitrogenous_metabolite,food_metabolome,120,True,96,20260924,4.835194025316109e-05,1.9323972992424387e-05,0.00023188776685856283
Vanillic acid,phenolic_acid,food_metabolome,83,True,98,20260924,0.00023401249212445146,9.35237427862982e-05,0.001122284447774291
p-Coumaric acid,phenolic_acid,food_metabolome,145,True,103,20260924,0.00036287070388096095,0.00014502219225202376,0.001740266801789403
Alanine,amino_acid,nutrition,8951,True,104,20260924,0.017056682978135826,0.007851960409122208,0.07991352677345276
Arachidonic acid (20:4n-6),fatty_acid,nutrition,7558,True,105,20260924,0.018571222736377364,0.006055262987501919,0.06990119814872742
Arginine,amino_acid,nutrition,13955,True,106,20260924,0.015791406634135984,0.006408901381898128,0.07264022529125214
Ascorbic acid (vitamin C),vitamin,nutrition,587,True,107,20260924,0.004758642537767003,0.0019004238856723532,0.022799838334321976
Ash,food_matrix,nutrition,25711,True,108,20260924,0.09125520582902417,0.05423190407843018,0.373351514339447
Aspartic acid,amino_acid,nutrition,8807,True,109,20260924,0.003355393329626586,0.001497090425497542,0.014846275560557842
Available carbohydrate,macronutrient,nutrition,4228,True,110,20260924,0.0026538137645111762,0.0013914087612647563,0.010753067210316658
Beta-sitosterol,sterol,nutrition,300,True,111,20260924,0.0005970495939987625,0.00025992765828656655,0.0026363045908510685
Betaine,amino_acid,nutrition,4003,True,112,20260924,0.00044334195516884006,0.00023954837524797767,0.0014868564903736115
Biotin,vitamin,nutrition,10890,True,113,20260924,0.03673897535942832,0.020688457259287436,0.11549846827983856
Butyric acid (4:0),fatty_acid,nutrition,13116,True,114,20260924,0.036679701130644345,0.01485426964548727,0.17445634305477142
Calcium,mineral,nutrition,58958,True,115,20260924,0.10623819146918119,0.06161291183282932,0.3748675286769867
Campesterol,sterol,nutrition,263,True,116,20260924,0.0007999402263415488,0.00033254373314169544,0.0037490602117031813
"Carotene, alpha",vitamin,nutrition,15924,True,117,20260924,0.2018449465600358,0.07981077278964221,0.9574687480926514
"Carotene, beta",vitamin,nutrition,24902,True,118,20260924,0.31267941491923196,0.13634119735797867,1.4143167734146118
Cellulose,dietary_fibre,nutrition,74,True,119,20260924,0.004388605311623319,0.0017417004564777017,0.02090037427842617
Chloride,mineral,nutrition,1892,True,120,20260924,0.0069469152639037674,0.0031209763255901635,0.030608754605054855
Cholecalciferol (vitamin D3),vitamin,nutrition,3891,True,121,20260924,0.0015674307665634415,0.00060576095226376,0.005804887041449547
Cholesterol,sterol,nutrition,27859,True,122,20260924,0.0015941006047905538,0.0010352039850355748,0.006243297830224037
"Choline, total",vitamin,nutrition,10931,True,123,20260924,0.0023009926898057685,0.0009055203069389487,0.009938576258718967
Chromium,mineral,nutrition,2588,True,124,20260924,0.0043046556554269914,0.0018382489797659218,0.020497731864452362
Cobalamin (vitamin B12),vitamin,nutrition,38481,True,125,20260924,0.017750717924853197,0.007735858205705881,0.08010786771774292
Conjugated linoleic acids (18:2 CLA isomers),fatty_acid,nutrition,469,True,126,20260924,0.00011051515637853471,4.416767478687689e-05,0.0005300120683386922
Copper,mineral,nutrition,47025,True,127,20260924,0.055687155551490106,0.04195819156787669,0.1800813525915146
"Cryptoxanthin, beta",vitamin,nutrition,15474,True,128,20260924,0.00014644344033471304,8.525585750855195e-05,0.0005371636943891644
Cystine,amino_acid,nutrition,8845,True,129,20260924,0.024757158561799122,0.01281664463749621,0.10227411985397339
Decanoic acid (10:0),fatty_acid,nutrition,20960,True,130,20260924,0.04661809807700337,0.019207478694928188,0.22110958397388458
"Dietary fibre, total",macronutrient,nutrition,14884,True,131,20260924,0.09424786701905279,0.04052386374678463,0.43029534816741943
Docosahexaenoic acid (DHA; 22:6n-3),fatty_acid,nutrition,17072,True,132,20260924,0.03700278238372017,0.014782430448879799,0.176111102104187
Docosanoic acid (22:0),fatty_acid,nutrition,6815,True,133,20260924,0.13554572246212934,0.07051799399778247,0.5764896869659424
Docosapentaenoic acid (DPA; 22:5n-3),fatty_acid,nutrition,20443,True,134,20260924,0.04160072897362852,0.016596219366571557,0.19804523885250092
Docosatetraenoic acid (22:4; isomer unspecified),fatty_acid,nutrition,335,True,135,20260924,5.463559078983781e-05,2.1835251269900862e-05,0.0002620230952743441
Docosenoic acid (22:1; cis/trans unspecified),fatty_acid,nutrition,3916,True,136,20260924,2.189941217856242e-05,8.752161496280072e-06,0.00010502588702365756
Dodecanoic acid (12:0),fatty_acid,nutrition,24075,True,137,20260924,0.041615871252503045,0.01685143065211984,0.19282351434230804
Eicosanoic acid (20:0),fatty_acid,nutrition,5577,True,138,20260924,0.0921468735503352,0.04515451565384865,0.42562350630760193
Eicosapentaenoic acid (EPA; 20:5n-3),fatty_acid,nutrition,22698,True,139,20260924,0.08709810478300155,0.03469248228551199,0.4139276444911957
Eicosatetraenoic acid (20:4; isomer unspecified),fatty_acid,nutrition,4225,True,140,20260924,6.556103336872682e-06,2.620164233727943e-06,3.144196671200916e-05
Eicosatrienoic acid (20:3; isomer unspecified),fatty_acid,nutrition,1069,True,141,20260924,2.8789099072917505e-05,1.1505638516003577e-05,0.00013806766946800053
Eicosatrienoic acid (20:3n-3),fatty_acid,nutrition,318,True,142,20260924,7.046643965031339e-05,2.6205030735582113e-05,0.0003144592046737671
Eicosatrienoic acid (20:3n-6),fatty_acid,nutrition,1284,True,143,20260924,0.00024241701660532877,8.948688628152013e-05,0.0010738431010395288
Eicosenoic acid (20:1; isomer unspecified),fatty_acid,nutrition,18997,True,144,20260924,0.016812534086363073,0.00646059355737331,0.07026958465576172
Ethanol,ethanol,nutrition,20398,True,147,20260924,0.00013019112094863627,8.481972569522138e-05,0.0005011386820115149
"Fat, total",macronutrient,nutrition,29145,True,148,20260924,0.017787818304619146,0.012686263071373105,0.053587187081575394
"Fatty acids, total monounsaturated",fatty_acid,nutrition,23463,True,149,20260924,0.009377570733515705,0.004449399020813871,0.04136323183774948
"Fatty acids, total polyunsaturated",fatty_acid,nutrition,23510,True,150,20260924,0.03889206991670255,0.023462695950001944,0.15137100219726562
"Fatty acids, total saturated",fatty_acid,nutrition,24195,True,151,20260924,0.03270095171511563,0.019643319833752077,0.12428414076566696
"Fatty acids, total trans",fatty_acid,nutrition,6395,True,152,20260924,0.015333776022402879,0.006395236021489836,0.07315725088119507
"Fatty acids, total trans-monoenoic",fatty_acid,nutrition,2834,True,153,20260924,0.0026057921446324002,0.0009501582632462183,0.011401895433664322
"Fatty acids, total trans-polyenoic",fatty_acid,nutrition,2530,True,154,20260924,0.0018337572716954566,0.0006339915125863627,0.0076078977435827255
"Folate, food",vitamin,nutrition,18616,True,155,20260924,0.05121437705804911,0.03317516743360708,0.21253496408462524
"Folate, total",vitamin,nutrition,22827,True,156,20260924,0.047885734877467466,0.023448952202064294,0.19685202836990356
Folic acid,vitamin,nutrition,20101,True,157,20260924,0.2579914300960311,0.10360321844927967,1.2254821062088013
Fructose,carbohydrate,nutrition,11121,True,158,20260924,0.06878946411040622,0.035700049988615014,0.2945749759674072
Galactose,carbohydrate,nutrition,8206,True,159,20260924,0.07244168370494698,0.028909836798751105,0.3453558087348938
Glucose,carbohydrate,nutrition,11357,True,160,20260924,0.05686687461228078,0.03196706064045429,0.22932422161102295
Glutamic acid,amino_acid,nutrition,8995,True,161,20260924,0.022411489323412536,0.012793193716788664,0.08027826994657516
Glycine,amino_acid,nutrition,13838,True,162,20260924,0.012432773811549433,0.005813130672322586,0.050620414316654205
Heptadecanoic acid (17:0),fatty_acid,nutrition,6403,True,165,20260924,0.01708693923410603,0.006517862018275385,0.06843386590480804
Heptadecenoic acid (17:1; isomer unspecified),fatty_acid,nutrition,5939,True,166,20260924,0.03559191580367362,0.014552404017498096,0.1697808802127838
Hexadecanoic acid (16:0),fatty_acid,nutrition,20371,True,167,20260924,0.020945372585314915,0.012146912470295016,0.07676000893115997
Hexadecenoic acid (16:1; cis/trans unspecified),fatty_acid,nutrition,4694,True,168,20260924,0.00015600126974821537,6.23462583462242e-05,0.0007481558714061975
Hexanoic acid (6:0),fatty_acid,nutrition,18640,True,169,20260924,0.04439955067006926,0.02001111736171879,0.20609484612941742
Histidine,amino_acid,nutrition,9036,True,170,20260924,0.020619375941757844,0.010992298509033086,0.09226329624652863
Hydroxyproline,amino_acid,nutrition,1731,True,171,20260924,0.0006638261200594973,0.00027118444510657963,0.0031636266503483057
Insoluble dietary fibers,dietary_fibre,nutrition,158,True,172,20260924,0.00026421724869717274,0.00010559509973973036,0.001267141429707408
Iron,mineral,nutrition,52319,True,173,20260924,0.20608734587660013,0.12581727335539958,0.6008070707321167
Isoleucine,amino_acid,nutrition,9047,True,174,20260924,0.0040041839332742545,0.0027320001390762627,0.013090179301798344
Isomeric linoleic acids (18:2),fatty_acid,nutrition,44,True,175,20260924,7.208907208275324e-05,2.881060815222251e-05,0.00034572702134028077
Isomeric linolenic acids (18:3),fatty_acid,nutrition,68,True,176,20260924,0.0002598459857269531,0.00010384811078741525,0.0012461775913834572
Lactose,carbohydrate,nutrition,11786,True,177,20260924,0.043694349042592985,0.017481525680826355,0.20759451389312744
Leucine,amino_acid,nutrition,9048,True,178,20260924,0.007690485254251197,0.004870001658370408,0.029615843668580055
Lignin,dietary_fibre,nutrition,61,True,179,20260924,0.05149241723128209,0.020578327278296154,0.24693989753723145
Linoleic acid (18:2n-6),fatty_acid,nutrition,7823,True,180,20260924,0.030760489594393477,0.018930927860007312,0.12070464342832565
Lutein + zeaxanthin,vitamin,nutrition,7180,True,181,20260924,0.011597597991952696,0.004650038104349126,0.055533356964588165
Lycopene,vitamin,nutrition,13598,True,182,20260924,0.0753937588397993,0.029994535917163983,0.3594807982444763
Lysine,amino_acid,nutrition,9072,True,183,20260924,0.02128074360808965,0.012136205186834559,0.0709238275885582
Magnesium,mineral,nutrition,48967,True,184,20260924,0.04673210831543817,0.03282961189203585,0.14695298671722412
Maltose,carbohydrate,nutrition,11809,True,185,20260924,0.07121620047070015,0.028337885703270633,0.33867523074150085
Manganese,mineral,nutrition,23671,True,186,20260924,0.05247230786676651,0.023379723366815597,0.2366480529308319
Menaquinone-4,vitamin,nutrition,94,True,188,20260924,0.00010038323378197799,4.011842975160107e-05,0.00048142106970772147
Methionine,amino_acid,nutrition,9068,True,189,20260924,0.009285627963529669,0.0043389005537998555,0.04268753528594971
Molybdenum,mineral,nutrition,1030,True,190,20260924,0.04028378710396845,0.017931636112431686,0.1895754039287567
Niacin,vitamin,nutrition,32139,True,191,20260924,0.04224119221036837,0.029918608663138002,0.13650359213352203
Nicotinic acid,vitamin,nutrition,7095,True,192,20260924,0.0001987514690439386,7.943149224350539e-05,0.0009531786199659109
Octadecadienoic acid (18:2; isomer unspecified),fatty_acid,nutrition,4938,True,193,20260924,1.8682943711566115e-05,7.466685171190572e-06,8.960025297710672e-05
Octadecanoic acid (18:0),fatty_acid,nutrition,20298,True,194,20260924,0.016987847385876508,0.008935370778393311,0.07737670838832855
Octadecatetraenoic acid (18:4; isomer unspecified),fatty_acid,nutrition,3915,True,195,20260924,1.8981057246758297e-06,7.585822269599399e-07,9.102996045839973e-06
Octadecatrienoic acid (18:3; isomer unspecified),fatty_acid,nutrition,4850,True,196,20260924,0.0002870840782545371,0.00011473401051868375,0.0013768067583441734
Octadecenoic acid (18:1; cis/trans unspecified),fatty_acid,nutrition,4925,True,197,20260924,0.00027148582917283306,0.00010849996033357456,0.001302000368013978
Octanoic acid (8:0),fatty_acid,nutrition,19582,True,198,20260924,0.06229135354258996,0.03387730316414187,0.21902531385421753
Pantothenic acid (vitamin B5),vitamin,nutrition,21348,True,199,20260924,0.09662463364389329,0.04204443342071803,0.44990938901901245
Pentadecanoic acid (15:0),fatty_acid,nutrition,7716,True,200,20260924,0.021358748321181398,0.013149509594465295,0.08150725066661835
Pentadecenoic acid (15:1; isomer unspecified),fatty_acid,nutrition,5159,True,201,20260924,0.2901596098140044,0.1154808272452404,1.3854918479919434
Phenylalanine,amino_acid,nutrition,9058,True,202,20260924,0.029627281765432348,0.010343682510817112,0.11529301106929779
Phosphorus,mineral,nutrition,49769,True,203,20260924,0.007953453607003547,0.0052351530466694385,0.02197042480111122
Phytosterols,sterol,nutrition,398,True,204,20260924,2.5203434722964575e-05,1.0072621535073267e-05,0.00012087142386008054
Potassium,mineral,nutrition,50468,True,205,20260924,0.019567351550207154,0.015617795754224062,0.05039610713720322
Proline,amino_acid,nutrition,8973,True,206,20260924,0.024265376668404396,0.013213221895663688,0.08275371789932251
"Protein, total",macronutrient,nutrition,27854,True,207,20260924,0.018208582899147088,0.01270347076933831,0.06460509449243546
Retinol,vitamin,nutrition,33080,True,208,20260924,0.04650653519819429,0.023943440086441115,0.1589270383119583
Riboflavin (vitamin B2),vitamin,nutrition,40252,True,209,20260924,0.085304834102673,0.05593234129870931,0.32944566011428833
"Selenium, Se",mineral,nutrition,37887,True,210,20260924,0.03640039569647249,0.018909262532057863,0.14891110360622406
Serine,amino_acid,nutrition,8943,True,211,20260924,0.022192303255273577,0.008608449037031582,0.09971679747104645
Sodium,mineral,nutrition,33552,True,212,20260924,0.02487772904498392,0.017635338900921244,0.0931486114859581
Sorbitol,carbohydrate,nutrition,77,True,213,20260924,0.004270073007551233,0.002158988189573089,0.017937682569026947
Starch,carbohydrate,nutrition,9168,True,214,20260924,0.0372451649325668,0.017957519254802417,0.17082907259464264
Stearidonic acid,fatty_acid,nutrition,1449,True,215,20260924,1.1135613656213884e-05,4.450379265108495e-06,5.340452480595559e-05
Stigmasterol,sterol,nutrition,304,True,216,20260924,0.0006213241850400096,0.0002828331150036926,0.002893076278269291
Sucrose,carbohydrate,nutrition,7416,True,217,20260924,0.014632605735575541,0.006090354717647036,0.06955918669700623
"Sugars, total",carbohydrate,nutrition,18841,True,218,20260924,0.04012205524347659,0.023464117005156975,0.16780591011047363
Sulfur,mineral,nutrition,98,True,219,20260924,0.0017191508936661901,0.0006207446761739751,0.007448934018611908
Tetracosanoic acid (24:0),fatty_acid,nutrition,4495,True,220,20260924,0.17953697237091407,0.10399039570863049,0.7510350346565247
Tetradecanoic acid (14:0),fatty_acid,nutrition,19609,True,221,20260924,0.005718854935308261,0.0029416230754577555,0.018164807930588722
Tetradecenoic acid (14:1; isomer unspecified),fatty_acid,nutrition,6711,True,222,20260924,0.02711027045970355,0.008622111616811404,0.10121281445026398
Thiamin (vitamin B1),vitamin,nutrition,42174,True,223,20260924,0.04438191693098502,0.030284830291445058,0.12763939797878265
Threonine,amino_acid,nutrition,9043,True,224,20260924,0.005464659135041583,0.0033134251377002024,0.018484370782971382
"Tocopherol, beta",vitamin,nutrition,7841,True,225,20260924,0.10766808723988908,0.04325334725823874,0.5136764049530029
"Tocopherol, delta",vitamin,nutrition,7784,True,226,20260924,0.09246976495843065,0.037032976474923394,0.4412008821964264
"Tocopherol, gamma",vitamin,nutrition,9174,True,227,20260924,0.019513418133454623,0.00847055206152921,0.09111200273036957
"Tocotrienol, alpha",vitamin,nutrition,5443,True,228,20260924,0.1662397264629872,0.08803223717647295,0.6873340606689453
"Tocotrienol, beta",vitamin,nutrition,1186,True,229,20260924,0.11172428102413796,0.04462773989265164,0.535293698310852
"Tocotrienol, delta",vitamin,nutrition,1161,True,230,20260924,2.7835659755881644e-05,1.1124591765110381e-05,0.00013349513756111264
"Tocotrienol, gamma",vitamin,nutrition,1167,True,231,20260924,1.760362332673011e-05,7.035333055682713e-06,8.442401303909719e-05
Tridecanoic acid (13:0),fatty_acid,nutrition,839,True,232,20260924,0.13805438413198823,0.054947637021541595,0.6592109799385071
Tryptophan,amino_acid,nutrition,16650,True,233,20260924,0.05839113960646772,0.025467268359837664,0.27248886227607727
Tyrosine,amino_acid,nutrition,8989,True,234,20260924,0.009777580186612192,0.004663350614767599,0.04448329284787178
Valine,amino_acid,nutrition,9048,True,235,20260924,0.008357330244251686,0.003900580767852565,0.02902279794216156
Vitamin B6 - Pyridoxin,vitamin,nutrition,1774,True,236,20260924,6.661919510596045e-05,2.662454244273249e-05,0.00031949442927725613
Vitamin D (D2 + D3),vitamin,nutrition,30077,True,237,20260924,0.035275055285295155,0.013841099526568238,0.16154305636882782
Vitamin D2 (ergocalciferol),vitamin,nutrition,6537,True,238,20260924,0.0002739101074939323,0.00018528883811086416,0.0007777645951136947
Water,food_matrix,nutrition,32354,True,239,20260924,0.008984078548550503,0.007574832117825281,0.01735774427652359
Zinc,mineral,nutrition,51121,True,241,20260924,0.028335774317447444,0.02231994040387993,0.07912448048591614
"cis,cis-Eicosadienoic acid (20:2n-6)",fatty_acid,nutrition,1220,True,242,20260924,0.00013449308918213722,5.3750520843702056e-05,0.0006450061919167638
cis-Docosenoic acid (22:1 cis),fatty_acid,nutrition,298,True,243,20260924,8.4730476947552e-05,3.386275602679234e-05,0.0004063530941493809
cis-Hexadecenoic acid (16:1 cis),fatty_acid,nutrition,385,True,244,20260924,0.00025855853848726274,0.00010333363024983555,0.0012400031555444002
cis-Octadecenoic acid (18:1 cis),fatty_acid,nutrition,759,True,245,20260924,0.00017295420150616767,6.912158763346572e-05,0.0008294592262245715
cis-Tetracosenoic acid (24:1 cis),fatty_acid,nutrition,465,True,246,20260924,2.0841644819240865e-05,8.329418657619195e-06,9.995301661547273e-05
"trans,trans-Linoleic acid (18:2 trans,trans)",fatty_acid,nutrition,172,True,247,20260924,0.0008296804487597802,0.00033158391306642443,0.003979007713496685
trans-Docosenoic acid (22:1 trans),fatty_acid,nutrition,224,True,248,20260924,2.2562036132675345e-05,9.016974369539335e-06,0.0001082037269952707
trans-Hexadecenoic acid (16:1 trans),fatty_acid,nutrition,287,True,249,20260924,4.584558102180155e-05,1.8322308278584387e-05,0.0002198676811531186
trans-Linoleic acid (18:2; isomer unspecified),fatty_acid,nutrition,335,True,250,20260924,0.0004007037659266869,0.00016014230156239742,0.0019217077642679214
trans-Octadecenoic acid (18:1 trans),fatty_acid,nutrition,774,True,251,20260924,0.0002193893865938022,8.76795068810073e-05,0.0010521545773372054
