seed_a,seed_b,subset,pearson_r,difference_rms,difference_rms_over_average_offset_rms
20260922,20260923,nutrition,0.9737407597232735,0.01410427719273277,0.23522932649463008
20260922,20260923,food_metabolome,0.9713062621957642,0.00738135046005652,0.24016121149486724
20260922,20260923,all_supervised,0.973381401244938,0.01281291653733112,0.23560167707673116
20260922,20260924,nutrition,0.9714785404130398,0.016518507765032026,0.26627120090255685
20260922,20260924,food_metabolome,0.8774747141667288,0.015039081039273434,0.5377392634213508
20260922,20260924,all_supervised,0.9627374509931576,0.016174864001115792,0.2897805817715698
20260923,20260924,nutrition,0.9692567307993342,0.01630916761525776,0.25628276791604965
20260923,20260924,food_metabolome,0.9075735978032544,0.013080478274192293,0.47215686600720363
20260923,20260924,all_supervised,0.9639773926051928,0.015593410388993222,0.272983590947358
