seed,subset,axes,source_count,rms,mean_absolute,max_absolute
20260922,nutrition,142,24,0.05835869807028639,0.015395256748379252,1.3775919675827026
20260922,food_metabolome,45,24,0.03099854749400495,0.004022703805665313,0.852295458316803
20260922,all_supervised,187,24,0.053079281462539776,0.012658546147191406,1.3775919675827026
20260923,nutrition,142,24,0.0615606793552554,0.016358205324060793,1.3836599588394165
20260923,food_metabolome,45,24,0.030471416070151,0.004161307920138787,0.8467074036598206
20260923,all_supervised,187,24,0.05568833595266382,0.01342312306108491,1.3836599588394165
20260924,nutrition,142,24,0.06571410972147362,0.01735004541987317,1.4143167734146118
20260924,food_metabolome,45,24,0.024935925073937024,0.004486039267558058,0.5052644610404968
20260924,all_supervised,187,24,0.05855596961074451,0.0142544289661075,1.4143167734146118
