role,source,supported_nutrition_axes,candidate_groups,scaled_log_mae,log_mae
baseline,afcd,64,247,0.3477734946910128,0.08729557013571651
baseline,anfood_2_0,56,53,0.3104116521915679,0.13289170577522483
baseline,bangladesh_fct_2013,58,43,0.37449801701971697,0.12738275508683664
baseline,biofoodcomp_4_0,2,116,0.1157781381924244,0.1331225963310618
baseline,bls_4_0,17,1089,0.2370042571989557,0.03612904398187652
baseline,ciqual,54,521,0.2206920333247679,0.09086978731226933
baseline,cnf,98,922,0.14951507192892816,0.04202195469709705
baseline,cofid,16,423,0.19377356823520786,0.06257285225433554
baseline,efsa_eu_fcdb_2013,11,345,0.20675393311017967,0.013565739736958899
baseline,fndds,46,790,0.12299066030303689,0.029454600954443733
baseline,foodb,89,1303,0.3510729882103477,0.1354423790043166
baseline,frida,72,187,0.220741111577224,0.07969493104419943
baseline,lesotho_fct_2006,31,40,0.22519087152757616,0.10431113794183217
baseline,mext_japan_2023,79,390,0.21963697037706562,0.078768353445018
baseline,norway,37,287,0.18745505622546843,0.0711336767222755
baseline,phyfoodcomp_1_0,4,266,0.33978660014193485,0.11497450150359727
baseline,smiling_cambodia_2013,25,11,0.3331626630380153,0.07324042971088775
baseline,smiling_indonesia_2013,13,17,0.3976573449068842,0.13744090736243622
baseline,smiling_laos_2013,14,12,0.2771306036478802,0.12433692126676807
baseline,smiling_thailand_2013,17,17,0.34422309155281977,0.1273466469341976
baseline,smiling_vietnam_2013,12,32,0.2608985078475409,0.11514984510083472
baseline,swiss_fcdb_7_1,25,168,0.2015566124673833,0.09419972711270111
baseline,usda_sr_legacy,103,1191,0.14584719776341698,0.03658069348274478
baseline,wafct_2019,35,150,0.17193027964255791,0.03934998994669656
candidate,afcd,64,247,0.3852013110957133,0.07853967241587168
candidate,anfood_2_0,56,53,0.34066037206060906,0.16401956312890714
candidate,bangladesh_fct_2013,58,43,0.3483713985858306,0.13346117229166507
candidate,biofoodcomp_4_0,2,116,0.41485165722527995,0.24883507597346627
candidate,bls_4_0,17,1089,0.22773096095858048,0.033330441126040646
candidate,ciqual,54,521,0.20883673671834999,0.08092823670517113
candidate,cnf,98,922,0.16352036199081052,0.04928660985271007
candidate,cofid,16,423,0.21037697098603178,0.07151015584822577
candidate,efsa_eu_fcdb_2013,11,345,0.2245923553332468,0.014540844669000498
candidate,fndds,46,790,0.14800441917952875,0.03916862467163793
candidate,foodb,89,1303,0.2880032136784699,0.09155388177746283
candidate,frida,72,187,0.20635365008581655,0.07739411265026314
candidate,lesotho_fct_2006,31,40,0.20744394485152,0.08179873554342122
candidate,mext_japan_2023,79,390,0.22577013500375637,0.08344716858898286
candidate,norway,37,287,0.186639192509543,0.06973228383500216
candidate,phyfoodcomp_1_0,4,266,0.41450584605938723,0.15203764513114185
candidate,smiling_cambodia_2013,25,11,0.35430267040083474,0.07566573643196456
candidate,smiling_indonesia_2013,13,17,0.38746517797152025,0.15956446819396705
candidate,smiling_laos_2013,14,12,0.2722918825659934,0.12102006297322186
candidate,smiling_thailand_2013,17,17,0.3027813582467779,0.12379953092288541
candidate,smiling_vietnam_2013,12,32,0.23617766833516785,0.09841510945325171
candidate,swiss_fcdb_7_1,25,168,0.1997820492669509,0.07532748440090263
candidate,usda_sr_legacy,103,1191,0.16633548966274783,0.0434146417565251
candidate,wafct_2019,35,150,0.19194395434278227,0.046329378137897045
