stratification,stratum,supported_axes,candidate_groups,neural_primary,tree_primary,warning
source_key,afcd,64,247,0.41462914891847646,0.3477734946910128,"Conditional observational strata; coverage differs, not a causal masking/source intervention."
source_key,anfood_2_0,56,53,0.27187342856644264,0.3104116521915679,"Conditional observational strata; coverage differs, not a causal masking/source intervention."
source_key,bangladesh_fct_2013,58,43,0.3422506524791229,0.37449801701971697,"Conditional observational strata; coverage differs, not a causal masking/source intervention."
source_key,biofoodcomp_4_0,2,116,0.532232935687594,0.1157781381924244,"Conditional observational strata; coverage differs, not a causal masking/source intervention."
source_key,bls_4_0,17,1089,0.22369842870939818,0.2370042571989557,"Conditional observational strata; coverage differs, not a causal masking/source intervention."
source_key,ciqual,54,521,0.20891816673248295,0.2206920333247679,"Conditional observational strata; coverage differs, not a causal masking/source intervention."
source_key,cnf,98,922,0.15861691414652776,0.14951507192892816,"Conditional observational strata; coverage differs, not a causal masking/source intervention."
source_key,cofid,16,423,0.2044370230227405,0.19377356823520786,"Conditional observational strata; coverage differs, not a causal masking/source intervention."
source_key,efsa_eu_fcdb_2013,11,345,0.21734523218787202,0.20675393311017967,"Conditional observational strata; coverage differs, not a causal masking/source intervention."
source_key,fndds,46,790,0.14550919026462755,0.12299066030303689,"Conditional observational strata; coverage differs, not a causal masking/source intervention."
source_key,foodb,89,1303,0.28184154843367315,0.3510729882103477,"Conditional observational strata; coverage differs, not a causal masking/source intervention."
source_key,frida,72,187,0.20304843285479535,0.220741111577224,"Conditional observational strata; coverage differs, not a causal masking/source intervention."
source_key,lesotho_fct_2006,31,40,0.20151531929834007,0.22519087152757616,"Conditional observational strata; coverage differs, not a causal masking/source intervention."
source_key,mext_japan_2023,79,390,0.22242842851765543,0.21963697037706562,"Conditional observational strata; coverage differs, not a causal masking/source intervention."
source_key,norway,37,287,0.1845487359071927,0.18745505622546843,"Conditional observational strata; coverage differs, not a causal masking/source intervention."
source_key,phyfoodcomp_1_0,4,266,0.419785185924021,0.33978660014193485,"Conditional observational strata; coverage differs, not a causal masking/source intervention."
source_key,smiling_cambodia_2013,25,11,0.3422770998542143,0.3331626630380153,"Conditional observational strata; coverage differs, not a causal masking/source intervention."
source_key,smiling_indonesia_2013,13,17,0.42638236051345113,0.3976573449068842,"Conditional observational strata; coverage differs, not a causal masking/source intervention."
source_key,smiling_laos_2013,14,12,0.2541197420051301,0.2771306036478802,"Conditional observational strata; coverage differs, not a causal masking/source intervention."
source_key,smiling_thailand_2013,17,17,0.32722466415292334,0.34422309155281977,"Conditional observational strata; coverage differs, not a causal masking/source intervention."
source_key,smiling_vietnam_2013,12,32,0.24219433852417552,0.2608985078475409,"Conditional observational strata; coverage differs, not a causal masking/source intervention."
source_key,swiss_fcdb_7_1,25,168,0.19880109568564094,0.2015566124673833,"Conditional observational strata; coverage differs, not a causal masking/source intervention."
source_key,usda_sr_legacy,103,1191,0.1614512718074115,0.14584719776341698,"Conditional observational strata; coverage differs, not a causal masking/source intervention."
source_key,wafct_2019,35,150,0.18620129659339363,0.17193027964255791,"Conditional observational strata; coverage differs, not a causal masking/source intervention."
context_bin,none,66,445,0.7265456443918181,0.6200607491056763,"Conditional observational strata; coverage differs, not a causal masking/source intervention."
context_bin,1_to_4,103,823,0.47998174759262363,0.5196695307455881,"Conditional observational strata; coverage differs, not a causal masking/source intervention."
context_bin,5_to_14,124,2768,0.3629951695659913,0.38270217448916233,"Conditional observational strata; coverage differs, not a causal masking/source intervention."
context_bin,15_to_39,141,4947,0.19434531226478893,0.2043570355754874,"Conditional observational strata; coverage differs, not a causal masking/source intervention."
context_bin,at_least_40,118,2969,0.16191435360829062,0.1541967251746147,"Conditional observational strata; coverage differs, not a causal masking/source intervention."
near_name_flag,False,142,6610,0.18727847026923533,0.19268308937520753,"Conditional observational strata; coverage differs, not a causal masking/source intervention."
near_name_flag,True,136,734,0.1762561403337243,0.15635481561070932,"Conditional observational strata; coverage differs, not a causal masking/source intervention."
