axis_index,canonical_name,mask_family,training_candidates,macro_weight,rmsnorm_minus_mae_under,rmsnorm_minus_mae_over,rmsnorm_minus_mae_mae,mae_minus_rf,rmsnorm_minus_rf,candidate_support,candidate_minus_baseline,difference_95_low,difference_95_high,valid_resamples,resamples_without_axis_support,sparse_support_below_30
104,Alanine,amino_acid,8576,0.007042253521126761,2.4952935768823013e-05,-2.656306864627162e-05,-1.6101328774486613e-06,7.886337636714728e-05,7.725324348969862e-05,1547,-0.00022863886859770654,-0.0017613971665721324,0.0014682348543472094,1000,0,False
105,Arachidonic acid (20:4n-6),fatty_acid,6814,0.007042253521126761,2.3102617308444918e-05,-1.955509004201414e-05,3.5475272664308322e-06,3.217703034824734e-05,3.572455761467817e-05,1128,0.0005037488718331641,-0.008348630359313063,0.008326343870995418,1000,0,False
106,Arginine,amino_acid,9593,0.007042253521126761,2.0075301709068035e-05,-1.658911800876266e-05,3.4861837003054286e-06,8.133576764117603e-05,8.482195134148146e-05,1727,0.000495038085443365,-0.001694962618138112,0.002839244585794781,1000,0,False
107,Ascorbic acid (vitamin C),vitamin,586,0.007042253521126761,-1.675437618436611e-05,4.06197538237083e-05,2.3865377639341757e-05,-0.0005319564060804207,-0.0005080910284410789,102,0.0033888836247865607,-0.058471311393208734,0.060098168164998085,1000,0,False
108,Ash,food_matrix,20257,0.007042253521126761,1.8244079301788223e-05,-2.465579229833268e-05,-6.411712996544404e-06,0.00020379860700578997,0.00019738689400924556,3606,-0.0009104632455093125,-0.004226791855391487,0.00205459374849548,1000,0,False
109,Aspartic acid,amino_acid,8432,0.007042253521126761,2.4073611226989972e-05,-1.7980645725456165e-05,6.092965501533834e-06,8.518173358895725e-05,9.127469909049108e-05,1519,0.0008652011012178015,-0.0006721436255197087,0.002525325663751861,1000,0,False
110,Available carbohydrate,macronutrient,4210,0.007042253521126761,5.824162680174755e-06,5.029628796727933e-05,5.612045064745414e-05,-0.00014003235111719825,-8.391190046974412e-05,756,0.007969103991938488,0.001348299543166123,0.015569583871289384,1000,0,False
111,Beta-sitosterol,sterol,207,0.007042253521126761,-0.0001064605947894736,-3.600677243194452e-05,-0.00014246736722141817,-0.00022085023960862686,-0.000363317606830045,48,-0.020230366145441377,-0.04958367206606908,0.008523095153083105,1000,0,False
112,Betaine,amino_acid,2764,0.007042253521126761,2.552483676817501e-05,-6.485469989569569e-05,-3.932986312752047e-05,-4.213573672307231e-05,-8.146559985059277e-05,498,-0.005584840564107923,-0.017748704646476064,0.006490022274463998,1000,0,False
113,Biotin,vitamin,9884,0.00704225352112676,0.00034173955664035076,-8.031348486723451e-06,0.000333708208153627,8.078803146048964e-05,0.0004144962396141166,1768,0.04738656555781508,0.02211487157672706,0.07338344708248085,1000,0,False
114,Butyric acid (4:0),fatty_acid,12666,0.007042253521126761,-1.2180151743435507e-05,-1.7906790080483717e-05,-3.0086941823919333e-05,-2.9160414856106254e-05,-5.9247356680025586e-05,2269,-0.0042723457389965335,-0.010274424163685897,0.0010496626418405725,1000,0,False
115,Calcium,mineral,39116,0.007042253521126761,4.45633864207054e-05,-6.685620299504234e-06,3.7877766121201164e-05,0.00035258459525532655,0.0003904623613765277,6878,0.005378642789210542,0.0010838930190534312,0.009882653341705547,1000,0,False
116,Campesterol,sterol,171,0.007042253521126761,-0.00011403151111633513,-0.0001880227513969976,-0.00030205426251333285,-0.0006610863746877645,-0.0009631406372010974,36,-0.042891705276893226,-0.09817435643490638,0.008063798614038942,1000,0,False
117,"Carotene, alpha",vitamin,13702,0.007042253521126761,0.00027268378757275345,-0.0001336180284492204,0.00013906575912353298,-5.157873638772536e-05,8.748702273580762e-05,2524,0.019747337795541706,0.01011311194255935,0.029702877436760096,1000,0,False
118,"Carotene, beta",vitamin,20968,0.007042253521126761,7.060716965931468e-05,2.410892619036497e-05,9.471609584967922e-05,-4.080750255101937e-05,5.390859329865985e-05,3736,0.013449685610654504,0.002496348926623878,0.02362426600550022,1000,0,False
119,Cellulose,dietary_fibre,69,0.007042253521126761,0.0005927771674927181,-0.0001445348367269169,0.0004482423307658012,0.00027140129570997354,0.0007196436264757747,15,0.06365041096874374,-0.041065864250151664,0.17409730215251557,1000,0,True
120,Chloride,mineral,1874,0.00704225352112676,9.22701165886441e-06,1.4334896711375362e-05,2.3561908370239555e-05,-0.00023963888254607889,-0.00021607697417583933,343,0.0033457909885740425,-0.010504332338686627,0.01767541649919744,1000,0,False
121,Cholecalciferol (vitamin D3),vitamin,3865,0.00704225352112676,0.0004301449491281603,-0.00022318729042211075,0.00020695765870604958,-0.00022182950710255482,-1.4871848396505244e-05,695,0.029387987536259083,-0.0015327611973211454,0.06336688713618584,1000,0,False
122,Cholesterol,sterol,22719,0.007042253521126761,1.0252010166112726e-05,-3.6384256263217118e-06,6.61358453979096e-06,0.00031393838141121776,0.0003205519659510087,3992,0.0009391290046503236,-0.001978280572925402,0.003925751136419077,1000,0,False
123,"Choline, total",vitamin,10549,0.007042253521126761,4.834499893048832e-05,-3.5537336057833236e-05,1.2807662872655191e-05,0.0003325239732336158,0.000345331636106271,1897,0.0018186881279170276,-0.0017571048142046646,0.0056446057507019,1000,0,False
124,Chromium,mineral,1560,0.007042253521126761,-6.434434307268683e-05,0.00022810656169547296,0.00016376221862278613,-0.00020600280314065971,-4.2240584517873585e-05,278,0.023254235044435613,-0.02410399159921157,0.07450569145063723,1000,0,False
125,Cobalamin (vitamin B12),vitamin,25560,0.007042253521126761,2.118506609562242e-05,4.433441975558829e-06,2.5618508071181302e-05,0.00018318270328209082,0.00020880121135327212,4402,0.0036378281461077293,-0.0007567949495515491,0.008348569988696,1000,0,False
126,Conjugated linoleic acids (18:2 CLA isomers),fatty_acid,469,0.00704225352112676,-0.00013146983406785092,5.7117788206325325e-05,-7.435204586152559e-05,-0.00038563950148932913,-0.0004599915473508547,98,-0.010557990512336623,-0.02982738031444142,0.007933104280522085,1000,0,False
127,Copper,mineral,28684,0.007042253521126761,6.925812118381298e-06,8.04129030948259e-06,1.4967102427863995e-05,0.00032316335080451804,0.00033813045323238203,5038,0.0021253285447566965,-0.0014921749221665514,0.005427224056920129,1000,0,False
128,"Cryptoxanthin, beta",vitamin,13291,0.007042253521126761,9.113848342611483e-06,5.427013019931542e-06,1.4540861362543093e-05,-8.060046082783824e-05,-6.605959946529515e-05,2450,0.002064802313481087,-0.0007987816265354467,0.0050665763358960746,1000,0,False
129,Cystine,amino_acid,8477,0.007042253521126761,2.1101995862816378e-05,-1.0485470631560652e-05,1.06165252312557e-05,0.00013488416338135705,0.00014550068861261275,1531,0.0015075465828383121,-0.0004753599737889875,0.003560664200292788,1000,0,False
130,Decanoic acid (10:0),fatty_acid,16906,0.007042253521126761,1.2655631614353138e-06,-2.5888987934040084e-05,-2.4623424772604553e-05,-0.00021393827278441409,-0.00023856169755701864,2996,-0.0034965263177098734,-0.014774215646023289,0.007669505173785714,1000,0,False
131,"Dietary fibre, total",macronutrient,14402,0.007042253521126761,1.9804244759778636e-06,-1.9067171523603588e-05,-1.7086747047625724e-05,0.0003077468766238949,0.0002906601295762692,2543,-0.0024263180807628645,-0.006549311223236042,0.0017185063407114205,1000,0,False
132,Docosahexaenoic acid (DHA; 22:6n-3),fatty_acid,16450,0.00704225352112676,-2.3482594041691505e-06,2.615530725702021e-05,2.380704785285106e-05,-0.0001293274233943833,-0.00010552037554153223,2886,0.003380600795104849,-0.0038968613880435744,0.010982041164088288,1000,0,False
133,Docosanoic acid (22:0),fatty_acid,5733,0.007042253521126761,0.00012923787920723863,2.9116573458558238e-05,0.0001583544526657973,-9.062388582245268e-05,6.773056684334462e-05,1047,0.022486332278543176,0.009620497565595836,0.03560180332030276,1000,0,False
134,Docosapentaenoic acid (DPA; 22:5n-3),fatty_acid,16689,0.00704225352112676,4.162195986227423e-05,-1.0029670136168557e-05,3.159228972610573e-05,7.19411294659273e-05,0.00010353341919203303,2934,0.00448610514110701,-0.0022691215565921116,0.011732390958521709,1000,0,False
135,Docosatetraenoic acid (22:4; isomer unspecified),fatty_acid,335,0.007042253521126761,8.745259183023523e-05,-2.552221031632332e-05,6.193038151391201e-05,-0.00029837420970842046,-0.00023644382819450844,75,0.008794114174975496,-0.01589293712043496,0.034687582863751114,1000,0,False
136,Docosenoic acid (22:1; cis/trans unspecified),fatty_acid,3902,0.007042253521126761,-8.005345123348901e-06,-2.7803811123985813e-05,-3.580915624733466e-05,-0.00030239124462198657,-0.0003382004008693212,733,-0.005084900187121523,-0.02012936414985569,0.008052712910965293,1000,0,False
137,Dodecanoic acid (12:0),fatty_acid,19138,0.007042253521126762,-2.2695988118789576e-05,-1.5863280947452877e-05,-3.855926906624245e-05,-0.0001718425795522679,-0.00021040184861851035,3352,-0.0054754162074064205,-0.019700654785195733,0.008923137656385081,1000,0,False
138,Eicosanoic acid (20:0),fatty_acid,5470,0.007042253521126761,5.62090454415509e-06,8.665630163740565e-06,1.4286534707895655e-05,0.00019854921975300975,0.0002128357544609054,998,0.002028687928521164,-0.007851300662362531,0.012823239156566356,1000,0,False
139,Eicosapentaenoic acid (EPA; 20:5n-3),fatty_acid,18180,0.007042253521126761,-3.0452823653564663e-05,2.4655177437808208e-05,-5.797646215756564e-06,-9.135554491150914e-05,-9.71531911272657e-05,3202,-0.0008232657626374333,-0.006966282722506162,0.005115728324261972,1000,0,False
140,Eicosatetraenoic acid (20:4; isomer unspecified),fatty_acid,4211,0.00704225352112676,8.342349422985675e-05,-5.515952038724387e-05,2.8263973842612938e-05,9.619969615807448e-06,3.7883943458420387e-05,772,0.00401348428565103,-0.006382300952440897,0.01451098628256234,1000,0,False
141,Eicosatrienoic acid (20:3; isomer unspecified),fatty_acid,1065,0.007042253521126762,0.00013635702215094529,5.041621820416059e-05,0.00018677324035510593,-0.00012376424179688975,6.300899855821618e-05,224,0.026521800130425047,-0.0019037345549585746,0.05648986462575176,1000,0,False
142,Eicosatrienoic acid (20:3n-3),fatty_acid,318,0.007042253521126761,-1.2503911073002603e-05,-7.526379739487615e-05,-8.776770846787886e-05,-0.00019674156486392913,-0.000284509273331808,63,-0.01246301460243879,-0.04090140899538923,0.01501838491631535,1000,0,False
143,Eicosatrienoic acid (20:3n-6),fatty_acid,1284,0.00704225352112676,3.385040252475895e-06,-1.6248591617356624e-06,1.7601810907402326e-06,-0.00010170500724189198,-9.994482615115175e-05,230,0.00024994571488511395,-0.01743815125759174,0.01492572735906184,1000,0,False
144,Eicosenoic acid (20:1; isomer unspecified),fatty_acid,14951,0.007042253521126761,3.7584512720104015e-05,-5.7379167544447805e-05,-1.97946548243439e-05,0.00021924899456655716,0.00019945433974221326,2654,-0.002810840985056826,-0.009969220393822064,0.004406674665237383,1000,0,False
147,Ethanol,ethanol,17741,0.007042253521126761,-5.3812945483141736e-08,1.5098064739818603e-06,1.4559935284987215e-06,1.0590068598349608e-05,1.204606212684833e-05,3138,0.00020675108104681848,0.0002014657401091958,0.0002119824814415454,1000,0,False
148,"Fat, total",macronutrient,27749,0.007042253521126761,2.2191916279918765e-06,7.95693664619923e-06,1.0176128274191052e-05,0.0001226978455351611,0.00013287397380935215,4833,0.0014450102149351387,-0.0015025589851609753,0.004600145745128731,1000,0,False
149,"Fatty acids, total monounsaturated",fatty_acid,22471,0.007042253521126761,1.5925560761042277e-05,-2.9171055806163167e-05,-1.3245495045120944e-05,0.00018351086976723654,0.0001702653747221156,3886,-0.001880860296407172,-0.003834788318910856,0.00012416632416317614,1000,0,False
150,"Fatty acids, total polyunsaturated",fatty_acid,22517,0.007042253521126761,2.8008473564642518e-05,-8.540298147381698e-06,1.9468175417260928e-05,0.0001647545163842802,0.00018422269180154113,3896,0.002764480909251036,-0.0010328173184074774,0.006442637904731524,1000,0,False
151,"Fatty acids, total saturated",fatty_acid,23183,0.007042253521126761,3.833932128026284e-05,-2.0693683823825757e-05,1.764563745643708e-05,7.714100934072597e-05,9.478664679716305e-05,4023,0.002505680518814057,-0.00027015800932177723,0.00561357552360093,1000,0,False
152,"Fatty acids, total trans",fatty_acid,6323,0.007042253521126761,7.839419105141402e-05,-3.3846915414479923e-05,4.45472756369341e-05,-4.903334587098591e-05,-4.4860702340518074e-06,1172,0.006325713140444642,-0.005159465411431306,0.017631484237133198,1000,0,False
153,"Fatty acids, total trans-monoenoic",fatty_acid,2792,0.007042253521126761,1.6939970780162632e-05,2.3284263527078132e-05,4.022423430724087e-05,-0.00020538122721035202,-0.00016515699290311115,521,0.005711841271628195,-0.019082675616076777,0.03315272831715847,1000,0,False
154,"Fatty acids, total trans-polyenoic",fatty_acid,2496,0.007042253521126761,7.66689050139685e-05,-2.4572341752102035e-05,5.209656326186636e-05,-4.190500849050741e-05,1.019155477135895e-05,457,0.0073977119831850294,-0.007712300400432927,0.023937883880029723,1000,0,False
155,"Folate, food",vitamin,17790,0.007042253521126761,7.63886486974453e-06,7.678667545851173e-06,1.5317532415595487e-05,0.00043617091524525355,0.00045148844766084903,3170,0.0021750896030145834,-0.00299602338578248,0.007112810423282007,1000,0,False
156,"Folate, total",vitamin,21997,0.007042253521126761,-1.4694131974110234e-05,7.017481799673144e-05,5.548068602262142e-05,0.0003453860397641959,0.0004008667257868173,3886,0.007878257415212213,0.0027810087603772423,0.012860524263381714,1000,0,False
157,Folic acid,vitamin,17266,0.00704225352112676,-4.477100857938783e-05,8.049342350186043e-05,3.572241492247243e-05,6.5683480823855965e-06,4.229076300485803e-05,3100,0.005072582918991116,-0.000805513701206893,0.011371221075272397,1000,0,False
158,Fructose,carbohydrate,10967,0.007042253521126761,-1.9638309285089067e-05,7.399379051977449e-05,5.435548123468542e-05,-0.0002271051457087851,-0.0001727496644740997,1959,0.007718478335325345,-0.0022863616497593867,0.018708920994503796,1000,0,False
159,Galactose,carbohydrate,8120,0.00704225352112676,3.759892170708177e-05,-3.406131108454801e-05,3.5376106225337278e-06,6.63461985767732e-05,6.988380919930692e-05,1460,0.0005023407083997878,-0.005028332647715529,0.0059678382869978695,1000,0,False
160,Glucose,carbohydrate,11206,0.007042253521126761,-6.461576889101191e-05,4.2169578418439334e-05,-2.244619047257236e-05,-8.89887010232333e-06,-3.134506057489569e-05,2003,-0.0031873590471052774,-0.013048937075357354,0.0068093771524646626,1000,0,False
161,Glutamic acid,amino_acid,8601,0.007042253521126761,1.7706803503165136e-05,-1.3996032753602164e-05,3.710770749562999e-06,8.752155427957722e-05,9.123232502914022e-05,1555,0.000526929446437947,-0.0013731018149982,0.0023350420711437114,1000,0,False
162,Glycine,amino_acid,9525,0.007042253521126762,1.682204272855707e-05,-1.4302969903530049e-05,2.519072825027022e-06,0.00011863620074509349,0.00012115527357012051,1713,0.0003577083411538355,-0.0023828283495615585,0.002986964884350511,1000,0,False
165,Heptadecanoic acid (17:0),fatty_acid,6293,0.007042253521126761,-9.555793918766624e-06,7.92900652247158e-06,-1.6267873962950985e-06,-2.546597552305482e-05,-2.709276291934992e-05,1138,-0.00023100381027388818,-0.007867318958352826,0.006856308076471247,1000,0,False
166,Heptadecenoic acid (17:1; isomer unspecified),fatty_acid,4818,0.00704225352112676,4.076099586084359e-05,-1.6388443245640488e-05,2.43725526152031e-05,-8.674353044743686e-05,-6.237097783223376e-05,880,0.0034609024713588257,-0.006881677504346656,0.014850642055771567,1000,0,False
167,Hexadecanoic acid (16:0),fatty_acid,19586,0.007042253521126761,1.6400485740363207e-05,-3.4201173241609297e-06,1.2980368416202386e-05,0.00011515351120355811,0.0001281338796197605,3436,0.001843212315100725,-0.0006500924150216982,0.0042748607276013005,1000,0,False
168,Hexadecenoic acid (16:1; cis/trans unspecified),fatty_acid,4679,0.007042253521126761,1.716668276609929e-05,-7.290626715513685e-05,-5.5739584389037774e-05,3.669582103883241e-05,-1.9043763350205366e-05,878,-0.00791502098324336,-0.01850846092203166,0.003444031404640022,1000,0,False
169,Hexanoic acid (6:0),fatty_acid,14771,0.007042253521126761,2.4970234916985143e-05,-3.652183533880369e-05,-1.1551600421818545e-05,-8.78643284550018e-05,-9.941592887682035e-05,2651,-0.001640327259898232,-0.008079498653532071,0.004267929375082212,1000,0,False
170,Histidine,amino_acid,8652,0.007042253521126761,2.072303217932458e-05,-2.8284374697726082e-05,-7.561342518401504e-06,0.00011988988475246961,0.00011232854223406811,1562,-0.0010737106376130145,-0.0026021927411468636,0.0007863453399016713,1000,0,False
171,Hydroxyproline,amino_acid,1676,0.00704225352112676,4.224433757809529e-05,-4.481852759018862e-05,-2.5741900120932783e-06,2.330844309256843e-05,2.073425308047515e-05,299,-0.00036553498171724703,-0.009510955391130126,0.00790623298965292,1000,0,False
172,Insoluble dietary fibers,dietary_fibre,158,0.007042253521126761,0.00013276840401455858,0.00013218279740867273,0.0002649512014232312,-0.00010853642435099098,0.00015641477707224022,20,0.03762307060209883,-0.021412533886054175,0.1181269319851352,1000,0,True
173,Iron,mineral,32795,0.00704225352112676,4.1499417990327426e-05,1.2698451029163134e-05,5.419786901949067e-05,0.0002362702950445307,0.00029046816406402137,5716,0.007696097400767672,0.004535491437385349,0.011166052737836146,1000,0,False
174,Isoleucine,amino_acid,8660,0.007042253521126761,1.178547286557906e-05,-5.949087735494861e-06,5.8363851300841855e-06,7.726769390007044e-05,8.310407903015462e-05,1564,0.0008287666884719567,-0.0004207338561380018,0.001988768490334231,1000,0,False
175,Isomeric linoleic acids (18:2),fatty_acid,44,0.007042253521126761,0.0012201376748597875,-0.0014990821780166738,-0.00027894450315688697,-0.00021358146908699452,-0.0004925259722438815,15,-0.039610119448277935,-0.2583875561405229,0.14605311457216338,1000,0,True
176,Isomeric linolenic acids (18:3),fatty_acid,68,0.00704225352112676,0.00021648730652214611,-0.00043625943868684774,-0.00021977213216470108,-4.622393346976478e-05,-0.00026599606563446586,17,-0.03120764276738749,-0.1591915004529307,0.07225552988435958,1000,0,True
177,Lactose,carbohydrate,10711,0.007042253521126761,2.045085143173071e-05,-3.9634110236463275e-06,1.6487440408084492e-05,-0.0001085616013591738,-9.20741609510893e-05,1909,0.002341216537947983,-0.004077790824885834,0.00890180935625075,1000,0,False
178,Leucine,amino_acid,8661,0.007042253521126761,2.1283174445792914e-05,-5.828468693040961e-06,1.5454705752751953e-05,4.148647546118765e-05,5.69411812139396e-05,1562,0.002194568216890777,0.000949497709810397,0.0034863193232263397,1000,0,False
179,Lignin,dietary_fibre,59,0.00704225352112676,0.0014143891169763488,-0.00023483992659259901,0.0011795491903837498,-0.001211745429369695,-3.2196238985945144e-05,17,0.16749598503449253,-0.09127098869318942,0.5255764322287635,1000,0,True
180,Linoleic acid (18:2n-6),fatty_acid,7708,0.007042253521126761,2.479968079688224e-05,-3.0667677832953025e-06,2.1732913013586827e-05,-0.00017325135010399758,-0.00015151843709041075,1345,0.0030860736479293403,-0.005310842841067704,0.01123414127493078,1000,0,False
181,Lutein + zeaxanthin,vitamin,7134,0.007042253521126761,9.544869119912738e-05,-4.458177660263997e-05,5.0866914596487626e-05,-0.00012516379821623418,-7.429688361974655e-05,1277,0.007223101872701202,-0.007774856062948211,0.021190124634725863,1000,0,False
182,Lycopene,vitamin,11469,0.007042253521126761,-8.244139475418815e-05,3.629383990243982e-06,-7.88120107639442e-05,-5.292124271163718e-05,-0.00013173325347558138,2090,-0.011191305528480078,-0.018000975080347998,-0.0044807072446905955,1000,0,False
183,Lysine,amino_acid,8681,0.007042253521126761,1.5734215616214386e-05,-1.2688778618217465e-05,3.0454369979968933e-06,9.46566621634381e-05,9.7702099161435e-05,1571,0.00043245205371555723,-0.0012224160346837475,0.002089566629624914,1000,0,False
184,Magnesium,mineral,35492,0.007042253521126762,3.401541416291835e-05,-2.748635377690465e-08,3.3987927809141444e-05,0.0002262891880111395,0.00026027711582028094,6213,0.004826285748898071,0.0023364307297785423,0.007272081942114006,1000,0,False
185,Maltose,carbohydrate,10771,0.007042253521126761,2.2590908560224734e-06,-6.018962812708462e-06,-3.759871956685989e-06,-9.64367129935406e-05,-0.00010019658495022659,1924,-0.0005339018178494112,-0.01001995220903426,0.008450462975494469,1000,0,False
186,Manganese,mineral,18010,0.007042253521126761,1.1510704578027815e-05,2.9185611037986416e-05,4.069631561601445e-05,0.0001507793042843837,0.00019147561990039814,3266,0.005778876817474033,0.0003878228094854356,0.010625114999442785,1000,0,False
188,Menaquinone-4,vitamin,94,0.007042253521126761,5.68482862017296e-06,-5.339396206002604e-05,-4.770913343985308e-05,-0.0001642852980433887,-0.00021199443148324179,10,-0.006774696948459119,-0.047779391102350056,0.03842348289600538,1000,0,True
189,Methionine,amino_acid,8681,0.007042253521126761,2.0890878200740073e-05,-6.754876855567414e-06,1.413600134517266e-05,0.00013728217248512315,0.0001514181738302958,1570,0.0020073121910145213,0.0004318864880806638,0.0035822805876569944,1000,0,False
190,Molybdenum,mineral,1011,0.007042253521126761,-7.763053968756111e-05,7.797322270117386e-05,3.426830136126456e-07,-0.00035679641827891014,-0.0003564537352652975,190,4.8660987933015e-05,-0.048027847185169704,0.04552494488006924,1000,0,False
191,Niacin,vitamin,30892,0.00704225352112676,2.21326298063347e-05,-1.949542713082801e-05,2.637202675506581e-06,0.00031453730748566317,0.00031717451016116975,5427,0.0003744827799219464,-0.002597436409311083,0.0032965850833837134,1000,0,False
192,Nicotinic acid,vitamin,6362,0.007042253521126761,7.146841933480211e-05,-5.5471879551562304e-05,1.5996539783239916e-05,5.2037814187174715e-05,6.803435397041463e-05,1168,0.0022715086492200473,-0.003998533488382382,0.009249912452524047,1000,0,False
193,Octadecadienoic acid (18:2; isomer unspecified),fatty_acid,4923,0.007042253521126761,6.647655976250522e-05,3.410668989974595e-05,0.00010058324966225073,-0.0003632195582691977,-0.000262636308606947,914,0.01428282145203964,-0.0024123957916155894,0.033211171145361186,1000,0,False
194,Octadecanoic acid (18:0),fatty_acid,19517,0.007042253521126761,1.7890295648883745e-05,-8.756032362746986e-06,9.13426328613676e-06,0.00014920150771925017,0.00015833577100538693,3429,0.0012970653866314222,-0.0021543898157379265,0.004432499045106304,1000,0,False
195,Octadecatetraenoic acid (18:4; isomer unspecified),fatty_acid,3901,0.00704225352112676,5.965803135745556e-05,-4.103584685145203e-05,1.862218450600356e-05,-0.0001951500472156466,-0.00017652786270964303,719,0.0026443501998524997,-0.00734970405004357,0.012555384781338004,1000,0,False
196,Octadecatrienoic acid (18:3; isomer unspecified),fatty_acid,4835,0.007042253521126761,5.958190365573158e-05,-5.303388041173838e-05,6.548023243993419e-06,-7.221001056124509e-05,-6.566198731725167e-05,899,0.0009298193006470404,-0.017389363019064262,0.020418811637750018,1000,0,False
197,Octadecenoic acid (18:1; cis/trans unspecified),fatty_acid,4910,0.007042253521126761,0.00010857240839850114,-3.0849177721114845e-05,7.772323067738629e-05,-0.00028333987946009163,-0.00020561664878270534,912,0.011036698756188863,-0.004062361135592083,0.026290384073143772,1000,0,False
198,Octanoic acid (8:0),fatty_acid,15315,0.007042253521126761,9.81706806613364e-06,-3.972079383231041e-05,-2.990372576617672e-05,-0.00020570082970565646,-0.00023560455547183318,2755,-0.004246329058797101,-0.015935790624021503,0.006993168436436984,1000,0,False
199,Pantothenic acid (vitamin B5),vitamin,16490,0.007042253521126761,4.7174487446021134e-05,-3.831790662679215e-05,8.856580819228878e-06,0.00037052372299998105,0.00037938030381920993,2974,0.0012576344763305031,-0.002139053238959687,0.004602370762308649,1000,0,False
200,Pentadecanoic acid (15:0),fatty_acid,5999,0.00704225352112676,1.4179393944634957e-05,-3.369817386024887e-05,-1.9518779915613915e-05,-7.535787802422935e-05,-9.487665793984326e-05,1081,-0.0027716667480171776,-0.014331286405155031,0.00810281336298569,1000,0,False
201,Pentadecenoic acid (15:1; isomer unspecified),fatty_acid,4236,0.007042253521126761,-1.0938560694956443e-07,2.5563186421384014e-07,1.4624625726427677e-07,0.00015647213251568912,0.0001566183787729534,777,2.0766968531521677e-05,-0.0003051264346669428,0.0001825325955892589,1000,0,False
202,Phenylalanine,amino_acid,8673,0.00704225352112676,1.7144988347644934e-05,-1.497401360180635e-05,2.170974745838584e-06,4.902581396816041e-05,5.1196788713998994e-05,1573,0.0003082784139090775,-0.0008665491686925789,0.0015739752544473968,1000,0,False
203,Phosphorus,mineral,31130,0.007042253521126761,4.616647584425071e-05,-3.9662718009622936e-05,6.503757834627668e-06,0.00019254970105593333,0.000199053458890561,5470,0.0009235336125171457,-0.0009062871029291882,0.0026547548771926103,1000,0,False
204,Phytosterols,sterol,398,0.007042253521126761,4.054269595076595e-08,0.00014638005871216847,0.00014642060140811924,-0.0002841043944711136,-0.0001376837930629944,66,0.020791725399952943,-0.014210063169137005,0.06049497114781836,1000,0,False
205,Potassium,mineral,31399,0.007042253521126761,3.3381572117570954e-05,-2.2863996325022838e-05,1.0517575792548008e-05,0.00019753664163361365,0.00020805421742616165,5513,0.0014934957625418219,-0.001218665129806033,0.004200906595174887,1000,0,False
206,Proline,amino_acid,8583,0.00704225352112676,4.695856733934157e-06,-2.6509345496245735e-06,2.0449221843095835e-06,9.744880342558987e-05,9.949372560989945e-05,1546,0.00029037895017195917,-0.0017887117685501648,0.002207964000320811,1000,0,False
207,"Protein, total",macronutrient,26382,0.007042253521126761,1.892748447945234e-05,-1.8841104787206003e-05,8.637969224633852e-08,0.0001546443742961885,0.00015473075398843484,4633,1.2265916298979424e-05,-0.0019151572573672913,0.0018985571342684839,1000,0,False
208,Retinol,vitamin,28747,0.007042253521126761,0.0001256445600466983,3.833694401332002e-05,0.00016398150406001823,-1.4229266006967906e-05,0.00014975223805305032,5057,0.02328537357652264,0.014445995598794373,0.03291019600499369,1000,0,False
209,Riboflavin (vitamin B2),vitamin,27092,0.007042253521126761,3.317868042793126e-05,-2.975774435185299e-05,3.420936076078485e-06,0.00036932904978072387,0.00037274998585680235,4691,0.0004857729228031221,-0.0027541312195920545,0.003532267710266102,1000,0,False
210,"Selenium, Se",mineral,24283,0.007042253521126761,1.7727105709036076e-05,1.0325020921673079e-06,1.8759607801203384e-05,0.0003303768320380505,0.0003491364398392539,4249,0.002663864307770883,-0.0004234340624433102,0.006117569095483032,1000,0,False
211,Serine,amino_acid,8568,0.007042253521126761,2.082157707960522e-05,-2.1554176599676605e-05,-7.325995200713697e-07,6.730630351427469e-05,6.657370399420332e-05,1542,-0.00010402913185013533,-0.0013578787591093531,0.0011212941720029192,1000,0,False
212,Sodium,mineral,26623,0.007042253521126761,-4.125426037387102e-05,6.135360120518144e-05,2.0099340831310425e-05,8.034713649753347e-05,0.0001004464773288439,4705,0.002854106398046097,-0.0033015572952623195,0.008492458890341375,1000,0,False
213,Sorbitol,carbohydrate,76,0.007042253521126762,7.940202635388078e-05,0.0006862466787169042,0.000765648705070785,-0.0010700563064601815,-0.0003044076013893964,14,0.10872211612005146,0.0006803203281607442,0.253698035610414,1000,0,True
214,Starch,carbohydrate,7534,0.007042253521126761,-2.9843378812046447e-05,5.862823974281265e-05,2.8784860930766254e-05,-0.0002414513499402188,-0.00021266648900945253,1292,0.004087450252168804,-0.003854992651800702,0.011826102344225785,1000,0,False
215,Stearidonic acid,fatty_acid,835,0.007042253521126761,-5.294146806968797e-08,1.1939183823480212e-06,1.1409769142783194e-06,-2.810750997998655e-05,-2.6966533065708232e-05,140,0.00016201872182752076,0.00014206181743429554,0.00018122281932846757,1000,0,False
216,Stigmasterol,sterol,210,0.007042253521126761,-0.0002879452277586099,-0.00012472115452645777,-0.00041266638228506765,-0.0003317879674267193,-0.000744454349711787,48,-0.058598626284479594,-0.18192208823572073,0.03701077370299734,1000,0,False
217,Sucrose,carbohydrate,5683,0.007042253521126761,-0.00014059548965293352,0.00018941947383849982,4.882398418556673e-05,-0.00024695799384505477,-0.00019813400965948804,1021,0.006933005754350433,-0.01200070747715297,0.026523587385804504,1000,0,False
218,"Sugars, total",carbohydrate,18095,0.007042253521126761,-3.923912168738298e-06,0.00018205543176579356,0.00017813151959705526,5.199615652548605e-05,0.0002301276761225413,3185,0.025294675782781884,0.017440951935480845,0.03209216752451368,1000,0,False
219,Sulfur,mineral,93,0.007042253521126761,-0.0001449296168233756,9.995735016734674e-05,-4.497226665602875e-05,-1.821827890716079e-05,-6.319054556318954e-05,20,-0.006386061865156112,-0.08293657066969509,0.059860440004506424,1000,0,True
220,Tetracosanoic acid (24:0),fatty_acid,4423,0.007042253521126761,0.0001730166796070395,-0.00010997212408593257,6.304455552110714e-05,-3.1751018384139915e-05,3.129353713696723e-05,806,0.008952326883997214,-0.007651830308004358,0.02539536587790054,1000,0,False
221,Tetradecanoic acid (14:0),fatty_acid,18875,0.007042253521126761,5.57163012931027e-05,-4.665194243701253e-06,5.1051107049401336e-05,4.882002179959662e-06,5.5933109229361e-05,3308,0.007249257201014995,-0.0009246173309431554,0.016007330833367837,1000,0,False
222,Tetradecenoic acid (14:1; isomer unspecified),fatty_acid,5438,0.007042253521126761,-4.947159599261576e-05,8.269785758955499e-07,-4.864461741672021e-05,-0.0001437960233857153,-0.00019244064080243552,1002,-0.0069075356731742735,-0.01746864703538935,0.0036019183993198,1000,0,False
223,Thiamin (vitamin B1),vitamin,29067,0.00704225352112676,3.14901648521673e-05,-2.712828704455573e-05,4.36187780761179e-06,0.00028970425239154864,0.0002940661301991604,5049,0.000619386648680854,-0.003250569215107397,0.004456144447601336,1000,0,False
224,Threonine,amino_acid,8656,0.00704225352112676,2.5967066979709015e-05,-1.987027852409212e-05,6.096788455616853e-06,8.67557081131164e-05,9.285249656873325e-05,1560,0.0008657439606975997,-0.0003935067974340676,0.0021704901460881465,1000,0,False
225,"Tocopherol, beta",vitamin,7747,0.007042253521126761,1.8243620880926568e-05,-1.2678708075390872e-05,5.564912805535805e-06,9.43923982593129e-05,9.99573110648487e-05,1452,0.0007902176183860958,-0.0104287438353072,0.01239338296884619,1000,0,False
226,"Tocopherol, delta",vitamin,7687,0.007042253521126761,1.385275240227868e-05,3.1930867994892326e-05,4.57836203971709e-05,-0.0001039769862036439,-5.819336580647301e-05,1454,0.006501274096398269,-0.005578221231598078,0.02000013355076419,1000,0,False
227,"Tocopherol, gamma",vitamin,8262,0.007042253521126761,-5.492403374985342e-05,5.064713953817639e-05,-4.276894211677033e-06,-0.00010462699055212603,-0.00010890388476380306,1548,-0.000607318978058131,-0.016984484591050834,0.01571086738697935,1000,0,False
228,"Tocotrienol, alpha",vitamin,5437,0.007042253521126761,-6.822726111113588e-06,-2.7880207430873894e-05,-3.470293354198781e-05,-0.00023307372460662197,-0.0002677766581486098,1033,-0.004927816562962242,-0.022785347299400273,0.012728685093824027,1000,0,False
229,"Tocotrienol, beta",vitamin,1186,0.00704225352112676,4.076630774777851e-05,0.00011188055460294085,0.00015264686235071936,-0.00015958092082261454,-6.934058471895184e-06,237,0.02167585445380214,-0.00260449543097882,0.05046333916146138,1000,0,False
230,"Tocotrienol, delta",vitamin,1161,0.007042253521126761,-9.454110038174856e-08,2.0384191807346824e-06,1.9438780803529402e-06,-0.0002560602948699908,-0.00025411641678963783,235,0.00027603068741011854,0.00025647364890902006,0.00029270533705658206,1000,0,False
231,"Tocotrienol, gamma",vitamin,1167,0.007042253521126761,-4.8218923162043816e-05,-0.00014362676020403177,-0.00019184568336607592,0.0002686443973659953,7.67987139999194e-05,233,-0.02724208703798271,-0.08194748406693252,0.022974275439376884,1000,0,False
232,Tridecanoic acid (13:0),fatty_acid,668,0.007042253521126761,-1.4344951605987488e-07,2.9082523507912778e-06,2.764802834731464e-06,-5.591360158243056e-05,-5.31487987476991e-05,109,0.0003926020025318607,0.0003495280560384796,0.000429803616343653,1000,0,False
233,Tryptophan,amino_acid,15731,0.007042253521126761,1.1608180578979803e-05,-1.2671764328048242e-05,-1.0635837490684382e-06,0.00018715656264617743,0.000186092978897109,2819,-0.00015102889236771544,-0.002356585039038595,0.002165017839035921,1000,0,False
234,Tyrosine,amino_acid,8612,0.00704225352112676,2.6340153401809913e-05,-1.8049540713945206e-05,8.290612687864734e-06,0.00010098641086063502,0.00010927702354849976,1553,0.001177267001676786,-0.00032901233824733205,0.0027783094763278765,1000,0,False
235,Valine,amino_acid,8661,0.007042253521126761,2.56186293370973e-05,-1.0748334097030626e-05,1.4870295240066713e-05,6.690892970200068e-05,8.177922494206739e-05,1566,0.0021115819240894737,0.0009262960400597517,0.0033496064847019467,1000,0,False
236,Vitamin B6 - Pyridoxin,vitamin,1774,0.007042253521126761,-7.555561269888007e-06,-3.59470346191934e-05,-4.35025958890813e-05,4.294046825465249e-05,-5.621276344288089e-07,282,-0.006177368616249549,-0.01952655157148638,0.007295294082711091,1000,0,False
237,Vitamin D (D2 + D3),vitamin,27304,0.007042253521126761,0.00013485752492541254,-5.593562166722379e-05,7.892190325818876e-05,-1.3818133176079182e-05,6.510377008210957e-05,4761,0.011206910262662791,0.003153133109171383,0.018544950005508716,1000,0,False
238,Vitamin D2 (ergocalciferol),vitamin,6511,0.007042253521126761,-0.00029754361066122595,8.623304945697369e-05,-0.00021131056120425205,-0.00011743281335075892,-0.00032874337455501097,1168,-0.030006099691003815,-0.0469494963206683,-0.01406303177673593,1000,0,False
239,Water,food_matrix,30210,0.007042253521126761,-1.7709791087735523e-05,2.5372576661181223e-05,7.662785573445672e-06,0.00013769783509828538,0.00014536062067173106,5247,0.001088115551429283,-0.0005696917177865039,0.0028760921819955235,1000,0,False
241,Zinc,mineral,31918,0.00704225352112676,5.7818579961212255e-05,-2.7845816803498402e-05,2.9972763157713744e-05,0.0002556024797728694,0.00028557524293058314,5536,0.004256132368395345,0.0012898091129175616,0.007646487006822159,1000,0,False
242,"cis,cis-Eicosadienoic acid (20:2n-6)",fatty_acid,1216,0.007042253521126761,0.00011567816544517733,-3.707477587393021e-05,7.860338957124701e-05,-0.0003223903425770172,-0.00024378695300577018,250,0.011161681319117073,-0.010226215083686593,0.03164730217736322,1000,0,False
243,cis-Docosenoic acid (22:1 cis),fatty_acid,298,0.007042253521126761,4.001999741353075e-06,3.8644791419927644e-05,4.2646791161280936e-05,-4.7426925534705885e-05,-4.780134373424949e-06,70,0.006055844344901885,-0.07254221811660443,0.0880377940590083,1000,0,False
244,cis-Hexadecenoic acid (16:1 cis),fatty_acid,385,0.007042253521126761,-6.440424470749006e-05,2.421128322192324e-05,-4.019296148556682e-05,-0.00018169704767994743,-0.00022189000916551425,87,-0.005707400530950486,-0.025865064553118173,0.014559647095536678,1000,0,False
245,cis-Octadecenoic acid (18:1 cis),fatty_acid,759,0.007042253521126761,2.956925518994471e-05,1.7821049499297894e-05,4.7390304689242605e-05,-0.00017760134646701425,-0.00013021104177777165,153,0.006729423265872448,-0.017161883133312603,0.034798678735517174,1000,0,False
246,cis-Tetracosenoic acid (24:1 cis),fatty_acid,461,0.00704225352112676,-8.421593501000996e-05,-0.0001907871828640685,-0.00027500311787407856,-0.0007793475403796431,-0.0010543506582537216,108,-0.03905044273811913,-0.10494434034070646,0.016726861646691793,1000,0,False
247,"trans,trans-Linoleic acid (18:2 trans,trans)",fatty_acid,172,0.007042253521126761,0.00012853887287030022,-5.612548216463479e-05,7.241339070566564e-05,-0.0001309018751804213,-5.8488484474755655e-05,21,0.010282701480204498,-0.03856271347374419,0.07707720092347961,1000,0,True
248,trans-Docosenoic acid (22:1 trans),fatty_acid,224,0.007042253521126761,-0.00013676198952468306,0.00013571030385387098,-1.0516856708120805e-06,-0.00028099051477571116,-0.00028204220044652324,51,-0.0001493393652553096,-0.05727094045074918,0.04435705053351267,1000,0,False
249,trans-Hexadecenoic acid (16:1 trans),fatty_acid,287,0.007042253521126761,-6.45439260076445e-05,8.00585139260998e-05,1.551458791845524e-05,-0.0004165246473114018,-0.00040101005939294655,66,0.0022030714844206494,-0.013743236515299998,0.018245315077515444,1000,0,False
250,trans-Linoleic acid (18:2; isomer unspecified),fatty_acid,335,0.007042253521126761,-7.59201147687101e-05,2.9818519868337104e-05,-4.61015949003731e-05,-0.0003031434597943279,-0.000349245054694701,75,-0.00654642647585297,-0.049670237464369216,0.0347634362500427,1000,0,False
251,trans-Octadecenoic acid (18:1 trans),fatty_acid,774,0.007042253521126761,3.176109945072104e-05,2.028477345958075e-05,5.2045872910301896e-05,-0.0005547668740755981,-0.0005027210011652962,154,0.007390513953262848,-0.043822985481635386,0.046297065049439944,1000,0,False
