stratification,stratum,source_cells,candidate_groups,supported_axes,macro_weight_mass,capacity256_minus_mae_under,capacity256_minus_mae_over,capacity256_minus_mae_mae
concentration_bin,explicit_zero,66574,6030,138,0.2835426835840664,0.0,-0.0003255723345106029,-0.0003255723345106029
concentration_bin,positive_0.1s_to_1s,91833,7093,141,0.2891148545697656,0.0008038743424787012,0.0027662154226139983,0.0035700897650928
concentration_bin,positive_1s_to_10s,104899,6948,142,0.3299967984241648,0.0064663134427615995,0.00015902812832789895,0.006625341571089405
concentration_bin,positive_at_least_10s,9433,2873,112,0.03499057796118,0.008940047883371702,-0.0013174471125577004,0.007622600770814003
concentration_bin,positive_below_0.1s,21631,4907,119,0.0623550854608232,-1.603451629139999e-05,0.0004904723567627999,0.0004744378404715
context_bin,15_to_39,140857,4947,141,0.4998960816156424,0.008267612257734397,-0.0004751674553335958,0.007792444802400794
context_bin,1_to_4,4995,823,103,0.012410066960434,0.00047341340370400057,0.0002949379600366,0.0007683513637405997
context_bin,5_to_14,32617,2768,124,0.09397224917146,0.0040983489687158,-0.0006492652760421002,0.0034490836926735977
context_bin,at_least_40,115239,2969,118,0.3903976395013273,0.0023146243309576965,0.0026146080237249986,0.004929232354682803
context_bin,none,662,445,66,0.0033239627511361,0.0010402021912088001,-1.2416791749399994e-05,0.0010277853994593998
label_stratum,explicit_zero,66574,6030,138,0.2835426835840664,0.0,-0.0003255723345106029,-0.0003255723345106029
label_stratum,positive,227796,7335,142,0.7164573164159336,0.01619420115232069,0.0020982687951471082,0.018292469947467693
mask_family,amino_acid,33363,3024,20,0.1408450704225352,0.0003080543596104997,0.0007466915857748,0.0010547459453853006
mask_family,carbohydrate,15773,4476,9,0.0633802816901408,0.0009023554579403008,0.0003915316560674006,0.0012938871140078002
mask_family,dietary_fibre,53,38,3,0.0211267605633802,0.0021091770451978995,0.0010808353819605002,0.0031900124271583997
mask_family,ethanol,3624,3138,1,0.0070422535211267,-3.5856675700005405e-08,8.087215790529348e-07,7.728649034000106e-07
mask_family,fatty_acid,75261,4446,54,0.3802816901408452,0.0078021917065152005,-0.002084863506384399,0.0057173282001308084
mask_family,food_matrix,10094,5616,2,0.0140845070422535,2.4061757110300044e-05,-3.975349871199966e-06,2.0086407239000006e-05
mask_family,macronutrient,13362,5186,4,0.028169014084507,0.0002672862675084,4.20026038584001e-05,0.0003092888713669001
mask_family,mineral,63850,7048,14,0.0985915492957746,0.0008431462933229002,0.0012521827824834991,0.0020953290758063993
mask_family,sterol,5085,4003,5,0.0352112676056338,6.38792144709e-05,-4.745107714159997e-05,1.642813732919985e-05
mask_family,vitamin,73905,6692,30,0.2112676056338028,0.0038740849073196984,0.000394933662310297,0.0042690185696300995
near_name_flag,False,262377,6610,142,0.8903825446234492,0.015386317491030102,0.0009347580766932984,0.016321075567723498
near_name_flag,True,31993,734,136,0.1096174553765508,0.0008078836612905003,0.0008379383839431992,0.0016458220452337004
scale_bin,at_least_1mg_typical,206544,7331,110,0.7746478873239436,0.012279439978653606,0.0011026660343425032,0.013382106012996192
scale_bin,below_1mg_typical,87826,6900,32,0.2253521126760563,0.003914761173667,0.0006700304262939015,0.004584791599960995
source_key,afcd,6707,247,64,0.0264096129352574,0.0009654166468137,9.873014145429966e-05,0.0010641467882679997
source_key,anfood_2_0,462,53,56,0.0008619622219765,7.661877568799997e-06,1.8113476786999985e-06,9.473225247400019e-06
source_key,bangladesh_fct_2013,951,43,58,0.0016724081979596,1.9090458083300006e-05,2.74083938326e-05,4.649885191580002e-05
source_key,biofoodcomp_4_0,120,116,2,0.0001588976335298,-4.519392421969691e-06,6.3829993749529216e-06,1.86360695298323e-06
source_key,bls_4_0,17121,1089,17,0.0573774788263161,0.0005930285417739996,0.00027819725856880004,0.0008712258003428005
source_key,ciqual,15786,521,54,0.0419683074302472,0.00039882474622649974,0.00020122137930510004,0.0006000461255317004
source_key,cnf,54569,922,98,0.1665679016814196,0.0010811332243632014,0.0013559814114315998,0.0024371146357949
source_key,cofid,6026,423,16,0.0088438252333772,8.321501714670006e-05,7.38001784813e-05,0.00015701519562789988
source_key,efsa_eu_fcdb_2013,3642,345,11,0.0046879894895012,5.910891855919994e-05,2.9155785813999972e-05,8.826470437329993e-05
source_key,fndds,36340,790,46,0.0731218363257852,0.0009934603266706001,0.0004790191776812003,0.0014724795043517015
source_key,foodb,40972,1303,89,0.2520059077892724,0.0093949647404254,-0.0030316166862546998,0.006363348054170707
source_key,frida,8088,187,72,0.0611854132877399,0.0003264192121202004,0.00046643224826579954,0.0007928514603859002
source_key,lesotho_fct_2006,975,40,31,0.0015638861510064,2.284137996270001e-05,-7.807510289299993e-06,1.5033869673399989e-05
source_key,mext_japan_2023,14297,390,79,0.0473294226603496,0.00017633645638640005,0.0005153907293626,0.0006917271857491015
source_key,norway,9759,287,37,0.0249051321972344,0.00024221367280709977,0.00025262658327969987,0.0004948402560866995
source_key,phyfoodcomp_1_0,661,266,4,0.0007748717930986,1.883390465520001e-05,2.6832718007999942e-06,2.1517176455999962e-05
source_key,smiling_cambodia_2013,241,11,25,0.0003817729762643,8.453480715117908e-06,7.713122465099943e-06,1.6166603180199995e-05
source_key,smiling_indonesia_2013,221,17,13,0.0003050769571457,1.1429628804140865e-05,2.9838158371199897e-06,1.4413444641199998e-05
source_key,smiling_laos_2013,168,12,14,0.0002394688620448,6.00080985726437e-06,1.3259949438438062e-06,7.3268048011081795e-06
source_key,smiling_thailand_2013,269,17,17,0.0003628601603407,1.128263560589446e-05,2.6899624361804894e-07,1.1551631849500006e-05
source_key,smiling_vietnam_2013,378,32,12,0.0004985272104277,8.977503695162259e-06,4.278096817403231e-07,9.4053133769e-06
source_key,swiss_fcdb_7_1,4047,168,25,0.0069333654945675,6.202414312260008e-05,0.00012054349520249997,0.00018256763832510004
source_key,usda_sr_legacy,67672,1191,103,0.2120276677139691,0.0014751235348324995,0.0008647228910363992,0.0023398464258689994
source_key,wafct_2019,4898,150,35,0.009816406771168,0.00023287968454699989,2.5293625438599907e-05,0.0002581733099857001
support_bin,100_to_999,1689,555,20,0.1408450704225352,0.0019310374168657,-0.0001628483678127006,0.0017681890490530011
support_bin,at_least_1000,292572,7341,115,0.8098591549295775,0.009005996647994507,0.004251665672411704,0.013257662320406094
support_bin,below_100,109,81,7,0.0492957746478873,0.005257167087460501,-0.0023161208439625002,0.002941046243497898
