stratification,stratum,axes,neural_primary,tree_primary,macro_gap_contribution,neural_better_axes
mask_family,amino_acid,20,0.06260892154443046,0.050260126894464865,0.0017392668521078309,1
mask_family,carbohydrate,9,0.22777451076791097,0.24057915700874716,-0.0008115620856867991,7
mask_family,dietary_fibre,3,0.44081169909789536,0.40086888997529063,0.0008438621645620704,1
mask_family,ethanol,1,0.016589963336624373,0.014879422514611914,1.204606212684831e-05,0
mask_family,fatty_acid,54,0.18558797848151454,0.20207479482192922,-0.0062696343829746,38
mask_family,food_matrix,2,0.08516315055865104,0.06082807701630169,0.00034274751468097657,0
mask_family,macronutrient,4,0.10464962995613557,0.0871000999860325,0.000494352956904312,1
mask_family,mineral,14,0.2486792216586562,0.2290515991584614,0.0019351177112868145,4
mask_family,sterol,5,0.13649895073512266,0.19011941228740223,-0.0018880444208549147,4
mask_family,vitamin,30,0.23900085251481612,0.23050257365976026,0.0017954110257160283,13
support_bin,below_100,7,0.4373420044934373,0.45054125399244543,-0.0006506672288243442,6
support_bin,100_to_999,20,0.17021417712840045,0.21725928309293147,-0.006626071262609996,19
support_bin,at_least_1000,115,0.1749582748321127,0.1682036411948865,0.0054703018893029086,44
scale_bin,at_least_1mg_typical,110,0.16908349003010173,0.17443433608544862,-0.004145021592170129,55
scale_bin,below_1mg_typical,32,0.24958422738762012,0.23920675649432338,0.0023385849900386976,14
