axis_index,candidate_support,candidate_minus_baseline,difference_95_low,difference_95_high,valid_resamples,resamples_without_axis_support,sparse_support_below_30,canonical_name,loss_group
2,18,0.043494866532658195,-0.18852876951666123,0.2946694017164228,1000,0,True,Acetic acid,food_metabolome
7,38,-0.4099143644283285,-0.7400227690471286,-0.17662499432253248,1000,0,False,Apigenin,food_metabolome
9,13,-0.2139143596981525,-0.759524601902807,0.4115428340364596,1000,0,True,Benzoic acid,food_metabolome
11,12,-0.05767041237162848,-0.4476483872444143,0.2671552943119736,1000,0,True,Cadaverine,food_metabolome
12,28,0.19512547359389137,-0.20215401251463613,0.5421212226469425,1000,0,True,Caffeic acid,food_metabolome
13,1962,-0.3557162095935964,-0.36652430873790587,-0.3438684218150726,1000,0,False,Caffeine,food_metabolome
15,30,0.10982450140835723,-0.06180168940154316,0.27225795958754345,1000,0,False,Catechin,food_metabolome
16,755,-0.2569749923585615,-0.2929010050291815,-0.22001766841053436,1000,0,False,Choline,food_metabolome
18,52,-0.01000724841823618,-0.11313894377462974,0.08995922401958888,1000,0,False,Citric acid,food_metabolome
21,12,-0.4942609984298055,-0.8559435924590637,-0.15674814262099487,1000,0,True,Cyanidin,food_metabolome
22,11,-0.23159766222363032,-0.5335094176804863,0.07087525865429907,1000,0,True,Daidzein,food_metabolome
24,16,0.28519801766740155,-0.05690257029257785,0.6248694718406078,1000,0,True,Delphinidin,food_metabolome
25,5,0.5649739056657772,0.23037096810983904,1.0111858044008872,994,6,True,Ellagic acid,food_metabolome
26,28,0.04396958288968522,-0.1501211318208085,0.25028385030551237,1000,0,True,Epigallocatechin,food_metabolome
28,26,0.19601821464409094,0.014411633681197515,0.3711651925861904,1000,0,True,Ferulic acid,food_metabolome
33,19,0.38505825922563813,-0.010491990788778402,0.8225917512430994,1000,0,True,Gallic acid,food_metabolome
35,27,-0.4742793851242031,-0.8381907648015724,-0.09883220199393414,1000,0,True,Genistein,food_metabolome
43,17,-0.26565596679859743,-0.35511715328279525,-0.17048205156988172,1000,0,True,Glycitein,food_metabolome
47,34,-0.3584400635963637,-0.6244585759554833,-0.09378608956798336,1000,0,False,Histamine,food_metabolome
50,16,0.1766470262382771,-0.29634541573397605,0.7776069856523601,1000,0,True,Isorhamnetin,food_metabolome
51,57,0.06532419044809906,-0.13463204313743768,0.30017295356578244,1000,0,False,Kaempferol,food_metabolome
52,23,0.014534918608619546,-0.06369450352675458,0.09767981731267182,1000,0,True,Lactic acid,food_metabolome
53,4,-0.07554550635678231,-0.450675229276119,0.591426018638628,979,21,True,Lariciresinol,food_metabolome
54,14,-0.5222328693546775,-1.02748309107503,0.03487388077164316,1000,0,True,Lutein,food_metabolome
55,44,-0.08803906462183186,-0.269842370631718,0.11077928110010557,1000,0,False,Luteolin,food_metabolome
56,49,0.05080632452760107,-0.038714608496317755,0.14284051072156698,1000,0,False,Malic acid,food_metabolome
58,5,-0.6195880460499023,-1.4507995063212251,-0.012989796751417277,995,5,True,Matairesinol,food_metabolome
61,48,0.07260096690506505,-0.11190611385916166,0.28247995716246593,1000,0,False,Myricetin,food_metabolome
62,19,-0.12353050989326675,-0.5600011077792583,0.2710861043735311,1000,0,True,Naringenin,food_metabolome
65,4,1.519615213311763,-2.065855676201878,4.951533753073932,987,13,True,Oxalic acid,food_metabolome
66,14,-1.5713572676683165,-2.3173528622915933,-0.7935754826865656,1000,0,True,Pelargonidin,food_metabolome
67,13,-0.1028163951738042,-0.35621125343279303,0.12003693792292586,1000,0,True,Peonidin,food_metabolome
72,4,-0.06386517213920254,-0.6173247673885532,0.9872666528336114,979,21,True,Pinoresinol,food_metabolome
77,17,-1.277432882297232,-1.664607631312288,-0.8419422459103767,1000,0,True,Putrescine,food_metabolome
79,71,0.03015685710353104,-0.15302301526376053,0.22793450752379363,1000,0,False,Quercetin,food_metabolome
82,6,0.10219627425805859,-0.10565353911356504,0.3237142043918813,996,4,True,Rosmarinic acid,food_metabolome
83,5,0.25816128902644037,-0.3480591149474687,0.8897339660889827,995,5,True,Secoisolariciresinol,food_metabolome
88,11,-0.08936191050649546,-0.23076125317754773,0.043595711032319615,1000,0,True,Spermine,food_metabolome
90,13,0.05726383981743905,-0.2587963888658812,0.5255669760025936,1000,0,True,Syringic acid,food_metabolome
91,5,0.4767595848840835,-0.5510836913454089,1.6100759152165682,993,7,True,Tartaric acid,food_metabolome
92,9,-0.3849557561984155,-0.666670506223277,-0.0666505993439951,1000,0,True,Taurine,food_metabolome
93,1928,-0.02012921909514536,-0.03001824625989698,-0.009776634762137698,1000,0,False,Theobromine,food_metabolome
96,21,-0.17202063073497675,-0.28287667083449447,-0.05770493785162142,1000,0,True,Tyramine,food_metabolome
98,11,0.26596414689674003,0.006752676498900919,0.5646397535443933,1000,0,True,Vanillic acid,food_metabolome
103,28,-0.014400408759201271,-0.18274507166309079,0.17069621656583348,1000,0,True,p-Coumaric acid,food_metabolome
104,1547,-0.15244590951592205,-0.17101981178678252,-0.1339580163618167,1000,0,False,Alanine,nutrition
105,1128,-0.0433522649734697,-0.059832763594720964,-0.02693858821929932,1000,0,False,Arachidonic acid (20:4n-6),nutrition
106,1727,-0.0978219837456092,-0.10926212724968282,-0.08441974005848837,1000,0,False,Arginine,nutrition
107,102,-0.24087164228927535,-0.35925611420492065,-0.12772300955085072,1000,0,False,Ascorbic acid (vitamin C),nutrition
108,3606,-0.07787874962465632,-0.08065507929742557,-0.0749007757429306,1000,0,False,Ash,nutrition
109,1519,-0.07238324465814715,-0.08328403092001586,-0.060193259530500136,1000,0,False,Aspartic acid,nutrition
110,756,-0.11383968846300899,-0.14040283757958277,-0.08458494345588007,1000,0,False,Available carbohydrate,nutrition
111,48,-0.25453399418144035,-0.3525673399893972,-0.14951768465926718,1000,0,False,Beta-sitosterol,nutrition
112,498,-0.03455681129201923,-0.10317790715389927,0.03789285654557896,1000,0,False,Betaine,nutrition
113,1768,-0.19716939512922418,-0.21833224318178893,-0.17422592249489774,1000,0,False,Biotin,nutrition
114,2269,0.011670765374331898,-0.010876835174585705,0.03352432426456105,1000,0,False,Butyric acid (4:0),nutrition
115,6878,0.021507616614567657,0.013260497614835932,0.03002659313258679,1000,0,False,Calcium,nutrition
116,36,-1.1190959267866107,-1.4114010871332365,-0.7969689618661263,1000,0,False,Campesterol,nutrition
117,2524,-0.0974772111151812,-0.12056461391740989,-0.07164521996579717,1000,0,False,"Carotene, alpha",nutrition
118,3736,-0.0342508090692209,-0.07202505476681069,0.0017660120543213087,1000,0,False,"Carotene, beta",nutrition
119,15,-0.5379957574631503,-0.9380999053253576,-0.07559299124462435,1000,0,True,Cellulose,nutrition
120,343,-0.3383967452266228,-0.3892561305695579,-0.28332922140879996,1000,0,False,Chloride,nutrition
121,695,-0.1819885365819767,-0.23319252015506764,-0.13175023358682905,1000,0,False,Cholecalciferol (vitamin D3),nutrition
122,3992,0.03591451587038545,0.028380900118143013,0.04334725167259348,1000,0,False,Cholesterol,nutrition
123,1897,-0.321754780693542,-0.3546894782178597,-0.28857470633627835,1000,0,False,"Choline, total",nutrition
124,278,0.5661996691870989,0.3772982403418198,0.7469255366172367,1000,0,False,Chromium,nutrition
125,4402,-0.023498094076302267,-0.0357144426873881,-0.011697884225903205,1000,0,False,Cobalamin (vitamin B12),nutrition
126,98,-0.12302566284097936,-0.19415831259858168,-0.0620822425442624,1000,0,False,Conjugated linoleic acids (18:2 CLA isomers),nutrition
127,5038,0.07078270493048035,0.05766182614187817,0.08366141213814728,1000,0,False,Copper,nutrition
128,2450,-0.048416632915063325,-0.06553163322145283,-0.029289633490644174,1000,0,False,"Cryptoxanthin, beta",nutrition
129,1531,-0.11644644993726469,-0.13355274600813374,-0.10004444303908425,1000,0,False,Cystine,nutrition
130,2996,-0.14383692974130535,-0.16883853237365803,-0.11735173337062682,1000,0,False,Decanoic acid (10:0),nutrition
131,2543,-0.12330794663804118,-0.1403452401296933,-0.10743105694822383,1000,0,False,"Dietary fibre, total",nutrition
132,2886,-0.20936992442530442,-0.2320664327964309,-0.18842122797521826,1000,0,False,Docosahexaenoic acid (DHA; 22:6n-3),nutrition
133,1047,-0.10594700639236529,-0.14330171965679572,-0.06848927023253669,1000,0,False,Docosanoic acid (22:0),nutrition
134,2934,-0.4840159307068703,-0.5096671414286106,-0.45570079328634633,1000,0,False,Docosapentaenoic acid (DPA; 22:5n-3),nutrition
135,75,-1.02382705019107,-1.146620330064525,-0.8890240313973508,1000,0,False,Docosatetraenoic acid (22:4; isomer unspecified),nutrition
136,733,-0.65924715724889,-0.7144294522109057,-0.6069350984316683,1000,0,False,Docosenoic acid (22:1; cis/trans unspecified),nutrition
137,3352,-0.05803734417041509,-0.08798275423493084,-0.024106057492893202,1000,0,False,Dodecanoic acid (12:0),nutrition
138,998,-0.2226711045595525,-0.2561182823631149,-0.19085630370294565,1000,0,False,Eicosanoic acid (20:0),nutrition
139,3202,0.04789663235019489,0.02305541990762071,0.0732263830064252,1000,0,False,Eicosapentaenoic acid (EPA; 20:5n-3),nutrition
140,772,-0.10107218382415413,-0.12633017005875394,-0.0766588083924454,1000,0,False,Eicosatetraenoic acid (20:4; isomer unspecified),nutrition
141,224,-0.315079575472033,-0.3739608975290468,-0.25916191735071115,1000,0,False,Eicosatrienoic acid (20:3; isomer unspecified),nutrition
142,63,-0.32417617966077555,-0.4102156222297075,-0.22290507503321644,1000,0,False,Eicosatrienoic acid (20:3n-3),nutrition
143,230,-0.11448558148290792,-0.1467153385854232,-0.08000188323766082,1000,0,False,Eicosatrienoic acid (20:3n-6),nutrition
144,2654,-0.3590441232808227,-0.3809456827291015,-0.33769794141637816,1000,0,False,Eicosenoic acid (20:1; isomer unspecified),nutrition
147,3138,-0.026517926601832047,-0.03019351034562728,-0.02296359609282981,1000,0,False,Ethanol,nutrition
148,4833,-0.0964592076620141,-0.10748591650785057,-0.08568120915064295,1000,0,False,"Fat, total",nutrition
149,3886,-0.11157420603847505,-0.12443241961869032,-0.09904230264612796,1000,0,False,"Fatty acids, total monounsaturated",nutrition
150,3896,-0.021951921720536473,-0.03724604723686196,-0.0071759459505131,1000,0,False,"Fatty acids, total polyunsaturated",nutrition
151,4023,-0.12189721418700072,-0.13454139360993497,-0.10934776650669045,1000,0,False,"Fatty acids, total saturated",nutrition
152,1172,0.06558324907303514,0.024402254845469474,0.1076162395850654,1000,0,False,"Fatty acids, total trans",nutrition
153,521,-0.2711188451918751,-0.3163188743447256,-0.22544280313720091,1000,0,False,"Fatty acids, total trans-monoenoic",nutrition
154,457,-0.4722688294598229,-0.523978782372376,-0.4209772391535864,1000,0,False,"Fatty acids, total trans-polyenoic",nutrition
155,3170,-0.15133540299069995,-0.172255655956148,-0.132034644514824,1000,0,False,"Folate, food",nutrition
156,3886,-0.029872469043964376,-0.0450382740239782,-0.015378857742244135,1000,0,False,"Folate, total",nutrition
157,3100,0.12403674817112062,0.1014559042280463,0.14826319248491718,1000,0,False,Folic acid,nutrition
158,1959,-0.09915629982371948,-0.116993001130451,-0.07922151622990733,1000,0,False,Fructose,nutrition
159,1460,-0.04854855341492246,-0.06979668218993039,-0.027215632283395276,1000,0,False,Galactose,nutrition
160,2003,-0.06335610294216741,-0.0816804616053929,-0.04356176715264638,1000,0,False,Glucose,nutrition
161,1555,-0.03922066600907269,-0.04975234513132357,-0.02787601772251662,1000,0,False,Glutamic acid,nutrition
162,1713,-0.09168259890077947,-0.10345254324204849,-0.07863321536396739,1000,0,False,Glycine,nutrition
165,1138,-0.11335156574533731,-0.14337806973876688,-0.08484781905371482,1000,0,False,Heptadecanoic acid (17:0),nutrition
166,880,-0.2020889480624339,-0.22517101636228762,-0.17947625408398943,1000,0,False,Heptadecenoic acid (17:1; isomer unspecified),nutrition
167,3436,-0.09342132550774468,-0.10499492237466827,-0.08215208481610728,1000,0,False,Hexadecanoic acid (16:0),nutrition
168,878,-0.2357184473342379,-0.2734937983888998,-0.20054574321846352,1000,0,False,Hexadecenoic acid (16:1; cis/trans unspecified),nutrition
169,2651,-0.008515584396741185,-0.02744291468832626,0.010781544638372473,1000,0,False,Hexanoic acid (6:0),nutrition
170,1562,-0.1113815718856913,-0.12435422229198244,-0.0994313290272809,1000,0,False,Histidine,nutrition
171,299,-0.12135788624696546,-0.15653114680922292,-0.08529833230887429,1000,0,False,Hydroxyproline,nutrition
172,20,-0.12551098884270467,-0.2847592191686433,0.03808663498053943,1000,0,True,Insoluble dietary fibers,nutrition
173,5716,0.08981537327307805,0.07787801517240117,0.10256661735210326,1000,0,False,Iron,nutrition
174,1564,-0.07328062956011877,-0.08302288094936122,-0.06334948734981266,1000,0,False,Isoleucine,nutrition
175,15,-0.374578488969818,-1.0824681034598633,0.3152013947733875,1000,0,True,Isomeric linoleic acids (18:2),nutrition
176,17,-1.049474605174482,-1.9338273075561356,-0.08786255492811261,1000,0,True,Isomeric linolenic acids (18:3),nutrition
177,1909,-0.03939972942111781,-0.05595079830969686,-0.02341090418486265,1000,0,False,Lactose,nutrition
178,1562,-0.09302068858043559,-0.1063692504745489,-0.08038633820789515,1000,0,False,Leucine,nutrition
179,17,-0.4941591199335451,-1.08977136620247,0.0410912616344595,1000,0,True,Lignin,nutrition
180,1345,-0.14504875574772488,-0.17340889697433803,-0.11383058241324599,1000,0,False,Linoleic acid (18:2n-6),nutrition
181,1277,-0.33694003284856605,-0.37301934763511785,-0.30231210914280915,1000,0,False,Lutein + zeaxanthin,nutrition
182,2090,0.00205500013007299,-0.00720458679584056,0.010736519297106388,1000,0,False,Lycopene,nutrition
183,1571,-0.12111234554234222,-0.13520535247844365,-0.10702568754319806,1000,0,False,Lysine,nutrition
184,6213,-0.007982199302475847,-0.020610471573385334,0.0033364663769721824,1000,0,False,Magnesium,nutrition
185,1924,0.13755267935476082,0.10981482845977027,0.1651550320264295,1000,0,False,Maltose,nutrition
186,3266,0.4025800312568675,0.37257345710653766,0.4339096786557701,1000,0,False,Manganese,nutrition
188,10,0.10617884275212874,-0.20769627924595296,0.4588175043731674,1000,0,True,Menaquinone-4,nutrition
189,1570,-0.064174452721173,-0.07398373990777297,-0.05448549434052563,1000,0,False,Methionine,nutrition
190,190,0.2578709684132342,0.14452505032056823,0.37897601805304887,1000,0,False,Molybdenum,nutrition
191,5427,-0.18643201999682502,-0.20313475656485833,-0.16866913950195953,1000,0,False,Niacin,nutrition
192,1168,-0.18294582677500074,-0.2177995188368245,-0.15258940070680901,1000,0,False,Nicotinic acid,nutrition
193,914,-0.46724125398103383,-0.5149559442470348,-0.41679048696748877,1000,0,False,Octadecadienoic acid (18:2; isomer unspecified),nutrition
194,3429,-0.1210726057240767,-0.13513939234597017,-0.10736212922805735,1000,0,False,Octadecanoic acid (18:0),nutrition
195,719,-0.26030723913175635,-0.2841337444358201,-0.23648949053177584,1000,0,False,Octadecatetraenoic acid (18:4; isomer unspecified),nutrition
196,899,-0.15560180482138733,-0.2024957499736058,-0.11435132593896116,1000,0,False,Octadecatrienoic acid (18:3; isomer unspecified),nutrition
197,912,-0.6134690429312644,-0.6584043347826156,-0.5698323359585084,1000,0,False,Octadecenoic acid (18:1; cis/trans unspecified),nutrition
198,2755,-0.0225127529874724,-0.04761382927318869,0.005498051643936223,1000,0,False,Octanoic acid (8:0),nutrition
199,2974,-0.09007627985374808,-0.10135430606446029,-0.07858122980388238,1000,0,False,Pantothenic acid (vitamin B5),nutrition
200,1081,-0.06991479272278,-0.10354931353611718,-0.0345685593230185,1000,0,False,Pentadecanoic acid (15:0),nutrition
201,777,-0.575525180265871,-0.6178546989609562,-0.52935654802403,1000,0,False,Pentadecenoic acid (15:1; isomer unspecified),nutrition
202,1573,-0.06676584869261835,-0.07926063121467075,-0.053808836592119824,1000,0,False,Phenylalanine,nutrition
203,5470,-0.04993487178640506,-0.058895024636145245,-0.04040612212409526,1000,0,False,Phosphorus,nutrition
204,66,-0.42410602742454495,-0.5362907531388198,-0.2933280440862983,1000,0,False,Phytosterols,nutrition
205,5513,0.01690402788045715,0.007735395657353797,0.025510706751159483,1000,0,False,Potassium,nutrition
206,1546,-0.06001793644160996,-0.06859350917268292,-0.05283291558842334,1000,0,False,Proline,nutrition
207,4633,-0.005506206807618841,-0.015494105138850234,0.0035047605560702202,1000,0,False,"Protein, total",nutrition
208,5057,-0.0760129518106967,-0.09027117275266933,-0.06092602718126208,1000,0,False,Retinol,nutrition
209,4691,-0.14783491592163175,-0.15892145270719624,-0.13656913654229882,1000,0,False,Riboflavin (vitamin B2),nutrition
210,4249,-0.0942947655876934,-0.10662930694484969,-0.08287024252035789,1000,0,False,"Selenium, Se",nutrition
211,1542,-0.04012865769325524,-0.04988875881617966,-0.02876468907158598,1000,0,False,Serine,nutrition
212,4705,0.00034460126165976974,-0.009522048811024092,0.00967444189221871,1000,0,False,Sodium,nutrition
213,14,-0.1034655138487527,-0.29046925152176106,0.11001006119931601,1000,0,True,Sorbitol,nutrition
214,1292,0.03565682881612834,0.005143199842913155,0.06940224397000881,1000,0,False,Starch,nutrition
215,140,-1.4389563617817294,-1.4939859505206776,-1.3770707223316,1000,0,False,Stearidonic acid,nutrition
216,48,-0.7598953626220472,-0.9585003424488876,-0.5464729882418263,1000,0,False,Stigmasterol,nutrition
217,1021,-0.09742470139793785,-0.12794964313245405,-0.0665731017335874,1000,0,False,Sucrose,nutrition
218,3185,-0.1275438460847135,-0.14190798130093443,-0.1139296044826095,1000,0,False,"Sugars, total",nutrition
219,20,0.07563105398081002,-0.07099335156525081,0.19966147919841049,1000,0,True,Sulfur,nutrition
220,806,-0.6136355275540314,-0.6611652653068071,-0.5683259228110017,1000,0,False,Tetracosanoic acid (24:0),nutrition
221,3308,-0.11433525414040152,-0.13452410289541678,-0.09246113437304276,1000,0,False,Tetradecanoic acid (14:0),nutrition
222,1002,-0.19901356216688848,-0.22811017469081785,-0.17290393343540783,1000,0,False,Tetradecenoic acid (14:1; isomer unspecified),nutrition
223,5049,-0.09216546571418044,-0.10475961168523379,-0.07906428167431148,1000,0,False,Thiamin (vitamin B1),nutrition
224,1560,-0.07723050632127228,-0.08638284695779383,-0.06778316294955286,1000,0,False,Threonine,nutrition
225,1452,-0.04012926735368473,-0.0627213009609275,-0.01662862593464609,1000,0,False,"Tocopherol, beta",nutrition
226,1454,-0.06603044285767842,-0.09078091010865093,-0.04097835835881214,1000,0,False,"Tocopherol, delta",nutrition
227,1548,-0.14744240170993753,-0.18549482789158198,-0.1093807686327133,1000,0,False,"Tocopherol, gamma",nutrition
228,1033,-0.06544981246622816,-0.10860580816523221,-0.01658855005970235,1000,0,False,"Tocotrienol, alpha",nutrition
229,237,-0.08281761328296364,-0.10050626013013743,-0.06436373704324432,1000,0,False,"Tocotrienol, beta",nutrition
230,235,-0.03032262387013632,-0.037338591853235514,-0.022133955764978817,1000,0,False,"Tocotrienol, delta",nutrition
231,233,-0.2949548352590181,-0.35714486532967105,-0.22605629165889907,1000,0,False,"Tocotrienol, gamma",nutrition
232,109,-0.04773430067213447,-0.0987096861087136,0.002101353458910176,1000,0,False,Tridecanoic acid (13:0),nutrition
233,2819,-0.052764951895525,-0.06118081590135308,-0.043921673552461196,1000,0,False,Tryptophan,nutrition
234,1553,-0.06806282227859356,-0.07561869044906927,-0.060586812006630936,1000,0,False,Tyrosine,nutrition
235,1566,-0.09936043845843465,-0.1142880343512597,-0.08485998940551062,1000,0,False,Valine,nutrition
236,282,-2.739437509333753,-2.8264865331768987,-2.658930127380154,1000,0,False,Vitamin B6 - Pyridoxin,nutrition
237,4761,0.006968743280152751,-0.006736439415339684,0.019901329729886688,1000,0,False,Vitamin D (D2 + D3),nutrition
238,1168,-0.06446790617056448,-0.08982599372512563,-0.03647662712035917,1000,0,False,Vitamin D2 (ergocalciferol),nutrition
239,5247,-0.007316092402149998,-0.011374068509246606,-0.003501861751474382,1000,0,False,Water,nutrition
241,5536,0.01105388393542468,0.0020462209251716637,0.01973754286086421,1000,0,False,Zinc,nutrition
242,250,-0.30073752853068036,-0.3625130405550042,-0.24050132349699513,1000,0,False,"cis,cis-Eicosadienoic acid (20:2n-6)",nutrition
243,70,-0.14787990851163968,-0.3196881501768717,0.02511086926769135,1000,0,False,cis-Docosenoic acid (22:1 cis),nutrition
244,87,-0.18887718722281804,-0.25320121862703426,-0.12112504283184251,1000,0,False,cis-Hexadecenoic acid (16:1 cis),nutrition
245,153,-0.9390833827034646,-1.0350039642426756,-0.8322418116375364,1000,0,False,cis-Octadecenoic acid (18:1 cis),nutrition
246,108,-1.2785398228958877,-1.4258187505933564,-1.1374245775405702,1000,0,False,cis-Tetracosenoic acid (24:1 cis),nutrition
247,21,-0.20105029318155346,-0.4130124385878988,0.05278451531048295,1000,0,True,"trans,trans-Linoleic acid (18:2 trans,trans)",nutrition
248,51,-0.44102471560716083,-0.5158776774678964,-0.3480275136756361,1000,0,False,trans-Docosenoic acid (22:1 trans),nutrition
249,66,-0.2643129808294047,-0.3880672654597284,-0.13062551794417818,1000,0,False,trans-Hexadecenoic acid (16:1 trans),nutrition
250,75,-0.9158277047153435,-1.0918203284094075,-0.7301011661818175,1000,0,False,trans-Linoleic acid (18:2; isomer unspecified),nutrition
251,154,-1.0740873524999341,-1.19091472474837,-0.951958825648916,1000,0,False,trans-Octadecenoic acid (18:1 trans),nutrition
