axis_index,scaled_log_mae_train,log_mae_train,positive_scaled_log_mae_train,zero_scaled_log_mae_train,candidate_support_train,scaled_log_mae_validation,log_mae_validation,positive_scaled_log_mae_validation,zero_scaled_log_mae_validation,candidate_support_validation,canonical_name,loss_group,run
2,0.09372738689063753,0.05380151480639527,0.0992407625900868,0.0,54,0.339436830663404,0.1532615021081932,0.339436830663404,,18,Acetic acid,food_metabolome,tf192_mae_lr1e4_60
7,0.49686756011264627,0.011226718398147961,1.6086278234131732,0.000281309171744216,217,0.3177042850106376,0.0016814398796148,0.92836001849518,0.0001633035986755,38,Apigenin,food_metabolome,tf192_mae_lr1e4_60
9,0.2814101813491425,0.00368140827296827,0.2816795814176267,0.2777463404177566,73,0.7534491838761141,0.000984198233875,0.7534491838761141,,13,Benzoic acid,food_metabolome,tf192_mae_lr1e4_60
11,0.08560851840740645,0.001159463308247206,0.08593108315951117,0.06431924476849445,67,0.9439150859202364,0.005174600406173,1.0241752785194258,0.0610529673291534,12,Cadaverine,food_metabolome,tf192_mae_lr1e4_60
12,0.24738638176220082,0.017485990079024738,0.2799992364111979,0.06356847374058112,146,1.3331736224686546,0.0709328302598768,1.33120333964308,1.3495926460151093,28,Caffeic acid,food_metabolome,tf192_mae_lr1e4_60
13,0.08127007261596748,0.0037892017567805907,0.9603347512838619,0.0005540295466219344,10892,0.0766424340651035,0.0025912633974959,0.8928586639846566,0.0005462074370512,1962,Caffeine,food_metabolome,tf192_mae_lr1e4_60
15,0.13439059179050764,0.0065614746524273425,0.21495547166243878,0.0007707910273048092,109,0.5771758131956621,0.0096373833697254,0.747455852311964,0.179855721924291,30,Catechin,food_metabolome,tf192_mae_lr1e4_60
16,0.12485669879325001,0.008639831890381736,0.12524600158859922,0.1064179027589825,4256,0.1471870604251468,0.0101215192059269,0.1498405782471965,0.0162801812040317,755,Choline,food_metabolome,tf192_mae_lr1e4_60
18,0.11957117493402594,0.06105071534911245,0.11840979454801097,0.4645011495804774,298,0.254384099182201,0.1144986816279761,0.254384099182201,,52,Citric acid,food_metabolome,tf192_mae_lr1e4_60
21,0.16801588823796806,0.01196396372076104,0.2605626923317561,0.0002748058179771974,90,0.8190461245566046,0.0093621782787264,0.979680991491514,0.5941573108477312,12,Cyanidin,food_metabolome,tf192_mae_lr1e4_60
22,0.10919545903948696,0.0012585794329546657,0.11366283397848385,0.010913210381555639,46,0.6358287547471028,0.0056272172731315,0.8091849015405906,0.1735456966311353,11,Daidzein,food_metabolome,tf192_mae_lr1e4_60
24,0.16549150464379897,0.003512508872946524,0.29886355576443535,0.000110161254209867,56,0.594485535682118,0.0037771734467702,1.3566757149225268,0.0016709518284666,16,Delphinidin,food_metabolome,tf192_mae_lr1e4_60
25,0.11845617441020974,0.005572159284655587,0.1895298790563356,0.0,32,1.8275900412989323,0.1185865039955268,1.8275900412989323,,5,Ellagic acid,food_metabolome,tf192_mae_lr1e4_60
26,0.23024783188708695,0.0057154418639704385,0.7654462504309095,5.496369619550062e-05,133,0.4625827233697658,0.0010251584970836,1.2806549178757414,0.1353538455673756,28,Epigallocatechin,food_metabolome,tf192_mae_lr1e4_60
28,0.14261798168688353,0.0017866677407241114,0.16368334619494476,0.03441860944093257,135,0.6424411663762839,0.0098546423317609,0.6952985857634397,0.0081521337304149,26,Ferulic acid,food_metabolome,tf192_mae_lr1e4_60
33,0.13210932901572645,0.009345228599390444,0.18787651987690768,0.01061652035386723,89,1.855487236272256,0.2240970767865021,2.345223957820012,0.0189745304681714,19,Gallic acid,food_metabolome,tf192_mae_lr1e4_60
35,0.15030203461667832,0.0019640790281988396,0.15432800743549746,0.03489081381052985,89,1.090411676873023,0.0107352574338217,1.100571542957342,0.8262551586807324,27,Genistein,food_metabolome,tf192_mae_lr1e4_60
43,0.07918036777212462,0.00030062162188656784,0.14029277668318035,0.0006072706007672606,64,0.3844010699266428,0.0013336300539499,1.043754518523899,0.0247537343281394,17,Glycitein,food_metabolome,tf192_mae_lr1e4_60
47,0.17873473110248178,0.0005138418534695102,0.18342718835752922,0.036396861032709844,188,0.5672055543665009,0.0011829238121115,0.583297755633146,0.0361629125672121,34,Histamine,food_metabolome,tf192_mae_lr1e4_60
50,0.1688996827124084,0.0033557878263854894,0.389131814361121,0.0016863975717192308,95,0.5735134671032667,0.0048024918905031,1.5143945657426328,0.0089848079196469,16,Isorhamnetin,food_metabolome,tf192_mae_lr1e4_60
51,0.20000634653240926,0.001967506505589233,0.3619152467206401,0.003675869138806461,281,0.5805129316396523,0.0023411318093114,0.8804846582834894,0.2228543344873849,57,Kaempferol,food_metabolome,tf192_mae_lr1e4_60
52,0.07799038004508121,0.06491374028728822,0.08128574821600014,0.0,74,0.1655767463078074,0.1357734281000853,0.1655767463078074,,23,Lactic acid,food_metabolome,tf192_mae_lr1e4_60
53,0.08209042472167973,3.339911081645884e-05,0.09125800971594428,0.005693883102808482,28,0.904673053653522,0.0001838577296395,0.904673053653522,,4,Lariciresinol,food_metabolome,tf192_mae_lr1e4_60
54,0.1034501052217615,0.003433145617289637,0.1034501052217615,,70,0.4776215142765819,0.0008779816785861,0.4776215142765819,,14,Lutein,food_metabolome,tf192_mae_lr1e4_60
55,0.22156193362981497,0.005193230013185588,0.4428553251212084,0.025662865752188,230,0.6499818175699182,0.0058132163022904,1.3930060881772128,0.1355803994571759,44,Luteolin,food_metabolome,tf192_mae_lr1e4_60
56,0.08792588420520926,0.03676941376936463,0.08792588420520926,,296,0.2309298663445381,0.0952998023980289,0.2309298663445381,,49,Malic acid,food_metabolome,tf192_mae_lr1e4_60
58,0.1566209799875596,0.0008211653759352155,0.2494809877143791,0.03059668378687602,33,1.3413770857056848,0.0001352578653705,1.676721357132106,0.0,5,Matairesinol,food_metabolome,tf192_mae_lr1e4_60
61,0.16432445428383757,0.0006903612154920418,0.3588346440370977,0.001186875781103261,228,0.5086689153961171,0.0011188105602669,0.7812598190894371,0.1581948963618486,48,Myricetin,food_metabolome,tf192_mae_lr1e4_60
62,0.10303364750527973,0.019608619386438368,0.4766630383194451,0.00015019206369794284,88,0.4332308496657817,0.0184379205268914,1.036755770193215,0.081174646024779,19,Naringenin,food_metabolome,tf192_mae_lr1e4_60
65,0.21138110070757926,0.05309684395585897,0.21138110070757926,,20,0.6623370526988754,0.0744108651661429,0.6623370526988754,,4,Oxalic acid,food_metabolome,tf192_mae_lr1e4_60
66,0.2006625512258219,0.0014410156577082365,0.3987398770369992,0.00258522541464459,52,0.3440625844862944,0.000187160234745,0.9156798785304,0.1154156668686521,14,Pelargonidin,food_metabolome,tf192_mae_lr1e4_60
67,0.20610295023541736,0.00112101899337056,0.4285171755045209,0.0007975115254756185,50,0.2922198909923262,0.0008822706000136,0.9497146457250604,0.0,13,Peonidin,food_metabolome,tf192_mae_lr1e4_60
72,0.1518386040661948,0.0009781975520466405,0.17451203720955846,0.015798005206012877,28,0.5917003821775958,6.506579672018023e-05,0.5917003821775958,,4,Pinoresinol,food_metabolome,tf192_mae_lr1e4_60
77,0.11844088486805825,0.002569281477185984,0.11844088486805825,,84,0.3934153853940146,0.0020996063625425,0.3934153853940146,,17,Putrescine,food_metabolome,tf192_mae_lr1e4_60
79,0.19545854854842892,0.01494423020854087,0.25134315278067104,0.041294123080174765,327,0.5471051643828186,0.0046947333200903,0.6626421189722316,0.1801054262752713,71,Quercetin,food_metabolome,tf192_mae_lr1e4_60
82,0.08252429191351487,0.07451346827478124,0.11789184559073553,0.0,30,0.2799410756690992,0.245074425790814,0.4199116135036489,0.0,6,Rosmarinic acid,food_metabolome,tf192_mae_lr1e4_60
83,0.3916509015086055,0.007187518540701689,0.47417972014220067,0.03402602076302645,32,1.1389978802699885,0.000115894351441,1.1389978802699885,,5,Secoisolariciresinol,food_metabolome,tf192_mae_lr1e4_60
88,0.026415490109576844,0.0001529516497254735,0.025606607275067278,0.06685963183505507,51,0.0371255981191056,0.0001139935822773,0.0292722983050362,0.1156585962597991,11,Spermine,food_metabolome,tf192_mae_lr1e4_60
90,0.15802401176798686,0.0008785783717688935,0.22143473724409987,0.003632680173972583,79,0.7176171317288583,0.0051599588532521,0.6759964911556569,0.8563526003061965,13,Syringic acid,food_metabolome,tf192_mae_lr1e4_60
91,0.08352585370761671,0.05045050581116039,0.08715741256446961,0.0,24,0.2840942419794487,0.1164810533094146,0.2840942419794487,,5,Tartaric acid,food_metabolome,tf192_mae_lr1e4_60
92,0.14032519316974848,0.015893896818711124,0.14032519316974848,,23,0.1754226971650124,0.0003474659143637,0.1754226971650124,,9,Taurine,food_metabolome,tf192_mae_lr1e4_60
93,0.04787473642779063,0.006507372832113291,0.8213569123322763,0.0003969830190048745,10738,0.0494105526215591,0.0070730517767787,0.8367789443843456,0.0003898207928016,1928,Theobromine,food_metabolome,tf192_mae_lr1e4_60
96,0.14921761487799026,0.0031469879545634465,0.16143787811141158,0.02812591556499722,120,0.1491329897746146,0.0011448745579867,0.1673899251552623,0.0395913774907285,21,Tyramine,food_metabolome,tf192_mae_lr1e4_60
98,0.17453743875562258,0.0009569205829499859,0.2176700255207491,0.02117713025739502,82,0.2649258293846259,0.0004326631565158,0.3057387345642865,0.0812677560761532,11,Vanillic acid,food_metabolome,tf192_mae_lr1e4_60
103,0.13725494624170048,0.0010971222538566226,0.16731737358484278,0.024019803249197787,143,0.5916751026358436,0.0047589648416178,0.6811306973022826,0.0549415346372095,28,p-Coumaric acid,food_metabolome,tf192_mae_lr1e4_60
104,0.049314210543864104,0.0383580665201256,0.049892384276154264,0.0066104487882308206,8576,0.0515591254376615,0.0401744028110314,0.0522180089495761,0.0058865183617621,1547,Alanine,nutrition,tf192_mae_lr1e4_60
105,0.13220216260618467,0.013344634206316182,0.21886269195957864,0.032470214648076964,6814,0.146151722664106,0.0139789992660006,0.2278949618829965,0.0473394629124413,1128,Arachidonic acid (20:4n-6),nutrition,tf192_mae_lr1e4_60
106,0.06803877926867306,0.05584025271098061,0.06832395813678623,0.06550682074977505,9593,0.0691322911469726,0.0568739033338719,0.0694897452749989,0.061624857602728,1727,Arginine,nutrition,tf192_mae_lr1e4_60
107,0.15255497896376743,0.00588782669618926,0.23541382972540695,0.02056742907797002,586,0.2897594140040653,0.0075164316698642,0.4034764412282044,0.098235999731831,102,Ascorbic acid (vitamin C),nutrition,tf192_mae_lr1e4_60
108,0.09864270813180127,0.10274773093267156,0.09932424624087899,0.05367247593134906,20257,0.1002319010369163,0.1044559271236783,0.1012929704187278,0.0287076427237314,3606,Ash,nutrition,tf192_mae_lr1e4_60
109,0.049467358540206896,0.05150208828897122,0.0499231292647491,0.014408223359621955,8432,0.0520796532591983,0.0541823316199418,0.052087336992246,0.0515037574672736,1519,Aspartic acid,nutrition,tf192_mae_lr1e4_60
110,0.08428438243447006,0.19929022596071666,0.09148589966265602,0.012325618903745082,4210,0.0925741218864169,0.2183040149848432,0.0986179229546156,0.0272255228365189,756,Available carbohydrate,nutrition,tf192_mae_lr1e4_60
111,0.06193424930971056,0.012016336304074069,0.08643013907653424,0.001919319380992536,207,0.1287583475608505,0.0211401502832111,0.1815676322680385,0.0005072275576798,48,Beta-sitosterol,nutrition,tf192_mae_lr1e4_60
112,0.13655860839007605,0.004701380157634529,0.1375425492183408,0.10921325287121837,2764,0.1639335706849515,0.0060973285958128,0.1591631950303138,0.2835591134465181,498,Betaine,nutrition,tf192_mae_lr1e4_60
113,0.2866255637626174,9.989635684748253e-05,0.2849871524616139,0.31330886116699136,9884,0.3399363152323362,9.00686425530089e-05,0.3335209928845913,0.3996154060824614,1768,Biotin,nutrition,tf192_mae_lr1e4_60
114,0.08036545582969142,0.011428358811810245,0.2035085319758826,0.01566239662254386,12666,0.0961835802774097,0.0136495525196656,0.2395311282653483,0.0195150251152378,2269,Butyric acid (4:0),nutrition,tf192_mae_lr1e4_60
115,0.2990475120807989,0.03169176115827135,0.29947754057560755,0.27646677064139485,39116,0.3036420298186247,0.0313034246175643,0.3045883988552671,0.27852368041061,6878,Calcium,nutrition,tf192_mae_lr1e4_60
116,0.07286867021574096,0.003414612925186834,0.08698344810799255,0.0007824831231703657,171,0.2202734648964232,0.0079847106070224,0.274553919706589,0.0302918730608425,36,Campesterol,nutrition,tf192_mae_lr1e4_60
117,0.18636217914730452,2.958701568182525e-05,0.8519086539992381,0.008550682060431646,13702,0.2173636625520054,3.685250238962213e-05,0.918335940578106,0.015185733348196,2524,"Carotene, alpha",nutrition,tf192_mae_lr1e4_60
118,0.3582805678140178,0.00043615915082435456,0.563926815392676,0.058717570018352525,20968,0.3969540820959904,0.0003201032484962,0.6082164576924661,0.0794325856324625,3736,"Carotene, beta",nutrition,tf192_mae_lr1e4_60
119,0.07607586127095876,0.06932825512314064,0.07584575197803324,0.09172329318989351,69,0.5420037826644296,0.5007026685261786,0.5094563037038717,0.7535623959080551,15,Cellulose,nutrition,tf192_mae_lr1e4_60
120,0.14022062882037856,0.0601557415953317,0.13894390483825148,0.27186505719970355,1874,0.1930799130924552,0.0860483693319026,0.1930799130924552,,343,Chloride,nutrition,tf192_mae_lr1e4_60
121,0.15817020106926413,5.584068370578095e-07,0.2553096742427594,0.038847929909744734,3865,0.2120455899658406,5.710666458386119e-07,0.3123733317790828,0.0814866411823832,695,Cholecalciferol (vitamin D3),nutrition,tf192_mae_lr1e4_60
122,0.11432595272316957,0.029999967829305422,0.1861502735924019,0.006413403810127489,22719,0.115378017114191,0.0286532659726016,0.1903805450473232,0.00663771021161,3992,Cholesterol,nutrition,tf192_mae_lr1e4_60
123,0.11995525717626361,0.007515901015635993,0.12075669391292711,0.09140129066617991,10549,0.1244234039978314,0.0075415230156642,0.1266424988760725,0.0501038991665575,1897,"Choline, total",nutrition,tf192_mae_lr1e4_60
124,0.21163690783911054,1.7161046078637224e-05,0.28471845895356446,0.04566696824438591,1560,0.3606864692745903,5.546877532813103e-05,0.4476641599927615,0.1281575149154665,278,Chromium,nutrition,tf192_mae_lr1e4_60
125,0.1652630961424048,7.096074460741827e-07,0.2582501828423548,0.012162409932368225,25560,0.1639178596110496,6.738512607898575e-07,0.2585904238965956,0.0143414882624432,4402,Cobalamin (vitamin B12),nutrition,tf192_mae_lr1e4_60
126,0.13169076511996677,0.020887862156389797,0.147455092780024,0.015428848627044819,469,0.127645035494706,0.0175369104702477,0.1415645929651585,0.0278882069564634,98,Conjugated linoleic acids (18:2 CLA isomers),nutrition,tf192_mae_lr1e4_60
127,0.23337852793669792,0.00021797514946788747,0.23580705469730256,0.16423793438582573,28684,0.2424512692941668,0.00012317173742,0.2455505525406048,0.1507527208745696,5038,Copper,nutrition,tf192_mae_lr1e4_60
128,0.2172133490616165,1.0767786043560745e-05,0.9358610462322561,0.005493759668194838,13291,0.2526412417104781,1.9496346007675796e-05,1.0543311869942371,0.0037708959052148,2450,"Cryptoxanthin, beta",nutrition,tf192_mae_lr1e4_60
129,0.06579882388300852,0.019653280773188012,0.06500905204228849,0.10893091623347476,8477,0.0718330993576531,0.0216914075511581,0.0727383193475764,0.0214089932522948,1531,Cystine,nutrition,tf192_mae_lr1e4_60
130,0.16815418514331532,0.019626480744456387,0.2975389388656605,0.035861414102802094,16906,0.201212937694828,0.0253574856092522,0.342679062526776,0.056996719702443,2996,Decanoic acid (10:0),nutrition,tf192_mae_lr1e4_60
131,0.15889295797364736,0.21153891649371379,0.19225108403666916,0.04061237267376526,14402,0.1562293138090855,0.2073933653242041,0.1893934651726481,0.0284460664750534,2543,"Dietary fibre, total",nutrition,tf192_mae_lr1e4_60
132,0.11748034472224288,0.013523532070249417,0.35951825946002675,0.01463381401922701,16450,0.1191180013818673,0.0137174095079095,0.3754609348061701,0.0158591668621732,2886,Docosahexaenoic acid (DHA; 22:6n-3),nutrition,tf192_mae_lr1e4_60
133,0.21491835879341722,0.012319889575248266,0.3160524237689256,0.0804883234594138,5733,0.2609075703877584,0.0173596892866786,0.3840024438607006,0.1002600067793622,1047,Docosanoic acid (22:0),nutrition,tf192_mae_lr1e4_60
134,0.12341879846340703,0.005658850469036875,0.3189694444989507,0.029421744307675513,16689,0.1327636151115664,0.0055388293541212,0.3358610431579388,0.0358566350400075,2934,Docosapentaenoic acid (DPA; 22:5n-3),nutrition,tf192_mae_lr1e4_60
135,0.07714346055157724,0.001163724549062498,0.13101920462616617,0.016061406760005066,335,0.1725083112180258,0.0018508603769797,0.3040693207057439,0.029983884272998,75,Docosatetraenoic acid (22:4; isomer unspecified),nutrition,tf192_mae_lr1e4_60
136,0.09962822223855466,0.009303482147746492,0.7271667133377924,0.006125726214934436,3902,0.1393320849455909,0.0151836430930673,0.7821595026163776,0.0270433212819439,733,Docosenoic acid (22:1; cis/trans unspecified),nutrition,tf192_mae_lr1e4_60
137,0.27142807588832596,0.04692612218101768,0.401414953484563,0.06422526358633347,19138,0.3072953357184198,0.0567738247259841,0.4372009620122999,0.0891917919746037,3352,Dodecanoic acid (12:0),nutrition,tf192_mae_lr1e4_60
138,0.18765348484112127,0.01199004826050017,0.19109499503415162,0.17186908635231896,5470,0.2281711556449846,0.0145581552125095,0.2361049480052768,0.1913709097252114,998,Eicosanoic acid (20:0),nutrition,tf192_mae_lr1e4_60
139,0.1349575343747608,0.010591615853384147,0.40945543465005163,0.01863237092731688,18180,0.1534076445293624,0.0125376567147263,0.4576382680923377,0.0257760008308159,3202,Eicosapentaenoic acid (EPA; 20:5n-3),nutrition,tf192_mae_lr1e4_60
140,0.09847504658975705,0.009020335011209206,0.18932578860137547,0.02491991210334143,4211,0.0926182974550068,0.0090065893835536,0.178575013106451,0.0291187417485344,772,Eicosatetraenoic acid (20:4; isomer unspecified),nutrition,tf192_mae_lr1e4_60
141,0.13485007127970874,0.002543416329081405,0.3663006550297906,0.008023225242236592,1065,0.1791966717485085,0.0041941746179833,0.4637209049397186,0.0052070327466893,224,Eicosatrienoic acid (20:3; isomer unspecified),nutrition,tf192_mae_lr1e4_60
142,0.08770390038148736,0.00139074184594547,0.17494044387228458,0.013654276255578104,318,0.1809951097034459,0.0018515855469329,0.2531749220547711,0.1110709164880997,63,Eicosatrienoic acid (20:3n-3),nutrition,tf192_mae_lr1e4_60
143,0.11831734197381565,0.0029068661926224077,0.1503482032657186,0.05219157820890861,1284,0.1292565194113444,0.0034231360801929,0.1738821833079173,0.0572469253964201,230,Eicosatrienoic acid (20:3n-6),nutrition,tf192_mae_lr1e4_60
144,0.22690240120722882,0.02447077653152037,0.2734047901490637,0.130989390916432,14951,0.2323703977429096,0.0237553408124208,0.2768178475635813,0.1495154909211124,2654,Eicosenoic acid (20:1; isomer unspecified),nutrition,tf192_mae_lr1e4_60
147,0.016610072240169083,0.049838976596407396,0.6887884641341935,0.0003535669866107943,17741,0.0166618574091269,0.0491369617555485,0.8128024284018525,0.0003506847351296,3138,Ethanol,nutrition,tf192_mae_lr1e4_60
148,0.08230378674347202,0.1472535751203408,0.08491158171796666,0.022050603797157106,27749,0.086085959241623,0.1534957605422413,0.0885559874427034,0.0235201100020495,4833,"Fat, total",nutrition,tf192_mae_lr1e4_60
149,0.10021109021538452,0.1260639055411843,0.10494425382548021,0.021683449175701853,22471,0.1021818699457494,0.1289694835994891,0.1064755498336636,0.0289060491415377,3886,"Fatty acids, total monounsaturated",nutrition,tf192_mae_lr1e4_60
150,0.1622797573309782,0.15076296675840972,0.16816338418254398,0.05042476532320721,22517,0.176159436421238,0.1636380490790868,0.1812294362368634,0.0697995860833472,3896,"Fatty acids, total polyunsaturated",nutrition,tf192_mae_lr1e4_60
151,0.09972724343270402,0.11796668699686756,0.10317636755081679,0.03594292195051558,23183,0.1078342503270202,0.1268917768219358,0.1121213349501484,0.0251298541774194,4023,"Fatty acids, total saturated",nutrition,tf192_mae_lr1e4_60
152,0.15797798278268607,0.053469527790749136,0.222948505941302,0.0485050891866841,6323,0.195325624176656,0.0679931633996637,0.2678947789296867,0.0701016408586356,1172,"Fatty acids, total trans",nutrition,tf192_mae_lr1e4_60
153,0.1224191551270528,0.03215893705292885,0.1394508308469995,0.04085832802405379,2792,0.1833815719081243,0.0551001116023247,0.1859149156363143,0.1683166212044875,521,"Fatty acids, total trans-monoenoic",nutrition,tf192_mae_lr1e4_60
154,0.1312486202344676,0.013487454869134132,0.1588114330562997,0.04453106627342106,2496,0.1958024566055878,0.0217588319716737,0.2242536655134335,0.1004231657907149,457,"Fatty acids, total trans-polyenoic",nutrition,tf192_mae_lr1e4_60
155,0.2455934411113644,1.3676758887054073e-05,0.25454201849549873,0.14829059829121669,17790,0.2559215580240433,1.4211238841306187e-05,0.2680818679546531,0.1230292646023986,3170,"Folate, food",nutrition,tf192_mae_lr1e4_60
156,0.2582244830730615,2.4931529086517002e-05,0.26809178320293114,0.12429029507899879,21997,0.2645042793806325,2.1764058612106037e-05,0.2766555354270649,0.1109720933343059,3886,"Folate, total",nutrition,tf192_mae_lr1e4_60
157,0.1438232999655455,1.4203771800799478e-05,0.2799636512108447,0.026455160582701462,17266,0.1455022016747253,1.5278172513798153e-05,0.2852199314177308,0.0208134971134996,3100,Folic acid,nutrition,tf192_mae_lr1e4_60
158,0.21895477874027974,0.1686006542524586,0.30649442605803773,0.034468712137032065,10967,0.2634330798979338,0.2027749713058346,0.3537950025119283,0.0437875706243404,1959,Fructose,nutrition,tf192_mae_lr1e4_60
159,0.13104773158497196,0.01491355304648307,0.6862022665890618,0.010057850174901108,8120,0.1609523952674717,0.019086649507143,0.7566365683746549,0.0165188454372367,1460,Galactose,nutrition,tf192_mae_lr1e4_60
160,0.2555435268668267,0.20143922215802265,0.3271522542184253,0.05609792015897757,11206,0.293358320792811,0.2315525652037222,0.361272989329269,0.0707164846980316,2003,Glucose,nutrition,tf192_mae_lr1e4_60
161,0.048469280601378374,0.07253123194323843,0.0488326394568771,0.02027707364920569,8601,0.0509048100656448,0.0764315756447915,0.0514824342083253,0.0015821263267633,1555,Glutamic acid,nutrition,tf192_mae_lr1e4_60
162,0.07717870458765792,0.05475349102349966,0.07737079990201233,0.07744321038816318,9525,0.0780187805691693,0.0554202332082672,0.0778784530165377,0.0782973997241481,1713,Glycine,nutrition,tf192_mae_lr1e4_60
165,0.11752241802337605,0.010053073671919772,0.13869584285507197,0.05572020955246697,6293,0.138553010010985,0.0117428192900742,0.159527169124055,0.0740740912089645,1138,Heptadecanoic acid (17:0),nutrition,tf192_mae_lr1e4_60
166,0.14612581263625588,0.007116665830560386,0.18456010944724094,0.0856118128632209,4818,0.1617746152091753,0.0074481191981334,0.2044486661951764,0.0968284322883507,880,Heptadecenoic acid (17:1; isomer unspecified),nutrition,tf192_mae_lr1e4_60
167,0.10031407123945892,0.0984445085145265,0.10266082588751045,0.04065326210729921,19586,0.1074085596338409,0.1054045982539889,0.1098560556162005,0.0403552606129967,3436,Hexadecanoic acid (16:0),nutrition,tf192_mae_lr1e4_60
168,0.1742555287672125,0.041928863247130896,0.20199204233177126,0.056172776074950664,4679,0.2121351074272835,0.0484625247816437,0.2313617238179199,0.1188219292113946,878,Hexadecenoic acid (16:1; cis/trans unspecified),nutrition,tf192_mae_lr1e4_60
169,0.06881990698617248,0.008291483483310857,0.20040330328834485,0.012396848770342911,14771,0.0786712256086794,0.0092396604601337,0.2343837161325542,0.0115770624074882,2651,Hexanoic acid (6:0),nutrition,tf192_mae_lr1e4_60
170,0.05549706830364765,0.029760848271676816,0.056265132724618104,0.00959041065808334,8652,0.0573295469863794,0.0308283334277178,0.0581904211885692,0.0104790853468209,1562,Histidine,nutrition,tf192_mae_lr1e4_60
171,0.06137275780732015,0.016518117187626854,0.0778393072608994,0.007075366532184471,1676,0.0738911881889348,0.0187594964682274,0.0933710898186381,0.0064383944860816,299,Hydroxyproline,nutrition,tf192_mae_lr1e4_60
172,0.06457103056506641,0.0819731548438552,0.07013206894057168,0.0025440640690461286,158,0.1975691803759229,0.2457665174245321,0.2079675582904451,0.0,20,Insoluble dietary fibers,nutrition,tf192_mae_lr1e4_60
173,0.22619755284883525,0.0012029116583000155,0.22968328308277233,0.10527410204413103,32795,0.2337983257094389,0.0012512763362192,0.2379802374687923,0.095022933961065,5716,Iron,nutrition,tf192_mae_lr1e4_60
174,0.043318997423804635,0.030660789317173965,0.04385005439090257,0.012807778996298686,8660,0.0457997648538422,0.0325713454019051,0.0463890126250332,0.0135162314210021,1564,Isoleucine,nutrition,tf192_mae_lr1e4_60
175,0.10390639985647274,0.06299057273174528,0.10610782406306654,0.009245158972939024,44,0.6813296526519383,0.3344631766446134,0.6813296526519383,,15,Isomeric linoleic acids (18:2),nutrition,tf192_mae_lr1e4_60
176,0.9932861764500347,0.09724514811366351,1.7758498338219113,0.0020388771123240755,68,1.6975080399780005,0.1801692042478516,2.8857636679626006,0.0,17,Isomeric linolenic acids (18:3),nutrition,tf192_mae_lr1e4_60
177,0.08358056221177046,0.07764876691328657,0.2573488250922142,0.009804607362261637,10711,0.0857725394107184,0.079418685215345,0.2426404632903826,0.0122006674554377,1909,Lactose,nutrition,tf192_mae_lr1e4_60
178,0.03892498887962728,0.03820581482615645,0.039396837366535625,0.004065626709177558,8661,0.0414972018719862,0.04073292988447,0.0419691156282778,0.0051126512619102,1562,Leucine,nutrition,tf192_mae_lr1e4_60
179,0.07030696583981862,0.04712540519881644,0.0880783068307374,0.007423759256567464,59,0.7012431168154086,0.5121178560308143,0.8277168285724432,0.2902035536050464,17,Lignin,nutrition,tf192_mae_lr1e4_60
180,0.1701023874943366,0.13105372178728691,0.17451923453430693,0.07361889000378953,7708,0.1860310882459224,0.1440696652662134,0.190887739699031,0.0652685819215107,1345,Linoleic acid (18:2n-6),nutrition,tf192_mae_lr1e4_60
181,0.24110994623083898,0.0001300476491838129,0.3301986607883247,0.05587640584430708,7134,0.3060744362965916,0.0002170887699887,0.3908722268434933,0.0972477897836944,1277,Lutein + zeaxanthin,nutrition,tf192_mae_lr1e4_60
182,0.09244328598447064,0.00021724980501599894,0.8634704559316609,0.0005962869857409042,11469,0.1029646156355632,0.0002650547758117,0.9686813132570894,0.0005978895698925,2090,Lycopene,nutrition,tf192_mae_lr1e4_60
183,0.05131438342930961,0.04382541319008568,0.051971980621385895,0.003234645077626208,8681,0.0543791183233495,0.0463747298475092,0.0550652395109051,0.0060699492540974,1571,Lysine,nutrition,tf192_mae_lr1e4_60
184,0.1587666304069256,0.010793939559779349,0.15998112557913696,0.08977875524596358,35492,0.1665361528828724,0.011323936175132,0.1685793661786127,0.0499032770538365,6213,Magnesium,nutrition,tf192_mae_lr1e4_60
185,0.22089266981891595,0.09948090856539063,0.47731230920812684,0.02818005954565476,10771,0.2427557049825778,0.1037727638082321,0.484082597946453,0.0491426583680239,1924,Maltose,nutrition,tf192_mae_lr1e4_60
186,0.27514047099724925,0.00038629479031767076,0.2790398397070807,0.18061920580198043,18010,0.2831214049248969,0.0003876326391712,0.2840896512111863,0.2667961883290401,3266,Manganese,nutrition,tf192_mae_lr1e4_60
188,0.04884212078094639,8.000253995157303e-07,0.0566114331920227,0.0004333280657785746,94,0.1429094312958325,1.2142180390148551e-06,0.1587882569953695,0.0,10,Menaquinone-4,nutrition,tf192_mae_lr1e4_60
189,0.05743145229495386,0.025090418629365074,0.0579933478113307,0.0319619575325182,8681,0.0588036094559438,0.0260214885260572,0.059780005249321,0.0135702368247671,1570,Methionine,nutrition,tf192_mae_lr1e4_60
190,0.1305638774116521,5.81134837975977e-06,0.15873898226371239,0.02586375383215783,1011,0.2985345378262998,2.3428771003785687e-05,0.3407095508447785,0.0902954110475616,190,Molybdenum,nutrition,tf192_mae_lr1e4_60
191,0.19429404030496422,0.0011144543134163686,0.20022714837607042,0.04221526387159655,30892,0.1981081026510657,0.0009962480756134,0.2042172356018731,0.0532250983193285,5427,Niacin,nutrition,tf192_mae_lr1e4_60
192,0.15879204497049926,0.0014695620672824858,0.16412914196666967,0.06307375181894288,6362,0.1623521109340034,0.0012131484038912,0.1695657724338037,0.0358267782787765,1168,Nicotinic acid,nutrition,tf192_mae_lr1e4_60
193,0.21221003915307818,0.15523687622172921,0.21659314991538425,0.10923964602069418,4923,0.2701265050733183,0.199997900613952,0.2714282247721212,0.2330484891364491,914,Octadecadienoic acid (18:2; isomer unspecified),nutrition,tf192_mae_lr1e4_60
194,0.1255462048437479,0.08461173387453338,0.13232020487881355,0.023489954198743987,19517,0.1361658521933083,0.091777641158673,0.1421427681934751,0.0367534447403124,3429,Octadecanoic acid (18:0),nutrition,tf192_mae_lr1e4_60
195,0.04264154367063846,0.0023261760038486637,0.4779534704547413,0.003476849503418247,3901,0.0701793462058258,0.0051741107106264,0.6580975659369357,0.0117471072417247,719,Octadecatetraenoic acid (18:4; isomer unspecified),nutrition,tf192_mae_lr1e4_60
196,0.2824550745318924,0.056886881984222364,0.28590374234813515,0.24483401601430752,4835,0.3367452172153763,0.064774882601354,0.3337411064764246,0.370236992345583,899,Octadecatrienoic acid (18:3; isomer unspecified),nutrition,tf192_mae_lr1e4_60
197,0.16051147712403321,0.19087066374380357,0.16517309348821851,0.05460045412517558,4910,0.1964640153503091,0.2326644953136106,0.2022350771841064,0.051857694543445,912,Octadecenoic acid (18:1; cis/trans unspecified),nutrition,tf192_mae_lr1e4_60
198,0.12926811253161877,0.01765942266269127,0.3191721268655368,0.012735093222205346,15315,0.1581803264512988,0.0217497162253461,0.3605232413596281,0.0346709860754001,2755,Octanoic acid (8:0),nutrition,tf192_mae_lr1e4_60
199,0.19699131043843846,0.0002630680732532584,0.20318257549193766,0.10354918871402549,16490,0.2026490672841992,0.0003022123217452,0.2093350557692157,0.1057379322743551,2974,Pantothenic acid (vitamin B5),nutrition,tf192_mae_lr1e4_60
200,0.140450038075441,0.006427193145793426,0.18776710765625407,0.052933953311443446,5999,0.1671918844782017,0.0086146082259432,0.2124178493332525,0.0806134761263176,1081,Pentadecanoic acid (15:0),nutrition,tf192_mae_lr1e4_60
201,0.09617677800739936,0.0027587327543770043,1.2798011807406424,0.0004848559141867602,4236,0.1087703057731988,0.0028583036239054,1.4658118950218084,0.0007068706808927,777,Pentadecenoic acid (15:1; isomer unspecified),nutrition,tf192_mae_lr1e4_60
202,0.038781157487839564,0.02800969612416368,0.039259719360563404,0.008532883806108421,8673,0.0429361139706365,0.0310633777839196,0.0434971978268425,0.0111786177923539,1573,Phenylalanine,nutrition,tf192_mae_lr1e4_60
203,0.12835716011026502,0.033759381469316715,0.13007141752960324,0.05488403596509505,31130,0.1267669321071261,0.0328728052105033,0.129544057363058,0.0237701251700025,5470,Phosphorus,nutrition,tf192_mae_lr1e4_60
204,0.09282388968037811,0.01322226896012847,0.14208633796985506,0.0020402349754849174,398,0.1425898315920242,0.0129988317267926,0.2170877001348602,0.0531923893406211,66,Phytosterols,nutrition,tf192_mae_lr1e4_60
205,0.15557736922156326,0.06259242793650671,0.15662300536654042,0.07746517978313895,31399,0.1577125984039537,0.06349928921006,0.159168801560588,0.0822617224859833,5513,Potassium,nutrition,tf192_mae_lr1e4_60
206,0.06281184209673688,0.05357544074089822,0.06359623088271035,0.008417584297370228,8583,0.0639131088559177,0.0545167253563031,0.0648316639298044,0.0056614079202718,1546,Proline,nutrition,tf192_mae_lr1e4_60
207,0.0802045640789267,0.1603366072986391,0.08203437467212439,0.024767784783812672,26382,0.0777452048549051,0.1566199013836151,0.0799347631815707,0.0226193533250693,4633,"Protein, total",nutrition,tf192_mae_lr1e4_60
208,0.22852087237270702,9.781885824553928e-05,0.3930851772453762,0.04510038026444485,28747,0.2299884781041209,7.921599973217682e-05,0.3894160018723924,0.0626607918828006,5057,Retinol,nutrition,tf192_mae_lr1e4_60
209,0.19841129045887518,0.00010406550191166159,0.20383052812137722,0.08076215781776493,27092,0.1976012027674929,8.137920084570416e-05,0.2036362185548589,0.0697978938986548,4691,Riboflavin (vitamin B2),nutrition,tf192_mae_lr1e4_60
210,0.195480748221538,7.070420593130589e-06,0.20335331476087587,0.10503124699370378,24283,0.1986600188983743,5.74809085531678e-06,0.2070476067007436,0.0929849038632591,4249,"Selenium, Se",nutrition,tf192_mae_lr1e4_60
211,0.040563220820368395,0.03003364953741457,0.04073673053510756,0.02846399968273538,8568,0.0417949707903727,0.0311368933584578,0.0422691681148813,0.0090322465515971,1542,Serine,nutrition,tf192_mae_lr1e4_60
212,0.25281630183653764,0.07554303546615908,0.25545648075456645,0.14661304331663358,26623,0.26496777288793,0.0786703734074877,0.2680289521442414,0.1333853463400712,4705,Sodium,nutrition,tf192_mae_lr1e4_60
213,0.09832053374117887,0.09832053360417572,0.1556741784235332,0.0,76,0.181793663780725,0.181793661228771,0.2966135737470644,0.0287004504922726,14,Sorbitol,nutrition,tf192_mae_lr1e4_60
214,0.10290637863147303,0.29714651548489324,0.1494597096980392,0.023174691506265246,7534,0.1159712828599071,0.3127241817337271,0.1637176431747565,0.02477496559492,1292,Starch,nutrition,tf192_mae_lr1e4_60
215,0.01454490212846398,0.005719891582226406,0.5371670197242224,0.00040260620336350297,835,0.0459309443254978,0.015281098012512,0.8855152195844862,0.0017422982592353,140,Stearidonic acid,nutrition,tf192_mae_lr1e4_60
216,0.05597834542822116,0.0014106668089502268,0.10465004398135488,0.0014070470504651672,210,0.2173596897533429,0.0031722571170114,0.3365971094331505,0.0186306569536637,48,Stigmasterol,nutrition,tf192_mae_lr1e4_60
217,0.24511096951445466,0.27265788982918654,0.31826904769111947,0.06474173146386666,5683,0.3212519104309662,0.3553246671051776,0.3820797340093576,0.1602040232934648,1021,Sucrose,nutrition,tf192_mae_lr1e4_60
218,0.21200236675942066,0.3334509089071775,0.22891530871379068,0.0992386437202101,18095,0.2262622351167485,0.3495438614906109,0.2393906149723246,0.1240622162709447,3185,"Sugars, total",nutrition,tf192_mae_lr1e4_60
219,0.03650963797570224,0.010898943037399477,0.03650963797570224,,93,0.4379806536278369,0.1081066907853615,0.4379806536278369,,20,Sulfur,nutrition,tf192_mae_lr1e4_60
220,0.15843731776298867,0.006531759875522464,0.21990612012088245,0.07460999605020452,4423,0.1853986968575776,0.0051651952543682,0.2508625643601364,0.1030645889902137,806,Tetracosanoic acid (24:0),nutrition,tf192_mae_lr1e4_60
221,0.17067928733110566,0.05011700219448615,0.1960569252775372,0.035459672562096464,18875,0.1996121538470113,0.0623323585830726,0.2283535894196168,0.0449471189454356,3308,Tetradecanoic acid (14:0),nutrition,tf192_mae_lr1e4_60
222,0.1239566196608667,0.00848789796733541,0.18751976635692377,0.03551543900338524,5438,0.1488333319672565,0.0101497750405118,0.2180789487659755,0.0554218669550634,1002,Tetradecenoic acid (14:1; isomer unspecified),nutrition,tf192_mae_lr1e4_60
223,0.23404239400855112,9.252099382692154e-05,0.24048444823458576,0.11261130192569482,29067,0.2358640386885156,7.936275087900451e-05,0.2433239142514068,0.1078952752102225,5049,Thiamin (vitamin B1),nutrition,tf192_mae_lr1e4_60
224,0.04494047370358599,0.030071157693008277,0.04548821995254166,0.0037009371542879436,8656,0.0470259779275426,0.0316489214349982,0.0476205602822171,0.0054592660416597,1560,Threonine,nutrition,tf192_mae_lr1e4_60
225,0.21659102176187425,3.757661953409757e-05,0.31099745380893146,0.05848209169202171,7747,0.2810616709544027,4.859893858719591e-05,0.3676057970203848,0.1229174359901289,1452,"Tocopherol, beta",nutrition,tf192_mae_lr1e4_60
226,0.23492054858927636,0.0001236933916128474,0.36317048239125094,0.06858197140386611,7687,0.2973340359520111,0.0001776672507124,0.4319904996779268,0.1183373329303296,1454,"Tocopherol, delta",nutrition,tf192_mae_lr1e4_60
227,0.31276391859067804,0.0006859859119819803,0.35576372886130886,0.13825812212445648,8262,0.4007922170731731,0.0008836422010169,0.4338060026549885,0.2622131862474582,1548,"Tocopherol, gamma",nutrition,tf192_mae_lr1e4_60
228,0.3342534242813639,7.27687797217483e-05,0.4398362908259042,0.11404287489580343,5437,0.3923876959399083,8.040341252059365e-05,0.5046755892952822,0.1723162946359661,1033,"Tocotrienol, alpha",nutrition,tf192_mae_lr1e4_60
229,0.06641332346327644,2.724104638709457e-05,0.31286025921806576,0.0012546453532681853,1186,0.1103313178796432,4.203561189270748e-05,0.442556207009676,0.0345909286479259,237,"Tocotrienol, beta",nutrition,tf192_mae_lr1e4_60
230,0.05834661621267719,1.307662403751503e-05,0.8846277158244972,0.000468861769821592,1161,0.0333016738257316,4.586640242630528e-06,0.5938635232233841,0.0004759799420852,235,"Tocotrienol, delta",nutrition,tf192_mae_lr1e4_60
231,0.17601828287001592,5.599236816229939e-05,0.4512688574336936,0.01483214477634054,1167,0.2999699941933335,7.436960700613876e-05,0.6475933801096143,0.0731518984181715,233,"Tocotrienol, gamma",nutrition,tf192_mae_lr1e4_60
232,0.05799413849830471,0.0007405519457185245,1.1328011232981772,0.0003546471998888398,668,0.0558587211658522,0.0006001021274094,1.210039790375339,0.0003692466846268,109,Tridecanoic acid (13:0),nutrition,tf192_mae_lr1e4_60
233,0.09260450019938633,0.021797712711755127,0.09340495586536773,0.07381520188859302,15731,0.0923167932351403,0.0215161876813278,0.0937567858999895,0.0637138297294962,2819,Tryptophan,nutrition,tf192_mae_lr1e4_60
234,0.051664206212884485,0.03070333990870158,0.05235505748660844,0.009661304831343667,8612,0.0549299968841597,0.0328699552650791,0.0557626675640515,0.0098312685760187,1553,Tyrosine,nutrition,tf192_mae_lr1e4_60
235,0.041507009163809325,0.03209150009630431,0.042028188998523,0.0034225285386041415,8661,0.0447179190879746,0.0346452990505322,0.045284147098117,0.0067314051901635,1566,Valine,nutrition,tf192_mae_lr1e4_60
236,0.17044544834812514,0.0002639940961744549,0.17806729884161615,0.07716309902480208,1774,0.2049746317598656,7.802027851619031e-05,0.2140415602949217,0.0542369448645588,282,Vitamin B6 - Pyridoxin,nutrition,tf192_mae_lr1e4_60
237,0.2155920463828933,8.885086518844708e-07,0.3809691860310858,0.07603622606757615,27304,0.21579300451765,6.047848143095972e-07,0.3801862891088335,0.0862004982144309,4761,Vitamin D (D2 + D3),nutrition,tf192_mae_lr1e4_60
238,0.23457328350381274,1.6975856027679244e-07,1.1858381427627813,0.0006706152780617646,6511,0.1814003990904266,1.1015406219735629e-07,1.00490617454339,0.0006840626205708,1168,Vitamin D2 (ergocalciferol),nutrition,tf192_mae_lr1e4_60
239,0.06635664880801108,0.2575161445294384,0.06634867742658096,0.07029552831991061,30210,0.0662948511986561,0.2575298907171144,0.0663186676690608,0.0624991417133974,5247,Water,nutrition,tf192_mae_lr1e4_60
241,0.18647488037964408,0.0006943342979675738,0.1891050694225928,0.0847132966281416,31918,0.1887804973450396,0.0005822362433896,0.1917310510727357,0.0765919401402419,5536,Zinc,nutrition,tf192_mae_lr1e4_60
242,0.10583090411339809,0.004361384649463757,0.20593731197361528,0.003392566619165835,1216,0.1977383991757604,0.0102177011887054,0.3305732763194244,0.0561210508159863,250,"cis,cis-Eicosadienoic acid (20:2n-6)",nutrition,tf192_mae_lr1e4_60
243,0.12969270680437456,0.0017517609434207755,0.27179501565109776,0.013584722746686147,298,0.4494887798169834,0.0060092569900039,0.5672501054553603,0.3174533541012274,70,cis-Docosenoic acid (22:1 cis),nutrition,tf192_mae_lr1e4_60
244,0.08596747220692996,0.022630495292090942,0.08726065285802374,0.025026334024136513,385,0.1225003221887624,0.0292431687416148,0.1176866158212657,0.2223847293143205,87,cis-Hexadecenoic acid (16:1 cis),nutrition,tf192_mae_lr1e4_60
245,0.09583965943155048,0.1373098417255388,0.09537502074941089,0.2717054006213896,759,0.1596691414380973,0.2256276504603639,0.1596691414380973,,153,cis-Octadecenoic acid (18:1 cis),nutrition,tf192_mae_lr1e4_60
246,0.15761464396208197,0.002764609968933498,0.3757673742454236,0.015307128150009659,461,0.2526777138315706,0.0032801199689033,0.5336600986255299,0.0807332694054164,108,cis-Tetracosenoic acid (24:1 cis),nutrition,tf192_mae_lr1e4_60
247,0.08261693548998356,0.008239682991232077,0.07909432785996412,0.20027203033263258,172,0.2658574671457881,0.0281249134205698,0.13716535588379,1.4884325241347698,21,"trans,trans-Linoleic acid (18:2 trans,trans)",nutrition,tf192_mae_lr1e4_60
248,0.1145275373317751,0.00025500107046832874,0.8272715468698301,4.533890856420128e-05,224,0.0773012763398087,0.0001202510812792,0.6490265997485861,0.0151572194475503,51,trans-Docosenoic acid (22:1 trans),nutrition,tf192_mae_lr1e4_60
249,0.06895855567058067,0.002069261933573079,0.10225752533079184,0.003733769738208241,287,0.0985586360658081,0.0026116095112201,0.1444009313827313,0.0003251461009725,66,trans-Hexadecenoic acid (16:1 trans),nutrition,tf192_mae_lr1e4_60
250,0.11002301082526583,0.013360451924290057,0.11949206049409201,0.02885972794961276,335,0.2142310417322574,0.0238831214631928,0.2309132542258802,0.0223855980555957,75,trans-Linoleic acid (18:2; isomer unspecified),nutrition,tf192_mae_lr1e4_60
251,0.12397503486615635,0.058461142926806334,0.13320575584964756,0.05012926699822656,774,0.259541667866503,0.1264009912129365,0.2525621011807053,0.299294852033438,154,trans-Octadecenoic acid (18:1 trans),nutrition,tf192_mae_lr1e4_60
2,0.03918996159674531,0.021566237376717475,0.04108233787170255,0.007019564922472343,54,0.4349334055678706,0.2121820333746751,0.4349334055678706,,18,Acetic acid,food_metabolome,tf192_mae_lr3e4_60
7,0.24613986337669086,0.01060890924178792,0.7912014381252782,0.0026790266556552247,217,0.3027266598639402,0.001559152372854,0.8277281015658068,0.0297259101789696,38,Apigenin,food_metabolome,tf192_mae_lr3e4_60
9,0.12272292956976387,0.002349995471582569,0.12316052008108624,0.1167716986157794,73,0.905983089756493,0.0010875007608709,0.905983089756493,,13,Benzoic acid,food_metabolome,tf192_mae_lr3e4_60
11,0.08822767418258934,0.0016800526446309689,0.08956445712474978,0.0,67,0.6542259732108686,0.0030057730157898,0.7103199305005127,0.0371924430247839,12,Cadaverine,food_metabolome,tf192_mae_lr3e4_60
12,0.28445547166225543,0.013926502745429791,0.32563037456536226,0.05237874620838063,146,1.2178365133846805,0.0703860604954479,1.3512227562595984,0.1062844894270295,28,Caffeic acid,food_metabolome,tf192_mae_lr3e4_60
13,0.08081813694876269,0.003785585086723746,0.9609464353896895,4.4319195035798965e-06,10892,0.0761999365168131,0.0025877222864538,0.8934670946889929,5.571699386496932e-06,1962,Caffeine,food_metabolome,tf192_mae_lr3e4_60
15,0.08161427126731201,0.005741216567142129,0.12960049776787125,0.002027359022482052,109,0.7273084467859562,0.0106693168323504,0.8185423327834556,0.5144293794584577,30,Catechin,food_metabolome,tf192_mae_lr3e4_60
16,0.1221820518491722,0.008523436940861204,0.1221992407017285,0.12136792528718746,4256,0.1404966627184999,0.0097906582070062,0.1429243740853621,0.0207295686199614,755,Choline,food_metabolome,tf192_mae_lr3e4_60
18,0.08232302935414541,0.03983876758238304,0.08117440713763015,0.42346382765918206,298,0.2548163595724733,0.1142641584108121,0.2548163595724733,,52,Citric acid,food_metabolome,tf192_mae_lr3e4_60
21,0.20764334629188172,0.010628142637959056,0.32219954183462235,1.0241870664316228e-05,90,0.5974627171964739,0.0099004624443958,0.6352861555680466,0.5445099034762723,12,Cyanidin,food_metabolome,tf192_mae_lr3e4_60
22,0.07902508653511514,0.0012172344258097692,0.08261713592307492,0.0,46,0.4070994362175973,0.0024085655430724,0.4572557602253049,0.2733492388637105,11,Daidzein,food_metabolome,tf192_mae_lr3e4_60
24,0.13831047843204897,0.0022776453166267418,0.24967355360210164,0.00022026522118365953,56,0.6210191684090841,0.0041408467820263,1.4194723849350497,0.0,16,Delphinidin,food_metabolome,tf192_mae_lr3e4_60
25,0.07543808879742793,0.0027646811139342793,0.12055431688812293,0.0002443753129362616,32,2.2878459426669147,0.1210571450832383,2.2878459426669147,,5,Ellagic acid,food_metabolome,tf192_mae_lr3e4_60
26,0.29892725968529044,0.006050743044359106,0.9937589894176991,7.490281113609962e-05,133,0.4344471859247583,0.000908360301141,1.3725640077814332,0.0592004571820883,28,Epigallocatechin,food_metabolome,tf192_mae_lr3e4_60
28,0.1168056048017613,0.001585140918935688,0.1321809979412817,0.03783199458513386,135,0.6080944972898653,0.0105980765362602,0.6571827589343915,0.0190353575555505,26,Ferulic acid,food_metabolome,tf192_mae_lr3e4_60
33,0.17303005838462407,0.009098506815443686,0.2314779970950011,0.04569704905130261,89,1.6981812648402257,0.2240946983772754,2.143733852684981,0.0273590604223932,19,Gallic acid,food_metabolome,tf192_mae_lr3e4_60
35,0.13394780089067507,0.0019749541404488775,0.1365044274517071,0.06065783947442397,89,1.1467280331276433,0.0126453327241981,1.1082702794587165,2.1466296285197446,27,Genistein,food_metabolome,tf192_mae_lr3e4_60
43,0.054809863151865604,0.00022296420722206893,0.09676839048413603,0.0008631851532322,64,0.334421887904103,0.0012275874632895,0.8914668404429413,0.0305791865192821,17,Glycitein,food_metabolome,tf192_mae_lr3e4_60
47,0.15756908589188165,0.00048321620158582823,0.16147363990867594,0.03913094738245451,188,0.5749575810653903,0.0012867577197493,0.5912160008110964,0.0384297294570881,34,Histamine,food_metabolome,tf192_mae_lr3e4_60
50,0.16194479888330413,0.0036981751492813036,0.373443232080863,0.001362655159231679,95,0.8372879327544502,0.0051611954077186,1.8773784624332197,0.2132336149471887,16,Isorhamnetin,food_metabolome,tf192_mae_lr3e4_60
51,0.1314929297321625,0.001299716430656268,0.235870848365036,0.00492442997261518,281,0.5961670734604321,0.0027970306616612,0.9566309242079356,0.1663832514153316,57,Kaempferol,food_metabolome,tf192_mae_lr3e4_60
52,0.04013988229030323,0.0334501066430766,0.04183593365468224,0.0,74,0.1541542209054107,0.1274146363303295,0.1541542209054107,,23,Lactic acid,food_metabolome,tf192_mae_lr3e4_60
53,0.06357599797422883,0.00016302857978262971,0.07030803252899782,0.00747571001782056,28,0.9744295065778974,0.0001838749457173,0.9744295065778974,,4,Lariciresinol,food_metabolome,tf192_mae_lr3e4_60
54,0.07413368838039726,0.0034784042756719614,0.07413368838039726,,70,0.4619689200830745,0.0008668835530112,0.4619689200830745,,14,Lutein,food_metabolome,tf192_mae_lr3e4_60
55,0.18756917246885327,0.00493142170353821,0.3981998731571305,0.0011092079251324573,230,0.519095022264411,0.0053129612870122,1.2398089082725263,0.0201392550280235,44,Luteolin,food_metabolome,tf192_mae_lr3e4_60
56,0.081198408802371,0.03396948815735498,0.081198408802371,,296,0.2549015220166228,0.1023390913903854,0.2549015220166228,,49,Malic acid,food_metabolome,tf192_mae_lr3e4_60
58,0.10789051245345259,0.0011719804176731487,0.18474613972399725,0.0035864468719991128,33,1.2890975729862415,0.000134674624631,1.6106373198885886,0.0029385853768537,5,Matairesinol,food_metabolome,tf192_mae_lr3e4_60
61,0.16937433260435386,0.0006510591503916407,0.3709848242456277,0.0002816621955435368,228,0.3815590938074704,0.0009263806259248,0.57391938896631,0.1342387143175337,48,Myricetin,food_metabolome,tf192_mae_lr3e4_60
62,0.10970199247712124,0.019745378391281126,0.5042480991301252,0.0010588616596273817,88,0.317756542871844,0.003583284124611,0.5849267216919342,0.1619072718934581,19,Naringenin,food_metabolome,tf192_mae_lr3e4_60
65,0.15409039981772446,0.03740617708564498,0.15409039981772446,,20,1.087549917405509,0.0487754725147029,1.087549917405509,,4,Oxalic acid,food_metabolome,tf192_mae_lr3e4_60
66,0.19786395263377285,0.001375641603061055,0.3953125612778972,0.0004153439896485016,52,0.2931492165665867,8.555307903781478e-05,0.8244735788399958,0.080619471657223,14,Pelargonidin,food_metabolome,tf192_mae_lr3e4_60
67,0.08899216344396736,0.0005587330595350432,0.1827504242511768,0.002446076545004802,50,0.2246576265109379,0.000812312501993,0.7263548184915033,0.0016810967417978,13,Peonidin,food_metabolome,tf192_mae_lr3e4_60
72,0.12014261218810493,0.0008508956848926347,0.13969212752035154,0.0028455201946252593,28,0.5971076441746824,5.106968475221155e-05,0.5971076441746824,,4,Pinoresinol,food_metabolome,tf192_mae_lr3e4_60
77,0.11934448599575166,0.0025518921015985343,0.11934448599575166,,84,0.2964625975249628,0.0022033475833479,0.2964625975249628,,17,Putrescine,food_metabolome,tf192_mae_lr3e4_60
79,0.16657185978105138,0.014387308936017237,0.21948136693992468,0.020614598653124983,327,0.5278309678453172,0.00459491634916,0.6207627484838796,0.2326358999345897,71,Quercetin,food_metabolome,tf192_mae_lr3e4_60
82,0.050301376630759065,0.0457416164308426,0.07185910947251295,0.0,30,0.2992656002858631,0.258750681732205,0.4488984004287947,0.0,6,Rosmarinic acid,food_metabolome,tf192_mae_lr3e4_60
83,0.39654561792630927,0.007190816486247449,0.4834254411370065,0.02006638401328831,32,1.084936547290475,0.0001147140048969,1.084936547290475,,5,Secoisolariciresinol,food_metabolome,tf192_mae_lr3e4_60
88,0.02454811860809433,0.00012666221728249935,0.024144138155880436,0.04474714121878888,51,0.1904455175901999,0.0007876449921044,0.201358879464835,0.0813118988438484,11,Spermine,food_metabolome,tf192_mae_lr3e4_60
90,0.1250397912232404,0.0006076046693601989,0.17568100301073428,0.0017394494797770914,79,1.25024956659772,0.0074932583293795,1.3402512799752335,0.950243855339342,13,Syringic acid,food_metabolome,tf192_mae_lr3e4_60
91,0.07995976149918234,0.05423185798741786,0.08265375911985315,0.01799781622375374,24,0.4930692143929594,0.2123549843597152,0.4930692143929594,,5,Tartaric acid,food_metabolome,tf192_mae_lr3e4_60
92,0.09044917883380997,0.012504891524106911,0.09044917883380997,,23,0.1362641695445036,0.0005101123041175,0.1362641695445036,,9,Taurine,food_metabolome,tf192_mae_lr3e4_60
93,0.046911213415809734,0.0064334723300274056,0.809053387192106,0.00012953011887586273,10738,0.0487838284252405,0.0070262415978291,0.8259456561096828,0.0003985465914433,1928,Theobromine,food_metabolome,tf192_mae_lr3e4_60
96,0.08568715402778053,0.0013344585342583827,0.09374910759709036,0.005800523204619465,120,0.2005852723250183,0.0019234951192574,0.2297063458114045,0.0258588314067011,21,Tyramine,food_metabolome,tf192_mae_lr3e4_60
98,0.10891592513487766,0.0006767653470079615,0.1359569356797682,0.012770109864155797,82,0.3602649017267783,0.0006150648012614,0.2819449750093851,0.7127045719550473,11,Vanillic acid,food_metabolome,tf192_mae_lr3e4_60
103,0.13490809512329718,0.0009408417856953718,0.16553404270085476,0.01955035924783035,143,0.6091671708005465,0.0056310444253006,0.7050211083679404,0.0340435453961829,28,p-Coumaric acid,food_metabolome,tf192_mae_lr3e4_60
104,0.046105326159165405,0.0356986834738463,0.046643718385603467,0.006249437925797842,8576,0.0478821284430622,0.0371353985190255,0.0484951791951838,0.0053865649437296,1547,Alanine,nutrition,tf192_mae_lr3e4_60
105,0.13502725044542183,0.013796894165577044,0.2197629891108966,0.03736951488486799,6814,0.1457768699229536,0.0145093508817333,0.228506308241266,0.0462479481290513,1128,Arachidonic acid (20:4n-6),nutrition,tf192_mae_lr3e4_60
106,0.06583848638281302,0.05400399659539232,0.06479855396455558,0.09534068761808252,9593,0.0676402468050922,0.0556813117158581,0.0674969244209254,0.0737525998222993,1727,Arginine,nutrition,tf192_mae_lr3e4_60
107,0.11986514570602884,0.004488836567588304,0.1869640588695068,0.012981921197833873,586,0.3154799211416216,0.0078511982396139,0.4521183553044039,0.0853520320253569,102,Ascorbic acid (vitamin C),nutrition,tf192_mae_lr3e4_60
108,0.10463367028551676,0.1089925884407404,0.10539086136260276,0.05254451285007628,20257,0.1043238776078683,0.1087033160964787,0.1055582116728036,0.021716371741968,3606,Ash,nutrition,tf192_mae_lr3e4_60
109,0.046909114870772685,0.04888423539464088,0.047336095929784494,0.013921605838693089,8432,0.050700602507356,0.0527824133364986,0.0506798100420018,0.0522589977856554,1519,Aspartic acid,nutrition,tf192_mae_lr3e4_60
110,0.07753102531494886,0.19668903815942343,0.0837197885306824,0.015691869109694737,4210,0.0816178746909077,0.199247405940942,0.0883130730350535,0.0092260425948309,756,Available carbohydrate,nutrition,tf192_mae_lr3e4_60
111,0.04022677497483885,0.007656669379211497,0.056079471173578956,0.0013876692879255957,207,0.108161286980056,0.0180175118311564,0.1524245331105505,0.0006648320917121,48,Beta-sitosterol,nutrition,tf192_mae_lr3e4_60
112,0.1541599943294235,0.005236922371653271,0.15442756030077803,0.14672389004219547,2764,0.1804782588899432,0.0066649247586676,0.1742901855859641,0.3372637698747833,498,Betaine,nutrition,tf192_mae_lr3e4_60
113,0.2937283426429021,0.0001031627791036443,0.2981195397635335,0.26598243799106974,9884,0.334327168552848,8.822361666800027e-05,0.3358479957354561,0.3208429795309095,1768,Biotin,nutrition,tf192_mae_lr3e4_60
114,0.0815808889323822,0.011213854900283248,0.20339843567861218,0.01758818338778679,12666,0.1006439307459229,0.0136632862000125,0.2375978798356236,0.0274146078292237,2269,Butyric acid (4:0),nutrition,tf192_mae_lr3e4_60
115,0.30480372236083014,0.03210959000570267,0.30558375460979603,0.2629543599768225,39116,0.3073949109878908,0.031853432130749,0.3083957261804667,0.2712951713320253,6878,Calcium,nutrition,tf192_mae_lr3e4_60
116,0.05395174421484129,0.0026557392505701916,0.0642629461032068,0.001290963142117459,171,0.2097987502237953,0.0055572076160126,0.2433996377600023,0.0921956438470706,36,Campesterol,nutrition,tf192_mae_lr3e4_60
117,0.23521933069374962,3.948507548662867e-05,1.0867371801671883,0.007844946068465085,13702,0.2558378335761108,4.844153933575312e-05,1.114232284022839,0.0080813409862381,2524,"Carotene, alpha",nutrition,tf192_mae_lr3e4_60
118,0.3616449460941462,0.00044298164558222646,0.5709468516105598,0.05687592323290048,20968,0.4077336933153287,0.0003329997935633,0.6294746647908949,0.0728020280087874,3736,"Carotene, beta",nutrition,tf192_mae_lr3e4_60
119,0.07406257439024151,0.06658381313379431,0.07053002575459472,0.3142758816142231,69,0.482925232840749,0.4460811009781934,0.4498912919436989,0.6976458486715742,15,Cellulose,nutrition,tf192_mae_lr3e4_60
120,0.13695729817374455,0.05700616912995633,0.13574958128902492,0.26148632806483607,1874,0.1816546229173644,0.0815404476045898,0.1816546229173644,,343,Chloride,nutrition,tf192_mae_lr3e4_60
121,0.16506428847927715,4.670833749636844e-07,0.25007230194156155,0.060196551419078766,3865,0.232782760231851,6.977830129142933e-07,0.3279470882075158,0.1089430883959693,695,Cholecalciferol (vitamin D3),nutrition,tf192_mae_lr3e4_60
122,0.11584719014337957,0.03015887233447974,0.1880797480186665,0.007294724173992138,22719,0.1162121341490202,0.028636917816625,0.1910879123007745,0.0076942056425454,3992,Cholesterol,nutrition,tf192_mae_lr3e4_60
123,0.11951079521996891,0.007547173553604769,0.12009081792583706,0.09884547235568791,10549,0.1250507247316577,0.0076201781646789,0.1270713999906149,0.0573764733316728,1897,"Choline, total",nutrition,tf192_mae_lr3e4_60
124,0.2117326247871698,1.7028874958315314e-05,0.2834648509349328,0.04712375920313837,1560,0.375880458348235,4.17431315598921e-05,0.4715914255321087,0.1182767577212612,278,Chromium,nutrition,tf192_mae_lr3e4_60
125,0.16628699840068795,7.338333232229612e-07,0.2588288152281305,0.01398475229944823,25560,0.166542222580499,6.801857939652334e-07,0.2628696298335194,0.0143669751463183,4402,Cobalamin (vitamin B12),nutrition,tf192_mae_lr3e4_60
126,0.07789577714600916,0.011509251727953671,0.08504980226819339,0.02513484186990052,469,0.1115666795559481,0.0125518887776006,0.1214825520159271,0.0405029269260985,98,Conjugated linoleic acids (18:2 CLA isomers),nutrition,tf192_mae_lr3e4_60
127,0.23352792837313738,0.00021731300590497506,0.23535422275107543,0.1817710006334567,28684,0.2430702575204741,0.0001227108868623,0.245657520590333,0.1719509664625734,5038,Copper,nutrition,tf192_mae_lr3e4_60
128,0.21856399629888892,1.0773349394162565e-05,0.9443787159915468,0.004720589994185664,13291,0.25387311599839,1.950793662711649e-05,1.058753664867313,0.0040033378869125,2450,"Cryptoxanthin, beta",nutrition,tf192_mae_lr3e4_60
129,0.06614045106805222,0.019834480542641544,0.06523715386388804,0.1156675195814107,8477,0.0708024360324476,0.0213084973015225,0.0717375905641839,0.01871086507943,1531,Cystine,nutrition,tf192_mae_lr3e4_60
130,0.1667108439250036,0.019236479112812985,0.299187597175065,0.031218329953257063,16906,0.1975305017305338,0.0237465812781717,0.3423015366473294,0.0500917099286552,2996,Decanoic acid (10:0),nutrition,tf192_mae_lr3e4_60
131,0.1640805441484747,0.21862714849607284,0.19811055175645637,0.043291380897302924,14402,0.1659683157794404,0.2208352221031917,0.1995068180171137,0.0367426745239777,2543,"Dietary fibre, total",nutrition,tf192_mae_lr3e4_60
132,0.10863673971699155,0.012787932445086513,0.32992860588117023,0.01467591912868657,16450,0.1136849268025825,0.0134869512700781,0.3511191406693837,0.0180062144206493,2886,Docosahexaenoic acid (DHA; 22:6n-3),nutrition,tf192_mae_lr3e4_60
133,0.21540744133469547,0.012138206720589576,0.319492461671427,0.07736298043720191,5733,0.2629689543689376,0.0169039475559906,0.3840292414720747,0.1049887947642628,1047,Docosanoic acid (22:0),nutrition,tf192_mae_lr3e4_60
134,0.12191226182267437,0.005332441585580242,0.31359209984365993,0.029780802734709306,16689,0.1305253207655619,0.0056307669020783,0.3364019043108671,0.0322603649765874,2934,Docosapentaenoic acid (DPA; 22:5n-3),nutrition,tf192_mae_lr3e4_60
135,0.06717286791241768,0.0012267857530636858,0.11616481079196239,0.01162786260949436,335,0.1507800220514596,0.0016177683866222,0.2789493577831019,0.0119299083421804,75,Docosatetraenoic acid (22:4; isomer unspecified),nutrition,tf192_mae_lr3e4_60
136,0.10040396806499238,0.009206469310482811,0.722147423145328,0.007764925582468871,3902,0.1372454086568249,0.0122856521204937,0.7423214174991729,0.0315510417276327,733,Docosenoic acid (22:1; cis/trans unspecified),nutrition,tf192_mae_lr3e4_60
137,0.2741207170226723,0.04618654727391049,0.41021848960785323,0.057008728228969525,19138,0.3076849583404808,0.0561029740632165,0.4427637013127275,0.080933714058206,3352,Dodecanoic acid (12:0),nutrition,tf192_mae_lr3e4_60
138,0.191948406743804,0.011987388554945364,0.19404756200993883,0.18241591710070698,5470,0.2336098833324622,0.0143053273891372,0.2406520127919625,0.2009455427321815,998,Eicosanoic acid (20:0),nutrition,tf192_mae_lr3e4_60
139,0.1349616369857331,0.010177462559400547,0.4064811417499756,0.020256877692254083,18180,0.151068870250627,0.0120024190327301,0.4534956022836208,0.0242463863147603,3202,Eicosapentaenoic acid (EPA; 20:5n-3),nutrition,tf192_mae_lr3e4_60
140,0.09600409539816866,0.00906076948877381,0.1637494364244351,0.0411556972488408,4211,0.0994949853583987,0.0091359674456943,0.1567968890375259,0.0571638493071516,772,Eicosatetraenoic acid (20:4; isomer unspecified),nutrition,tf192_mae_lr3e4_60
141,0.09382819368107284,0.00197495258302046,0.24252106053028966,0.012349689608173524,1065,0.1771555345946263,0.0043321614401055,0.3746459222632719,0.0563880313440158,224,Eicosatrienoic acid (20:3; isomer unspecified),nutrition,tf192_mae_lr3e4_60
142,0.07822154696401329,0.0011472281995252604,0.15120378222285744,0.01627151005825025,318,0.1718568643074494,0.0014654636953694,0.2334340773280576,0.1122039391937351,63,Eicosatrienoic acid (20:3n-3),nutrition,tf192_mae_lr3e4_60
143,0.11083445815394796,0.0026783673235775576,0.14033818412128535,0.04992581146720133,1284,0.1297608982781169,0.0034541368012456,0.1771749509112195,0.053251858801974,230,Eicosatrienoic acid (20:3n-6),nutrition,tf192_mae_lr3e4_60
144,0.22953790174403688,0.023968710408325808,0.267172527825265,0.15211605812949588,14951,0.2380804391375317,0.0237870805139933,0.2792043733597236,0.1601467218216876,2654,Eicosenoic acid (20:1; isomer unspecified),nutrition,tf192_mae_lr3e4_60
147,0.016327910701165314,0.04744613523369482,0.6891495748699106,5.589632521100307e-05,17741,0.0163832122555775,0.0467728378317898,0.8132482889132249,5.719605088429446e-05,3138,Ethanol,nutrition,tf192_mae_lr3e4_60
148,0.07793734037270209,0.14213297549076032,0.08023507485572043,0.0245498138999986,27749,0.0818806141641493,0.1493442041121195,0.0840535036317139,0.0269350309277557,4833,"Fat, total",nutrition,tf192_mae_lr3e4_60
149,0.09951370858852698,0.12514936900297222,0.10413951311464846,0.022814176627941198,22471,0.1039740070944616,0.1307969655135998,0.1080625822024657,0.0340520026996567,3886,"Fatty acids, total monounsaturated",nutrition,tf192_mae_lr3e4_60
150,0.15574382777610254,0.1446833828395988,0.1612322559829072,0.05156743167736457,22517,0.1692366496565336,0.1571753606581613,0.1737141967115865,0.0750553423703684,3896,"Fatty acids, total polyunsaturated",nutrition,tf192_mae_lr3e4_60
151,0.0967421951727264,0.11448723492930847,0.10015572019996268,0.03394013287072133,23183,0.1043774664540864,0.122620926270911,0.1085965426990353,0.0232217030751146,4023,"Fatty acids, total saturated",nutrition,tf192_mae_lr3e4_60
152,0.16016062357657337,0.05495974178186584,0.2316154358120773,0.03979584495422785,6323,0.1853032756867524,0.0642034474577469,0.2572612706600591,0.0611338983142092,1172,"Fatty acids, total trans",nutrition,tf192_mae_lr3e4_60
153,0.12817089052711866,0.03580928170043202,0.14609752320785804,0.042322210650000316,2792,0.1719634593804225,0.0503274597110178,0.1883890586550657,0.0742858956938773,521,"Fatty acids, total trans-monoenoic",nutrition,tf192_mae_lr3e4_60
154,0.1452412933980029,0.014510205709163507,0.17437157445680848,0.05359220315651154,2496,0.1894277082775655,0.0197940220434324,0.2187480961831046,0.0911345983466155,457,"Fatty acids, total trans-polyenoic",nutrition,tf192_mae_lr3e4_60
155,0.2507512399457557,1.3780311214160562e-05,0.2616186007376846,0.13269151240729138,17790,0.25815578723323,1.4253620524262064e-05,0.271315069818329,0.1142178428508056,3170,"Folate, food",nutrition,tf192_mae_lr3e4_60
156,0.2568754609581178,2.4785737642519227e-05,0.2671162891749636,0.1185061194336727,21997,0.2612572852713524,2.129276445612029e-05,0.2737116209901377,0.1038956609789108,3886,"Folate, total",nutrition,tf192_mae_lr3e4_60
157,0.14061384812835362,1.3404130980844512e-05,0.27121329590606624,0.028724900156044793,17266,0.1472142123225321,1.535589565992266e-05,0.2816496257237992,0.0277263184791933,3100,Folic acid,nutrition,tf192_mae_lr3e4_60
158,0.22021060070915469,0.16873644819176803,0.3044419494528003,0.04262787199242059,10967,0.2660386507288728,0.2043541919689689,0.3545130586750404,0.0509933421321342,1959,Fructose,nutrition,tf192_mae_lr3e4_60
159,0.18225458076491347,0.02167857451354683,0.9913926723908564,0.005911750836535658,8120,0.2129018529078734,0.0256507039401506,1.061035901696444,0.0072436637771448,1460,Galactose,nutrition,tf192_mae_lr3e4_60
160,0.2603685288629491,0.20487059613134215,0.3329672208108318,0.05815798996101432,11206,0.3038490388943798,0.2400524554797778,0.3734672945530174,0.075600398014992,2003,Glucose,nutrition,tf192_mae_lr3e4_60
161,0.04802886103955419,0.07217904808075022,0.04840643036583566,0.018779148724930212,8601,0.0487194892555977,0.0735925355422505,0.0492900493119418,0.0,1555,Glutamic acid,nutrition,tf192_mae_lr3e4_60
162,0.07970405828160192,0.056317716177542235,0.07903116407731788,0.10074052420452484,9525,0.079457301388215,0.0563599404204165,0.0796941711493901,0.0736027374047918,1713,Glycine,nutrition,tf192_mae_lr3e4_60
165,0.11459449036777171,0.009593162664189931,0.134297799138596,0.05716289233171359,6293,0.1394775115095779,0.0115820607767885,0.1597460088013866,0.077261867481103,1138,Heptadecanoic acid (17:0),nutrition,tf192_mae_lr3e4_60
166,0.1367685112975313,0.006689267689889133,0.1739294479176633,0.07924040295322966,4818,0.1616593137632364,0.0074885996713594,0.1994837645899732,0.1037283656128557,880,Heptadecenoic acid (17:1; isomer unspecified),nutrition,tf192_mae_lr3e4_60
167,0.09870912372067599,0.09686353400088582,0.10101586216087016,0.04023301334540353,19586,0.1049375171890036,0.1029871528664108,0.1073053425430589,0.0400669300097201,3436,Hexadecanoic acid (16:0),nutrition,tf192_mae_lr3e4_60
168,0.17587781542256672,0.0412805976003451,0.20262286446526678,0.06201602798122905,4679,0.2200161340647286,0.0511925473725197,0.2439812422060212,0.1037054758856553,878,Hexadecenoic acid (16:1; cis/trans unspecified),nutrition,tf192_mae_lr3e4_60
169,0.06683507739102147,0.007911218726556256,0.19424066412819907,0.01222089173208112,14771,0.0818579705406022,0.0091945535199025,0.2281482764725483,0.0188741787825859,2651,Hexanoic acid (6:0),nutrition,tf192_mae_lr3e4_60
170,0.0544983392441339,0.029251704805000358,0.055262519758706406,0.00881024604310629,8652,0.0570581773227766,0.0307225854774838,0.0579373891174488,0.0094711832623806,1562,Histidine,nutrition,tf192_mae_lr3e4_60
171,0.05830778723140086,0.015412646868487909,0.0746347253631976,0.004470755340399335,1676,0.0679598460304077,0.0171321554787712,0.0847848293948323,0.0097002021416542,299,Hydroxyproline,nutrition,tf192_mae_lr3e4_60
172,0.05731267561874005,0.07232129507825726,0.06215265272936881,0.003328315538650051,158,0.2118971311782976,0.2678060664772473,0.2230496117666291,0.0,20,Insoluble dietary fibers,nutrition,tf192_mae_lr3e4_60
173,0.22944233003028602,0.0012287792757111888,0.23256765797654486,0.12029450337739768,32795,0.2315463629499761,0.0012329482512449,0.2354406009965585,0.1070238439481415,5716,Iron,nutrition,tf192_mae_lr3e4_60
174,0.042017043710853824,0.029728606101364866,0.042561102593953744,0.010944291987741958,8660,0.0441307008616098,0.0312517463418323,0.0447509108422218,0.0103274072655528,1564,Isoleucine,nutrition,tf192_mae_lr3e4_60
175,0.09477875460072505,0.057839536237119786,0.09698291168446284,0.0,44,0.5497325059955523,0.2395723137934173,0.5497325059955523,,15,Isomeric linoleic acids (18:2),nutrition,tf192_mae_lr3e4_60
176,0.11238233225917436,0.021986147574836773,0.13573750974466392,0.08279910744422093,68,0.7461911201442286,0.1318173165365908,0.420936724192064,1.210840257218749,17,Isomeric linolenic acids (18:3),nutrition,tf192_mae_lr3e4_60
177,0.08164111351044769,0.07570547916862529,0.24698234443448006,0.011374345215499423,10711,0.0880278468165076,0.0814704019031976,0.2437928402914425,0.0149567854459686,1909,Lactose,nutrition,tf192_mae_lr3e4_60
178,0.03742032083451355,0.0367240185445725,0.03789525590670469,0.002511344808916045,8661,0.0383140736475924,0.0376045658919072,0.0387511101122447,0.0046185622229033,1562,Leucine,nutrition,tf192_mae_lr3e4_60
179,0.046065596687832104,0.027755161599848303,0.056101855054457785,0.01055268246746429,59,0.3588432666693044,0.2298753575989576,0.3878688377853088,0.2645101605422901,17,Lignin,nutrition,tf192_mae_lr3e4_60
180,0.16309200054690343,0.12574502243602745,0.16689507603883244,0.08003919881318229,7708,0.1792652824521373,0.1391786446288363,0.1834840419179726,0.0743642057343473,1345,Linoleic acid (18:2n-6),nutrition,tf192_mae_lr3e4_60
181,0.2449417966045082,0.00011987444180806025,0.3288865564458342,0.07039617598388133,7134,0.3014765265433848,0.0001969349572926,0.381241188475486,0.1051732749460719,1277,Lutein + zeaxanthin,nutrition,tf192_mae_lr3e4_60
182,0.06320322306300691,0.0001744825416088226,0.5763007426356866,0.0020858389967549945,11469,0.0805251300964437,0.000233012829784,0.7132227919988955,0.0057089311637852,2090,Lycopene,nutrition,tf192_mae_lr3e4_60
183,0.049330810915053355,0.042013816699994246,0.049972142757373016,0.002685999561367783,8681,0.0524861459673045,0.0447047795690035,0.0531786303453448,0.0037289504407365,1571,Lysine,nutrition,tf192_mae_lr3e4_60
184,0.15899434613483757,0.010812932062520987,0.1603516259223693,0.08165548578003581,35492,0.1661599079308429,0.0113540065692752,0.1680602004085011,0.0556569389469958,6213,Magnesium,nutrition,tf192_mae_lr3e4_60
185,0.23380853680502373,0.10477434411017018,0.5064326963474188,0.028996959720128966,10771,0.2524304477721096,0.1088609153086816,0.502544481497224,0.0517942052120763,1924,Maltose,nutrition,tf192_mae_lr3e4_60
186,0.2750583720606344,0.0003856953198617218,0.2787606713861665,0.18940768863353438,18010,0.2836365625517711,0.000386600605285,0.2850260605415722,0.2674979445320306,3266,Manganese,nutrition,tf192_mae_lr3e4_60
188,0.04270960185302457,6.729372938465095e-07,0.04950565919397043,0.00036493688251573655,94,0.1539333882033489,1.3231126914626097e-06,0.1710370980037211,0.0,10,Menaquinone-4,nutrition,tf192_mae_lr3e4_60
189,0.05777432321787443,0.025112657611226916,0.05837308900532609,0.030643215593968657,8681,0.0592255316327984,0.0260315203459906,0.0602401683459724,0.0123447835469475,1570,Methionine,nutrition,tf192_mae_lr3e4_60
190,0.13529020943472986,5.191750325501511e-06,0.15695789003566848,0.05612984756081394,1011,0.2980404801925565,1.958043318763744e-05,0.3367026011745692,0.1071462578438689,190,Molybdenum,nutrition,tf192_mae_lr3e4_60
191,0.19443866724938422,0.0011109789056240264,0.2003034443334554,0.04405990739912586,30892,0.1965879583083676,0.0009870877666981,0.2024255946527945,0.0578281311261334,5427,Niacin,nutrition,tf192_mae_lr3e4_60
192,0.15870868118332956,0.0014496957383156573,0.16382896796850077,0.06687877592308614,6362,0.1642943656486834,0.0011858286991436,0.1714908959214241,0.0380695092775966,1168,Nicotinic acid,nutrition,tf192_mae_lr3e4_60
193,0.20752468716002867,0.15179856999904184,0.21207382494914015,0.10065389790537965,4923,0.2634969500103974,0.1940937605559489,0.2637813327910396,0.2553966275811359,914,Octadecadienoic acid (18:2; isomer unspecified),nutrition,tf192_mae_lr3e4_60
194,0.12566276713686364,0.08466669748264775,0.13241982088309817,0.023917477863003085,19517,0.1366246308381423,0.0921738827831625,0.1426804807534917,0.0359831615025771,3429,Octadecanoic acid (18:0),nutrition,tf192_mae_lr3e4_60
195,0.042407798155361644,0.002046922799865362,0.4612307430632714,0.0047266055707438845,3901,0.0634656206169188,0.0036068620605719,0.5574986591497813,0.0143644776434692,719,Octadecatetraenoic acid (18:4; isomer unspecified),nutrition,tf192_mae_lr3e4_60
196,0.2738246853480909,0.05383834899219979,0.27834288754993486,0.22453621847132513,4835,0.3420350597863988,0.065355529144612,0.3419422329983844,0.3430699530311536,899,Octadecatrienoic acid (18:3; isomer unspecified),nutrition,tf192_mae_lr3e4_60
197,0.1581713173197074,0.1885106826291722,0.1625528315363738,0.05862416098646066,4910,0.1914196999232209,0.2265190228219882,0.1960677973753256,0.07495165805191,912,Octadecenoic acid (18:1; cis/trans unspecified),nutrition,tf192_mae_lr3e4_60
198,0.1282028258942577,0.016734250286939846,0.316404106313929,0.012706758887049738,15315,0.1567853181914384,0.020262629087276,0.364394212913289,0.0300984745760333,2755,Octanoic acid (8:0),nutrition,tf192_mae_lr3e4_60
199,0.20214639343682592,0.00026870303450788225,0.20742128162373946,0.12272019698955941,16490,0.2074565233896415,0.0003095021703193,0.213491026959246,0.1210877119183294,2974,Pantothenic acid (vitamin B5),nutrition,tf192_mae_lr3e4_60
200,0.1371946648299093,0.006497562172455696,0.18006557893295802,0.05772751899168984,5999,0.178380628203643,0.0088749225233794,0.2202521736907083,0.0973458529061658,1081,Pentadecanoic acid (15:0),nutrition,tf192_mae_lr3e4_60
201,0.1009742844778799,0.0027838447482762896,1.3474502033141476,0.0001472210861044725,4236,0.1121373847319696,0.0028755797377962,1.5161758313299962,0.000283798869458,777,Pentadecenoic acid (15:1; isomer unspecified),nutrition,tf192_mae_lr3e4_60
202,0.03748786987776618,0.027018388226367283,0.03797511255495548,0.006563843162080082,8673,0.0398505461452276,0.0286564553466329,0.0404158747198587,0.0080981861540383,1573,Phenylalanine,nutrition,tf192_mae_lr3e4_60
203,0.13048320855181142,0.03436981139410074,0.13249946419050918,0.044319015828334404,31130,0.1276898110657118,0.0332551444266813,0.130753090234124,0.0128774330701898,5470,Phosphorus,nutrition,tf192_mae_lr3e4_60
204,0.07955679285374632,0.009398351497550096,0.12123571152547448,0.0027484998729901825,398,0.15098881521757,0.0148634037627642,0.2142662966973971,0.0750558374417773,66,Phytosterols,nutrition,tf192_mae_lr3e4_60
205,0.15736404231788859,0.06343792212505371,0.15853023035090172,0.07118814150012062,31399,0.1591669615153565,0.0644369161539294,0.1612581415273117,0.0429558385272665,5513,Potassium,nutrition,tf192_mae_lr3e4_60
206,0.061786497574731425,0.052647043426935276,0.0625740290464175,0.007208253050510103,8583,0.0613711054906284,0.0523990731123463,0.0622491133157633,0.0056907759133238,1546,Proline,nutrition,tf192_mae_lr3e4_60
207,0.08320182024176966,0.16782733732844116,0.08512450309422327,0.02487346206587393,26382,0.0821316531476351,0.1664072099029401,0.0841039519276875,0.0323631606810643,4633,"Protein, total",nutrition,tf192_mae_lr3e4_60
208,0.22723428269630352,8.678186063952801e-05,0.3959491804598584,0.03917012736946013,28747,0.2287066055122889,6.883871080476854e-05,0.4015570906688371,0.0474433247322619,5057,Retinol,nutrition,tf192_mae_lr3e4_60
209,0.19923961625250658,0.00010335606476232326,0.20528261045013177,0.06743785327292075,27092,0.1992606327415747,8.115544518019905e-05,0.2060058966764628,0.0564457316251515,4691,Riboflavin (vitamin B2),nutrition,tf192_mae_lr3e4_60
210,0.19571013526897332,7.0099339397110155e-06,0.2028372331637226,0.11476193237328194,24283,0.1992301425648075,5.731875873581285e-06,0.2067152740363188,0.106806569350258,4249,"Selenium, Se",nutrition,tf192_mae_lr3e4_60
211,0.039879131734567246,0.029474693519263673,0.04010088843644701,0.024305536723342316,8568,0.0407159405390096,0.0302149183727399,0.04123105456385,0.0051262442773124,1542,Serine,nutrition,tf192_mae_lr3e4_60
212,0.2422428339788001,0.07169358701886774,0.24530243243268113,0.11728442076310558,26623,0.2607061518846424,0.0777912438771616,0.2639902053947088,0.12135226716999,4705,Sodium,nutrition,tf192_mae_lr3e4_60
213,0.040096140356323494,0.04009614168477058,0.06348555556417886,0.0,76,0.1127562773444029,0.1127562740812252,0.1931487668628527,0.0055662913198032,14,Sorbitol,nutrition,tf192_mae_lr3e4_60
214,0.0997939227330939,0.29252329427705037,0.14465222701565045,0.02151788446831521,7534,0.1204579080981262,0.3302364261981295,0.1644345812809181,0.0365060700420281,1292,Starch,nutrition,tf192_mae_lr3e4_60
215,0.023682495313231244,0.009476554615528297,0.8985282020156532,8.933754248118186e-06,835,0.044301483741221,0.0148947397732166,0.8858565632508615,9.111135450536597e-06,140,Stearidonic acid,nutrition,tf192_mae_lr3e4_60
216,0.054131370721508726,0.0016936789746036806,0.09670769417351346,0.0063942807904731145,210,0.1973236104073827,0.0031742792964,0.2655993328562531,0.0835307396592654,48,Stigmasterol,nutrition,tf192_mae_lr3e4_60
217,0.25575911545023755,0.28401755049527205,0.33121753599039355,0.07061014656355254,5683,0.3191361682695934,0.3529594424941872,0.3957869433164316,0.1171148752012269,1021,Sucrose,nutrition,tf192_mae_lr3e4_60
218,0.20832692217989837,0.3291712546041753,0.2242782577058353,0.10110298586153928,18095,0.2224943834532617,0.3463443313319003,0.2355984091657046,0.1205472197348641,3185,"Sugars, total",nutrition,tf192_mae_lr3e4_60
219,0.029650375823092226,0.007801555520891833,0.029650375823092226,,93,0.4011222491624673,0.0996189168602095,0.4011222491624673,,20,Sulfur,nutrition,tf192_mae_lr3e4_60
220,0.1699622094154067,0.007010733668310529,0.23130943232143117,0.08648434122182819,4423,0.1985462405609233,0.0061411647365806,0.2648600376177399,0.1151431736743389,806,Tetracosanoic acid (24:0),nutrition,tf192_mae_lr3e4_60
221,0.16849554698074723,0.04834711620870708,0.19312560478000468,0.03744292482364005,18875,0.1963340069337165,0.0593340462858956,0.2246006538730365,0.0364876764849496,3308,Tetradecanoic acid (14:0),nutrition,tf192_mae_lr3e4_60
222,0.12139677295307805,0.008389384006571684,0.1860103443680597,0.031342118244729274,5438,0.1560877652052763,0.011383449082412,0.2339920531810845,0.0509314650447134,1002,Tetradecenoic acid (14:1; isomer unspecified),nutrition,tf192_mae_lr3e4_60
223,0.23215331193061137,9.072000544850884e-05,0.23911495424117044,0.10100025327243824,29067,0.2367288995173686,7.8289214066128e-05,0.2449915957080601,0.0960894068180317,5049,Thiamin (vitamin B1),nutrition,tf192_mae_lr3e4_60
224,0.04464778095487956,0.02984900860469464,0.0452063463432663,0.0027813684664803836,8656,0.04619792274749,0.0309538073148644,0.0467905030179855,0.0047711747464853,1560,Threonine,nutrition,tf192_mae_lr3e4_60
225,0.22161403712027392,3.803095127972938e-05,0.31208458091913754,0.07034431190688764,7747,0.2720841852423148,4.793814667309274e-05,0.3547680735860735,0.1211146423723722,1452,"Tocopherol, beta",nutrition,tf192_mae_lr3e4_60
226,0.23738852886965517,0.0001256071156585137,0.3606614059347767,0.0778413803005719,7687,0.2924923620517562,0.0001691442337917,0.4230862345644492,0.1188066079677056,1454,"Tocopherol, delta",nutrition,tf192_mae_lr3e4_60
227,0.32564472966738717,0.0006750098078384739,0.36966995746448283,0.1465716734770645,8262,0.4066609515193324,0.0008605500901739,0.4491996356487916,0.2285138775895086,1548,"Tocopherol, gamma",nutrition,tf192_mae_lr3e4_60
228,0.3454590331728334,7.33329661284043e-05,0.45195994703987624,0.12289339905003638,5437,0.4131742680220852,8.323217996302258e-05,0.5308389586484412,0.1825649603188544,1033,"Tocotrienol, alpha",nutrition,tf192_mae_lr3e4_60
229,0.06337875048277784,2.5937455664779315e-05,0.27876047442507984,0.006433475922339802,1186,0.1180160667817298,4.97206224122126e-05,0.4289952988345707,0.0471192470391133,237,"Tocotrienol, beta",nutrition,tf192_mae_lr3e4_60
230,0.057884798066942675,1.3039174476913637e-05,0.8834477169383819,5.7349371800390954e-05,1161,0.0328799600540903,4.552893345417309e-06,0.5942917608137004,4.494243842922658e-06,235,"Tocotrienol, delta",nutrition,tf192_mae_lr3e4_60
231,0.20774363859396813,6.996891559030959e-05,0.5476000405544603,0.008724468424169008,1167,0.3798595731842462,8.763250429812826e-05,0.7395922385323397,0.1451403872833625,233,"Tocotrienol, gamma",nutrition,tf192_mae_lr3e4_60
232,0.05774331438362403,0.00073954841263722,1.1331046422695206,7.409490709329554e-05,668,0.0556043832075336,0.0005990845311948,1.2102910218523788,9.06025034545215e-05,109,Tridecanoic acid (13:0),nutrition,tf192_mae_lr3e4_60
233,0.09424552555761269,0.02223270300758919,0.09488583230468231,0.07992461464820125,15731,0.0960946202807913,0.0224513806882121,0.0970966190951807,0.0772632416650947,2819,Tryptophan,nutrition,tf192_mae_lr3e4_60
234,0.049317721678119535,0.029277851564706265,0.05001168241667142,0.007484040417782586,8612,0.052121579402906,0.0311764342507341,0.0529240322735762,0.0086797164890307,1553,Tyrosine,nutrition,tf192_mae_lr3e4_60
235,0.04171803525759701,0.032258310212024,0.04225192403546594,0.002633605807161785,8661,0.0445107876168768,0.034448494897663,0.0451066564582218,0.0045357605649066,1566,Valine,nutrition,tf192_mae_lr3e4_60
236,0.17846815165097074,0.00026732389792633195,0.18533970353623277,0.09436856141343555,1774,0.2031432587269446,7.636243180711761e-05,0.2105879132925469,0.0793758765738078,282,Vitamin B6 - Pyridoxin,nutrition,tf192_mae_lr3e4_60
237,0.21873199459420606,8.617474770070267e-07,0.3835016513393739,0.07945717448779886,27304,0.2184576791715759,5.802733375765383e-07,0.3837306473641756,0.0881271238782295,4761,Vitamin D (D2 + D3),nutrition,tf192_mae_lr3e4_60
238,0.23418964094812283,1.6972766622974567e-07,1.186565276646317,1.3848396997759675e-05,6511,0.1809839524424601,1.1012052527490165e-07,1.005638047692621,1.3613939280181587e-05,1168,Vitamin D2 (ergocalciferol),nutrition,tf192_mae_lr3e4_60
239,0.06574978454862229,0.24663206684381767,0.06589463459523942,0.049887003642091865,30210,0.0658247712035138,0.2462416434801622,0.0659897089843345,0.0473198144870233,5247,Water,nutrition,tf192_mae_lr3e4_60
241,0.1861406082293019,0.0006936462702674082,0.18877455044924768,0.08297918094285557,31918,0.1879512347229255,0.000584989134745,0.1907338666221651,0.0872440138230241,5536,Zinc,nutrition,tf192_mae_lr3e4_60
242,0.1049317223633898,0.00449265998684399,0.2040483181667374,0.0035062541120440783,1216,0.187267775378629,0.0093427297515835,0.323658603408085,0.0418593719422669,250,"cis,cis-Eicosadienoic acid (20:2n-6)",nutrition,tf192_mae_lr3e4_60
243,0.07994574576628685,0.0010352387435152732,0.17104130794148956,0.005514005940206576,298,0.3802693871751761,0.0044021207908786,0.5531429328956484,0.1864414722764648,70,cis-Docosenoic acid (22:1 cis),nutrition,tf192_mae_lr3e4_60
244,0.06595495914115931,0.01744559413992615,0.06706686658096805,0.013556321040172428,385,0.0979342915045873,0.0201599508620255,0.0948247185227751,0.1624579308771897,87,cis-Hexadecenoic acid (16:1 cis),nutrition,tf192_mae_lr3e4_60
245,0.08884389738116605,0.12674905957030552,0.08894247282073098,0.05153309350584251,759,0.1548234764438602,0.2219030708563135,0.1548234764438602,,153,cis-Octadecenoic acid (18:1 cis),nutrition,tf192_mae_lr3e4_60
246,0.11537590160688835,0.0026933973797530243,0.2418559115857669,0.032869228430702356,461,0.2449006342022963,0.0032543502082935,0.4605141655861435,0.1129580254450167,108,cis-Tetracosenoic acid (24:1 cis),nutrition,tf192_mae_lr3e4_60
247,0.07298200952217992,0.006847442965170454,0.0689809336988714,0.20661794202068426,172,0.2378398298624861,0.0195373839898415,0.1334004010829118,1.2300144032684424,21,"trans,trans-Linoleic acid (18:2 trans,trans)",nutrition,tf192_mae_lr3e4_60
248,0.13443832860367566,0.0002850986211454301,0.9705616290065896,0.0001387311296324982,224,0.0759863481443576,0.0001176491681547,0.7741187636668266,0.0001023899353936,51,trans-Docosenoic acid (22:1 trans),nutrition,tf192_mae_lr3e4_60
249,0.06361817894342117,0.0019180716131674816,0.0938333915295128,0.004433741919117972,287,0.0999476510035534,0.002623337463464,0.145844520614168,0.0015972161236651,66,trans-Hexadecenoic acid (16:1 trans),nutrition,tf192_mae_lr3e4_60
250,0.08922901459530082,0.011225356021631624,0.09657994743848095,0.02622101879661397,335,0.2252559954461105,0.0257562850173775,0.240926029895852,0.0450505992740832,75,trans-Linoleic acid (18:2; isomer unspecified),nutrition,tf192_mae_lr3e4_60
251,0.11869133874364136,0.055899226152554125,0.12298821005643906,0.0843163682412597,774,0.2519483236501782,0.1310239792688795,0.2534978399537236,0.2431228177473758,154,trans-Octadecenoic acid (18:1 trans),nutrition,tf192_mae_lr3e4_60
