axis_index,scaled_log_mae_neural,log_mae_neural,positive_scaled_log_mae_neural,zero_scaled_log_mae_neural,scaled_log_mae_tree,log_mae_tree,positive_scaled_log_mae_tree,zero_scaled_log_mae_tree,target_axis_id,canonical_name,mask_family,loss_group,pretraining_regression_eligible,foundation_external_test_eligible,train_profile_count,train_positive_profile_count,loss_eligible,training_role,median_log1p,positive_median_baseline_log_rmse,scale_log1p,research_scale,positive_train_candidate_support,training_candidates,support_bin,scale_bin,primary_gap
2,0.3962359346581424,0.18355273388430596,0.3962359346581424,,0.4409610683837455,0.20631828798071217,0.4409610683837455,,food_prediction_axis:6a3c9ec16f541678,Acetic acid,organic_acid,food_metabolome,True,False,54,51,True,masked_loss_target,0.1823215567939546,0.4324351143804166,0.4324351143804166,0.2,51,54,below_100,at_least_1mg_typical,-0.044725133725603106
7,0.39223957420953054,0.001790351595357873,1.1446874533131022,0.000966677075673317,0.668335469292101,0.001848034576952627,1.3393420845662845,0.31941202934952556,food_prediction_axis:501ea9490a9ed00b,Apigenin,flavonoid,food_metabolome,True,False,229,73,True,masked_loss_target,0.0002599660059614,0.1921380409788516,0.1921380409788516,0.000229999999,67,217,100_to_999,below_1mg_typical,-0.27609589508257043
9,0.6093706695741937,0.0008618276898855888,0.6093706695741937,,1.2883954106336486,0.0014422034928123302,1.2883954106336486,,food_prediction_axis:4edb97337b1bf3e6,Benzoic acid,organic_acid,food_metabolome,True,False,80,75,True,masked_loss_target,4.499898753037397e-05,0.0429506584154275,0.0429506584154275,4.5e-05,68,73,below_100,below_1mg_typical,-0.6790247410594549
11,0.49542230737433984,0.0019180162203098104,0.4891665073375256,0.5642361077792972,0.5498977004830148,0.002115727663026946,0.5407823803953534,0.650166221447289,food_prediction_axis:3ac3a6d5c1a3335c,Cadaverine,nitrogenous_metabolite,food_metabolome,True,False,67,66,True,masked_loss_target,0.0008396473974436,0.0168094256994462,0.0168094256994462,0.00084,66,67,below_100,below_1mg_typical,-0.05447539310867494
12,1.2601375761503777,0.07017454060189718,1.2612083248649877,1.251214670195296,1.1012244636803898,0.07065322882955427,1.1036868140761633,1.0807048770489442,food_prediction_axis:b98233cce51e93ea,Caffeic acid,phenolic_acid,food_metabolome,True,False,148,126,True,masked_loss_target,0.0010823306210802,0.1146273846250865,0.1146273846250865,0.0010521999955,124,146,100_to_999,at_least_1mg_typical,0.15891311246998785
13,0.07623553530458765,0.0025880071134836854,0.8933247590567475,5.779985395911416e-05,0.05715978613012169,0.001956562267530043,0.36360924880748346,0.02901702358211157,food_prediction_axis:dad8083f361f7eca,Caffeine,alkaloid_or_bioactive,food_metabolome,True,False,12354,1060,True,masked_loss_target,0.0079681696491768,0.2168927508708323,0.2168927508708323,0.008,916,10892,at_least_1000,at_least_1mg_typical,0.019075749174465965
15,0.703963561116367,0.010018798339050432,0.7864567738434848,0.5114793980864256,0.6646454678617395,0.009971411084532165,0.6680883879208285,0.6566119877238654,food_prediction_axis:8180300f78732a9c,Catechin,flavonoid,food_metabolome,True,False,110,69,True,masked_loss_target,0.0012723616458579,0.0770285578324934,0.0770285578324934,0.00127920001,68,109,100_to_999,at_least_1mg_typical,0.03931809325462754
16,0.15321256588872423,0.01029783363210585,0.1557349366566009,0.028775608006809315,0.1286699168155533,0.008533038605289459,0.13009485367174922,0.05837303190988799,food_prediction_axis:271a89e9bde1294b,Choline,nitrogenous_metabolite,food_metabolome,True,False,4304,4213,True,masked_loss_target,0.0222506089348197,0.0585044846358102,0.0585044846358102,0.023,4168,4256,at_least_1000,at_least_1mg_typical,0.02454264907317094
18,0.2586604143509695,0.11616977422923681,0.2586604143509695,,0.2812280094304508,0.12303770701141098,0.2812280094304508,,food_prediction_axis:066c64ff04f7f6c7,Citric acid,organic_acid,food_metabolome,True,False,298,297,True,masked_loss_target,0.2151113796169455,0.3786507202330965,0.3786507202330965,0.24,297,298,100_to_999,at_least_1mg_typical,-0.022567595079481306
21,0.8195020848648523,0.009646241603825908,0.7370317275644203,0.9349605850854573,1.0449236720124784,0.00836266661357996,1.266340891402145,0.7349395648669452,food_prediction_axis:fe3b01a098aa9746,Cyanidin,anthocyanin,food_metabolome,True,False,90,58,True,masked_loss_target,0.0056142107844683,0.101662447040327,0.101662447040327,0.00271,58,90,below_100,at_least_1mg_typical,-0.22542158714762606
22,0.6647677927235948,0.004621818277345656,0.8820082117479753,0.08546000865858012,0.6645484689711775,0.003601630116541846,0.6777730955606635,0.6292827980658816,food_prediction_axis:c45e904a81c77333,Daidzein,isoflavone,food_metabolome,True,False,47,45,True,masked_loss_target,0.0027960873020012,0.01465620603263,0.01465620603263,0.0014945833409999,44,46,below_100,at_least_1mg_typical,0.00021932375241728863
24,0.6922170840441515,0.004404424190032516,1.5822000140062387,8.138518083597267e-06,0.7542831016461143,0.0038717088600439013,1.1425854993288298,0.45227012567066904,food_prediction_axis:b23857d4231bb5e4,Delphinidin,anthocyanin,food_metabolome,True,False,56,32,True,masked_loss_target,0.000899595242836,0.0276366275589873,0.0276366275589873,0.0009,31,56,below_100,below_1mg_typical,-0.06206601760196284
25,2.166267387489567,0.120081090655355,2.166267387489567,,2.2121593911365873,0.12125776423285697,2.2121593911365873,,food_prediction_axis:0736944caeb4c10d,Ellagic acid,phenolic_acid,food_metabolome,True,False,32,20,True,masked_loss_target,0.0030054790198281,0.0551269244631229,0.0551269244631229,0.0013243999479999,20,32,below_100,at_least_1mg_typical,-0.045892003647020285
26,0.4092106220779496,0.0008916456544752107,1.371499297615655,0.024295151862867456,0.49687911111924743,0.0009378873205850493,1.0358347437058406,0.28129685808461014,food_prediction_axis:4602a672e43cf97a,Epigallocatechin,flavonoid,food_metabolome,True,False,142,46,True,masked_loss_target,0.0010694279580202,0.2117914389205338,0.2117914389205338,0.00046,40,133,100_to_999,below_1mg_typical,-0.08766848904129781
28,0.45264780323861115,0.008707021872274519,0.4888637212448869,0.01805678716330266,0.5531009183994683,0.007820579211709235,0.5727191465040626,0.31768218114433694,food_prediction_axis:b6b442e1cf3a1a18,Ferulic acid,phenolic_acid,food_metabolome,True,False,135,113,True,masked_loss_target,0.0022574500312377,0.0223026234529593,0.0223026234529593,0.002316666568,113,135,100_to_999,at_least_1mg_typical,-0.10045311516085714
33,1.7287067753167318,0.22110850762716253,2.1845943111756845,0.019128515845660096,1.6357072287102579,0.22058744199590377,1.986395879217201,0.3206247893092223,food_prediction_axis:ea2a96ffe2b856b7,Gallic acid,phenolic_acid,food_metabolome,True,False,90,61,True,masked_loss_target,0.0006997551022816,0.0916921328968424,0.0916921328968424,0.00100333333,61,89,below_100,at_least_1mg_typical,0.09299954660647392
35,1.2495382542853561,0.010191409984648925,1.285049922603665,0.32623487800933415,1.2831077272757512,0.009300628865349058,1.2664289778528106,1.7167552122722072,food_prediction_axis:2c10f4b7238515c9,Genistein,isoflavone,food_metabolome,True,False,91,88,True,masked_loss_target,0.0012300708855535,0.0245166844306741,0.0245166844306741,0.00015,86,89,below_100,below_1mg_typical,-0.03356947299039503
43,0.4111439728819715,0.0012470199864240807,0.9711895774599828,0.10566455220305632,0.5265102817740713,0.0013477756934082716,0.8102401384441756,0.37174854177219624,food_prediction_axis:dfdd1b4efd7bd4ce,Glycitein,isoflavone,food_metabolome,True,False,64,39,True,masked_loss_target,0.001443955484005,0.0058541427639293,0.0058541427639293,0.00087241667,36,64,below_100,below_1mg_typical,-0.11536630889209981
47,0.5517378244429714,0.0012592067222171775,0.5672619485784547,0.0394417279720205,0.5505197234047288,0.0011874736762022603,0.565072262030415,0.0702859487570822,food_prediction_axis:dae164fa01244567,Histamine,nitrogenous_metabolite,food_metabolome,True,False,198,192,True,masked_loss_target,0.0001999800026662,0.0028437377684653,0.0028437377684653,0.00023,182,188,100_to_999,below_1mg_typical,0.0012181010382426027
50,0.6627223689196076,0.004859423264095713,1.7621610163989618,0.003059180431994859,0.7958626143465413,0.005041470938806622,1.1408725681912342,0.5888566420397255,food_prediction_axis:5ee784ad39333126,Isorhamnetin,flavonoid,food_metabolome,True,False,96,42,True,masked_loss_target,0.0006747719778852,0.040276206585727,0.040276206585727,0.000754999995,41,95,below_100,below_1mg_typical,-0.1331402454269337
51,0.6291684547145869,0.002168882580485124,0.9297548968943902,0.2707769275002062,0.7485966807182138,0.0021845446066923093,0.8753669612484153,0.5974475000860504,food_prediction_axis:c3eb967a4e67d627,Kaempferol,flavonoid,food_metabolome,True,False,288,160,True,masked_loss_target,0.0005535966401204,0.0209981248560085,0.0209981248560085,0.00061105883,154,281,100_to_999,below_1mg_typical,-0.1194282260036269
52,0.1787030774951608,0.1470739375777691,0.1787030774951608,,0.18741032953352377,0.15378839173965647,0.18741032953352377,,food_prediction_axis:45338c9ce53869cd,Lactic acid,organic_acid,food_metabolome,True,False,75,71,True,masked_loss_target,0.5306282510621704,0.3016466547452231,0.3016466547452231,0.7,71,74,below_100,at_least_1mg_typical,-0.008707252038362978
53,0.8358621754385178,0.00017628472635845303,0.8358621754385178,,0.871386171507081,0.00018375195301914137,0.871386171507081,,food_prediction_axis:99f28c90945c2705,Lariciresinol,lignan,food_metabolome,True,False,28,25,True,masked_loss_target,3.874924445722365e-05,0.0030045266119597,0.0030045266119597,4.1500000000000006e-05,25,28,below_100,below_1mg_typical,-0.03552399606856316
54,0.6620870026983675,0.0010443102073525656,0.6620870026983675,,0.5213578225025277,0.0008837921512191143,0.5213578225025277,,food_prediction_axis:e8a04298e30402cc,Lutein,carotenoid,food_metabolome,True,False,70,70,True,masked_loss_target,0.0003574359590855,0.0356806801397158,0.0356806801397158,0.000383,70,70,below_100,below_1mg_typical,0.1407291801958398
55,0.42007455667533117,0.0052204922016128525,0.9810432717773927,0.0317116000662116,0.8435466901474924,0.005820920394260422,1.1926390236810154,0.6018673823165916,food_prediction_axis:067ea3cd8089a45e,Luteolin,flavonoid,food_metabolome,True,False,238,113,True,masked_loss_target,0.0005298591500825,0.0718276385653628,0.0718276385653628,0.000415,108,230,100_to_999,below_1mg_typical,-0.4234721334721612
56,0.30634185843417705,0.12306093059332965,0.30634185843417705,,0.2429255797004944,0.10135135479800618,0.2429255797004944,,food_prediction_axis:76f019e0061f608f,Malic acid,organic_acid,food_metabolome,True,False,301,300,True,masked_loss_target,0.1823215567939546,0.2382700983384881,0.2382700983384881,0.2,296,296,100_to_999,at_least_1mg_typical,0.06341627873368266
58,1.507591728417402,0.00013588326509364612,1.8828702981672478,0.006477449418018948,1.928863010182381,0.0001489216550281758,1.6312013564057337,3.1195096252889685,food_prediction_axis:3454d15f9b928167,Matairesinol,lignan,food_metabolome,True,False,34,20,True,masked_loss_target,2.999995500009e-06,0.0077071340731551,0.0077071340731551,3e-06,19,33,below_100,below_1mg_typical,-0.42127128176497886
61,0.5961160819924697,0.0014101698286576173,0.8343773544850772,0.28978016021625985,0.5050722477195766,0.0010290124646539,0.6000557418964254,0.3829506123493425,food_prediction_axis:e26e85e3f0cd3772,Myricetin,flavonoid,food_metabolome,True,False,235,108,True,masked_loss_target,0.0004498987803647,0.0059207634348483,0.0059207634348483,0.000535,104,228,100_to_999,below_1mg_typical,0.09104383427289309
62,0.39229887526955665,0.01679113196513697,0.8825142084268658,0.106339930927793,0.553267199757801,0.019269509398861913,0.9422597030761732,0.32635490615541735,food_prediction_axis:1a0d34fc5592049b,Naringenin,flavonoid,food_metabolome,True,False,89,20,True,masked_loss_target,0.0032845997912162,0.3290764519940238,0.3290764519940238,0.003400000095,19,88,below_100,at_least_1mg_typical,-0.16096832448824439
65,2.17615559991601,0.2935188306592375,2.17615559991601,,0.32296027491220225,0.03451018357789769,0.32296027491220225,,food_prediction_axis:673c82da07e24644,Oxalic acid,organic_acid,food_metabolome,True,False,20,20,True,masked_loss_target,0.000329945561976,0.187647300845265,0.187647300845265,0.00033,20,20,below_100,below_1mg_typical,1.8531953250038076
66,0.3053501089284181,0.000137771477457964,0.8295149336191255,0.09568417905213514,0.7092533499875682,0.0001812147378369103,0.7047535882780014,0.7110532546713948,food_prediction_axis:93c1040fc00f51fd,Pelargonidin,anthocyanin,food_metabolome,True,False,52,27,True,masked_loss_target,4.999875004166511e-05,0.0102676276598718,0.0102676276598718,2e-05,26,52,below_100,below_1mg_typical,-0.4039032410591501
67,0.24032066459242224,0.0008077021213919945,0.7151983027916188,0.029263936503890437,0.5095388969040237,0.0012909798396539536,1.0569365126304948,0.2662510676922587,food_prediction_axis:d7f4b968cac8ae83,Peonidin,anthocyanin,food_metabolome,True,False,50,25,True,masked_loss_target,0.0010744224890068,0.0060840744013927,0.0060840744013927,0.00077,24,50,below_100,below_1mg_typical,-0.2692182323116014
72,1.049178810917947,0.00011270990132145296,1.049178810917947,,0.6658068273868556,5.580345252277048e-05,0.6658068273868556,,food_prediction_axis:6652104fca59c3b0,Pinoresinol,lignan,food_metabolome,True,False,28,24,True,masked_loss_target,3.749929689257763e-05,0.0066283514392353,0.0066283514392353,3.7e-05,24,28,below_100,below_1mg_typical,0.38337198353109136
77,0.21116005989255648,0.001689063985085885,0.21116005989255648,,0.5073526787607979,0.0028413063950899634,0.5073526787607979,,food_prediction_axis:ff8206d2720b685b,Putrescine,nitrogenous_metabolite,food_metabolome,True,False,88,88,True,masked_loss_target,0.0004498987803647,0.0257774766359032,0.0257774766359032,0.00035,84,84,below_100,below_1mg_typical,-0.29619261886824144
79,0.6335330062600839,0.006194645480294529,0.7139469950613704,0.3781003359501153,0.7333407842659648,0.004760324960120107,0.7496201620439471,0.6816298195594328,food_prediction_axis:54cad5c854e9bd3b,Quercetin,flavonoid,food_metabolome,True,False,341,251,True,masked_loss_target,0.0012991556836823,0.1463165639331468,0.1463165639331468,0.00165,240,327,100_to_999,at_least_1mg_typical,-0.09980777800588092
82,0.4551782883021384,0.3968192706862605,0.6827674324532076,0.0,0.2986050479866735,0.25979965960037976,0.3803436045453208,0.13512793486937885,food_prediction_axis:62a647afc66a3a0d,Rosmarinic acid,phenolic_acid,food_metabolome,True,False,34,25,True,masked_loss_target,0.5596157879354227,0.4807806388283265,0.4807806388283265,0.75,21,30,below_100,at_least_1mg_typical,0.15657324031546493
83,1.1205537933271763,0.00011623206080491973,1.1205537933271763,,0.8604994169684762,0.00010304410899843042,0.8604994169684762,,food_prediction_axis:a0ff73d2ec6769f7,Secoisolariciresinol,lignan,food_metabolome,True,False,32,26,True,masked_loss_target,2.789960980226696e-05,0.0398951255145457,0.0398951255145457,2.53e-05,26,32,below_100,below_1mg_typical,0.2600543763587001
88,0.12569990768202335,0.00041220991338167636,0.12388547308991023,0.1438442536031546,0.22195634466268876,0.0007536183686767203,0.209582367524574,0.34569611604383677,food_prediction_axis:04332fe77aefdbb0,Spermine,nitrogenous_metabolite,food_metabolome,True,False,51,50,True,masked_loss_target,0.0025766775134498,0.0017388245628107,0.0017388245628107,0.00258,50,51,below_100,at_least_1mg_typical,-0.09625643698066541
90,1.0902664232792016,0.00742094913242202,0.9820890034730917,1.4508578226329016,1.071125856189634,0.007117586646545807,0.99040001705145,1.340211986650247,food_prediction_axis:2fd61e83548d37f7,Syringic acid,phenolic_acid,food_metabolome,True,False,79,56,True,masked_loss_target,0.0006014855032397,0.0072559849772918,0.0072559849772918,0.0004493749885,56,79,below_100,below_1mg_typical,0.019140567089567684
91,0.2749056241735011,0.12566318161961823,0.2749056241735011,,0.5105099938864471,0.2234641503591906,0.5105099938864471,,food_prediction_axis:6010725a40ae5542,Tartaric acid,organic_acid,food_metabolome,True,False,25,24,True,masked_loss_target,0.1823215567939546,0.8498354384288921,0.8498354384288921,0.2,23,24,below_100,at_least_1mg_typical,-0.23560436971294602
92,0.19405348070170275,0.0007074421068995917,0.19405348070170275,,0.5198297627585923,0.0009053357194162054,0.5198297627585923,,food_prediction_axis:6f0b89a2c6850cbc,Taurine,nitrogenous_metabolite,food_metabolome,True,False,27,27,True,masked_loss_target,0.0011293620305584,0.0860235335127622,0.0860235335127622,0.00063,23,23,below_100,below_1mg_typical,-0.3257762820568895
93,0.035485826504925724,0.005698688127275898,0.4751771913210706,0.008111102414443978,0.03187153665238992,0.004089210305924134,0.24939136874575552,0.018328979612968258,food_prediction_axis:1834f4b1ee757b64,Theobromine,alkaloid_or_bioactive,food_metabolome,True,False,12185,766,True,masked_loss_target,0.0676586484738148,0.1738247420044652,0.1738247420044652,0.068,621,10738,at_least_1000,at_least_1mg_typical,0.0036142898525358055
96,0.2078494405120867,0.0018970020165707858,0.2250585177521797,0.10459497707152908,0.20815414038416846,0.0010287090751938093,0.21797983606587742,0.14919996629391488,food_prediction_axis:3446908210302e94,Tyramine,nitrogenous_metabolite,food_metabolome,True,False,120,109,True,masked_loss_target,0.0022774047440404,0.0168050203552961,0.0168050203552961,0.00228,109,120,100_to_999,at_least_1mg_typical,-0.0003046998720817595
98,0.2599795536852111,0.00039361088047034135,0.22835369591207444,0.4022959136643262,0.4235040540564856,0.0006679033565592191,0.2938547519691765,1.0069259134493767,food_prediction_axis:ec94ae6c01905ccb,Vanillic acid,phenolic_acid,food_metabolome,True,False,83,65,True,masked_loss_target,0.00057593409602,0.0112340211826264,0.0112340211826264,0.000527395012,64,82,below_100,below_1mg_typical,-0.16352450037127453
103,0.5903796121404307,0.004810625195716985,0.6879084048062983,0.005206856145225501,0.6439527160405131,0.004937200167671203,0.693748645527231,0.3451771391202056,food_prediction_axis:910f5373ed4004af,p-Coumaric acid,phenolic_acid,food_metabolome,True,False,145,115,True,masked_loss_target,0.0013590760226513,0.0075119580837202,0.0075119580837202,0.001299999952,113,143,100_to_999,at_least_1mg_typical,-0.05357310390008241
104,0.054021377221799505,0.04210124898800782,0.05470515693379874,0.006623010821852687,0.03668352899892737,0.028315214151795047,0.036763951404902996,0.031108794039252895,food_prediction_axis:747d6ce570bcf412,Alanine,amino_acid,nutrition,True,True,8951,8833,True,masked_loss_target,0.4818086746954981,0.3574930823753414,0.3574930823753414,0.62,8462,8576,at_least_1000,at_least_1mg_typical,0.017337848222872133
105,0.15786950858993087,0.014615353523998882,0.24623480125323682,0.05152216396975619,0.14120773161350247,0.012747939311436718,0.20096409987319855,0.06908899072720101,food_prediction_axis:443efd9b7b247709,Arachidonic acid (20:4n-6),fatty_acid,nutrition,True,False,7558,3773,True,masked_loss_target,0.0392207131532812,0.0801852236733987,0.0801852236733987,0.04,3669,6814,at_least_1000,at_least_1mg_typical,0.0166617769764284
106,0.0770643269607482,0.06351012613864156,0.07708932359213809,0.07834224516402476,0.05609056780004528,0.045588772382596246,0.054574464520562596,0.09847335973363504,food_prediction_axis:46cb80035c0639e8,Arginine,amino_acid,nutrition,True,True,13955,13428,True,masked_loss_target,0.5007752879124893,0.4005853606140026,0.4005853606140026,0.689,9224,9593,at_least_1000,at_least_1mg_typical,0.020973759160702925
107,0.35049166330222004,0.008379712017782027,0.4994160663435461,0.09967161607472352,0.39101773080504143,0.00823962429285198,0.42437757216563493,0.33483273482930503,food_prediction_axis:4496b274698a3c7a,Ascorbic acid (vitamin C),vitamin,nutrition,True,False,587,360,True,masked_loss_target,0.0059820716775474,0.0537795729945329,0.0537795729945329,0.006,360,586,100_to_999,at_least_1mg_typical,-0.040526067502821395
108,0.10552983969601334,0.11001712416003852,0.10663119863595709,0.030836172852039788,0.07538447541304612,0.07858666351154085,0.0755315380004184,0.07208171211100331,food_prediction_axis:3d958def4a1ffe9c,Ash,food_matrix,nutrition,True,True,25711,25331,True,masked_loss_target,0.6931471805599453,0.5868075390002809,0.5868075390002809,1.1,19995,20257,at_least_1000,at_least_1mg_typical,0.030145364282967227
109,0.05593430666853177,0.05822245618541276,0.055890995105330014,0.05918050833050344,0.03860479633772411,0.040200360053183413,0.03840807694320901,0.05334891495663032,food_prediction_axis:7526bedc2a8b1705,Aspartic acid,amino_acid,nutrition,True,True,8807,8695,True,masked_loss_target,0.7333289701927772,0.4525836514874032,0.4525836514874032,1.08,8324,8432,at_least_1000,at_least_1mg_typical,0.01732951033080766
110,0.1042812719022952,0.24323165094857366,0.11291384592003685,0.010941565335463527,0.1015024685495499,0.26355125729290096,0.10513607102780677,0.06221414175339731,food_prediction_axis:1b65cca4d64b4c30,Available carbohydrate,macronutrient,nutrition,True,False,4228,3845,True,masked_loss_target,2.4595888418037104,1.2797679149626024,1.2797679149626024,10.7,3827,4210,at_least_1000,at_least_1mg_typical,0.0027788033527453015
111,0.14085363396501666,0.024156695311367295,0.18985688159808947,0.02184574685612552,0.13952202100448105,0.021985975254198608,0.17016465091958127,0.06510420549638053,food_prediction_axis:d26eab04b38dcbfe,Beta-sitosterol,sterol,nutrition,True,False,300,219,True,masked_loss_target,0.0751074724868054,0.0861289339765667,0.0861289339765667,0.078,147,207,100_to_999,at_least_1mg_typical,0.0013316129605356053
112,0.21186668053328755,0.0074963294644336586,0.2080629316315067,0.3051048182467698,0.18646153350461944,0.006623597555592527,0.17917906957885396,0.37368934736626414,food_prediction_axis:923dca298916b0da,Betaine,amino_acid,nutrition,True,False,4003,3875,True,masked_loss_target,0.0062802379571504,0.0319473025385327,0.0319473025385327,0.0066,2668,2764,at_least_1000,at_least_1mg_typical,0.025405147028668112
113,0.4072329143306503,9.476781574501464e-05,0.4122912003745012,0.36059507875197533,0.32285526808545856,7.847479818294027e-05,0.29116597902620195,0.6188244452212448,food_prediction_axis:1d9bfa273f4a62c3,Biotin,vitamin,nutrition,True,True,10890,9347,True,masked_loss_target,2.999995500009e-06,0.0051148651533927,0.0051148651533927,2.8e-06,8787,9884,at_least_1000,below_1mg_typical,0.08437764624519173
114,0.11031498409183307,0.014803362415404047,0.2595340882583612,0.030599952285687168,0.10478470965549004,0.013725766835177358,0.20449671432891722,0.05144622377764323,food_prediction_axis:3a06ca8cdc883ea2,Butyric acid (4:0),fatty_acid,nutrition,True,True,13116,4484,True,masked_loss_target,0.0421011760186353,0.2089209949155311,0.2089209949155311,0.041,4370,12666,at_least_1000,at_least_1mg_typical,0.005530274436343033
115,0.3291739202466226,0.03365461440439827,0.3303913875605573,0.28698700172486824,0.25732789846163445,0.026822603577454807,0.25539558944337093,0.3869448131176212,food_prediction_axis:29f5fc0ce43fccc9,Calcium,mineral,nutrition,True,True,58958,57846,True,masked_loss_target,0.0266419309464211,0.1411405003709638,0.1411405003709638,0.026,38436,39116,at_least_1000,at_least_1mg_typical,0.07184602178498817
116,0.16872926231233293,0.006219817195375171,0.20143915775142648,0.05424462827550554,0.3036730154294578,0.008896748392581241,0.3154375182333343,0.26249725561589005,food_prediction_axis:6928d81895afb5c0,Campesterol,sterol,nutrition,True,False,263,224,True,masked_loss_target,0.0069756137364252,0.0351468523344866,0.0351468523344866,0.007,143,171,100_to_999,at_least_1mg_typical,-0.13494375311712486
117,0.2757978951056372,4.8663586657513196e-05,1.227652288915671,0.0009230942352646611,0.2631620141431678,4.3588869716074315e-05,0.6834275498967727,0.1415538640650186,food_prediction_axis:0c039eccef2ef3e2,"Carotene, alpha",vitamin,nutrition,True,True,15924,3414,True,masked_loss_target,1.4999887501124988e-05,0.0007659330248023,0.0007659330248023,1.4e-05,2900,13702,at_least_1000,below_1mg_typical,0.01263588096246937
118,0.4575062137423438,0.0003561658790343737,0.6904062557468439,0.1065336980332839,0.41352835867757354,0.00031993129253431705,0.5326508018420915,0.23638584598821516,food_prediction_axis:eb7f7ed477ad55c4,"Carotene, beta",vitamin,nutrition,True,True,24902,15060,True,masked_loss_target,4.099915952297296e-05,0.0297494654330788,0.0297494654330788,3.9e-05,12505,20968,at_least_1000,below_1mg_typical,0.043977855064770255
119,0.5365707850913286,0.49587464063927206,0.5302546279743088,0.5776258063519581,0.44438624884993266,0.41525924933092473,0.41624024771223195,0.6273352562449872,food_prediction_axis:4adffa683517f837,Cellulose,dietary_fibre,nutrition,True,False,74,73,True,masked_loss_target,0.5596157879354227,0.790992775310803,0.790992775310803,0.76,68,69,below_100,at_least_1mg_typical,0.09218453624139594
120,0.19959071355685234,0.08828657863137618,0.19959071355685234,,0.21568334423890767,0.09773627311164916,0.21568334423890767,,food_prediction_axis:2b5a7394ca0aebde,Chloride,mineral,nutrition,True,False,1892,1874,True,masked_loss_target,0.1773090149704103,0.4616759519365561,0.4616759519365561,0.2,1856,1874,at_least_1000,at_least_1mg_typical,-0.016092630682055326
121,0.2845534828051124,6.104253428518532e-07,0.44298572008180426,0.07838173032252986,0.26428255024041386,6.060690312488182e-07,0.34194908395928586,0.16321318682479566,food_prediction_axis:f75602ff0097ca2b,Cholecalciferol (vitamin D3),vitamin,nutrition,True,True,3891,2144,True,masked_loss_target,2.299999735500041e-07,1.302216702896567e-05,0.0001,2.3e-07,2135,3865,at_least_1000,below_1mg_typical,0.02027093256469853
122,0.131696357191676,0.030430606316725617,0.21520759179351012,0.010605809433819889,0.07163288398862734,0.012981764268090867,0.09947872784884595,0.032463143888751496,food_prediction_axis:990ea6aa8d11425d,Cholesterol,sterol,nutrition,True,True,27859,16872,True,masked_loss_target,0.0563803334361076,0.5304615018449219,0.5304615018449219,0.055,13714,22719,at_least_1000,at_least_1mg_typical,0.06006347320304865
123,0.13342117092446418,0.007950214086050395,0.13560025392010472,0.06044170041592124,0.07783232053248432,0.004442020439850345,0.07854809136911853,0.05386050451284444,food_prediction_axis:545fec292f0969ee,"Choline, total",vitamin,nutrition,True,True,10931,10642,True,masked_loss_target,0.0217614917815126,0.0484037247904964,0.0484037247904964,0.0223,10261,10549,at_least_1000,at_least_1mg_typical,0.05558885039197986
124,0.3962166689146799,5.2378119252731624e-05,0.4980861049133488,0.12672559892710367,0.40513285639420865,3.928117076459654e-05,0.44372304588745626,0.30282569457665026,food_prediction_axis:e8a1f6444c338720,Chromium,mineral,nutrition,True,False,2588,1887,True,masked_loss_target,2.999995500009e-06,0.0054142272161886,0.0054142272161886,3.4e-06,1098,1560,at_least_1000,below_1mg_typical,-0.00891618747952877
125,0.1832825297546781,7.538584964533022e-07,0.28125258090757665,0.028575324159816305,0.14053027871444213,5.419321581699456e-07,0.1864226058002314,0.06792959951578378,food_prediction_axis:3c8b88dbaa8b3496,Cobalamin (vitamin B12),vitamin,nutrition,True,True,38481,22630,True,masked_loss_target,8.099996719501772e-07,9.22673761545472e-06,0.0001,6.800000000000001e-07,15929,25560,at_least_1000,below_1mg_typical,0.04275225104023597
126,0.1216637788927574,0.011140531346143847,0.133205687727101,0.038946765579961566,0.16632748876743286,0.016731058362925627,0.15736723940957384,0.2305426091654226,food_prediction_axis:a0ecc568c0361a2b,Conjugated linoleic acids (18:2 CLA isomers),fatty_acid,nutrition,True,False,469,413,True,masked_loss_target,0.0276151670329733,0.1468800506290677,0.1468800506290677,0.028,413,469,100_to_999,at_least_1mg_typical,-0.04466370987467547
127,0.25985583904626286,0.00012732503596333823,0.2621800071174383,0.20215228369079744,0.19718106170623256,9.977328853448605e-05,0.19583135144681632,0.2524358534670048,food_prediction_axis:1ea7c245ec0584d6,Copper,mineral,nutrition,True,True,47025,45617,True,masked_loss_target,9.09958597511732e-05,0.0117167060989582,0.0117167060989582,8.999999999999999e-05,27822,28684,at_least_1000,below_1mg_typical,0.0626747773400303
128,0.25962368202728037,1.9566269807439525e-05,1.0787660452560166,0.005281630135767171,0.265318381435943,1.913018690103532e-05,0.6387409525151538,0.15021305365923637,food_prediction_axis:ea0dd8064519e6a1,"Cryptoxanthin, beta",vitamin,nutrition,True,True,15474,3600,True,masked_loss_target,5.999982000072e-06,0.0002542540653955,0.0002542540653955,6e-06,3057,13291,at_least_1000,below_1mg_typical,-0.005694699408662629
129,0.07531927639336979,0.022940972711802357,0.07630515598077794,0.02040213196885578,0.051648884832294906,0.015610672677960985,0.051883693303840656,0.038569183306190774,food_prediction_axis:7269712939f68096,Cystine,amino_acid,nutrition,True,False,8845,8689,True,masked_loss_target,0.1542337826598365,0.1146147181302279,0.1146147181302279,0.167470479,8327,8477,at_least_1000,at_least_1mg_typical,0.02367039156107488
130,0.224753558654227,0.02608611480082172,0.3873466114690228,0.0590031062310077,0.22790973646592066,0.0251942534937591,0.2964953316884839,0.1581021320992614,food_prediction_axis:4f89c134b30a17af,Decanoic acid (10:0),fatty_acid,nutrition,True,True,20960,10342,True,masked_loss_target,0.0227394869694894,0.217363331131721,0.217363331131721,0.023,8590,16906,at_least_1000,at_least_1mg_typical,-0.0031561778116936667
131,0.1709254696112253,0.2280660133855254,0.20176515837396414,0.052098500886092136,0.12226825929884733,0.1667461299946624,0.1332440751292505,0.0799778544103283,food_prediction_axis:28c1a4e36fc9a189,"Dietary fibre, total",macronutrient,nutrition,True,True,14884,11636,True,masked_loss_target,1.0986122886681098,0.7298913297346612,0.7298913297346612,2.0,11239,14402,at_least_1000,at_least_1mg_typical,0.04865721031237796
132,0.12916046052180932,0.014656170364203809,0.39933656308899473,0.020281569775569712,0.13204942092458494,0.014522599689122697,0.28885040051672806,0.06884660901572315,food_prediction_axis:1db27586081c540e,Docosahexaenoic acid (DHA; 22:6n-3),fatty_acid,nutrition,True,True,17072,5044,True,masked_loss_target,0.0139029051689914,0.2874693986532287,0.2874693986532287,0.013,4926,16450,at_least_1000,at_least_1mg_typical,-0.0028889604027756144
133,0.30248856236085303,0.01897427308412652,0.42427741650989487,0.14255977385482377,0.2758375461557258,0.015411255341545213,0.2982844896166156,0.24562671317430249,food_prediction_axis:271c058d348f3f11,Docosanoic acid (22:0),fatty_acid,nutrition,True,True,6815,3967,True,masked_loss_target,0.0109399400383343,0.1242520459160095,0.1242520459160095,0.01,3304,5733,at_least_1000,at_least_1mg_typical,0.02665101620512722
134,0.1447102766519377,0.006257758847250301,0.3623142646582211,0.040992086507858384,0.12030968038140029,0.005396350465944781,0.2438352904036729,0.06122486728805786,food_prediction_axis:c716446cf0c897e0,Docosapentaenoic acid (DPA; 22:5n-3),fatty_acid,nutrition,True,True,20443,6231,True,masked_loss_target,0.009950330853168,0.1090199631162928,0.1090199631162928,0.01,5511,16689,at_least_1000,at_least_1mg_typical,0.02440059627053741
135,0.18697962496618384,0.0019085115567432872,0.3452651046565644,0.015503688634938138,0.19314915983005532,0.0019495895522757838,0.2444714112460263,0.13755005412942004,food_prediction_axis:3d1c46b0914f4faf,Docosatetraenoic acid (22:4; isomer unspecified),fatty_acid,nutrition,True,False,335,178,True,masked_loss_target,0.004987541511039,0.0200614418797362,0.0200614418797362,0.005,178,335,100_to_999,at_least_1mg_typical,-0.006169534863871479
136,0.1624611032025145,0.016630554644953135,1.0264568270056336,0.011538773243315804,0.18018496539314707,0.015962906519198652,0.6398028966438295,0.09989914086378106,food_prediction_axis:d5a42c165987049d,Docosenoic acid (22:1; cis/trans unspecified),fatty_acid,nutrition,True,False,3916,506,True,masked_loss_target,0.0089597413714719,0.3159934689245091,0.3159934689245091,0.009,506,3902,at_least_1000,at_least_1mg_typical,-0.017723862190632572
137,0.3426962818866614,0.06197020215849804,0.483730412322337,0.10548070158520788,0.33208660463690287,0.056633437314177186,0.3795349405338155,0.25346074482917014,food_prediction_axis:d5e6e78659b6cb24,Dodecanoic acid (12:0),fatty_acid,nutrition,True,True,24075,14261,True,masked_loss_target,0.0207825391825285,0.4310658888007666,0.4310658888007666,0.021,11816,19138,at_least_1000,at_least_1mg_typical,0.010609677249758531
138,0.24288584840307412,0.015490043530891073,0.2415298878024031,0.2491753605677687,0.20541589412753486,0.011965776704507446,0.20137058029340607,0.22417975095137532,food_prediction_axis:cc302c9feb758608,Eicosanoic acid (20:0),fatty_acid,nutrition,True,True,5577,4562,True,masked_loss_target,0.0139029051689914,0.091902879666421,0.091902879666421,0.014,4482,5470,at_least_1000,at_least_1mg_typical,0.03746995427553926
139,0.15658823884052078,0.011295735435460641,0.4704866852497112,0.024869724573320755,0.16404135762806138,0.012865427826233922,0.3545573556190581,0.08387215874906997,food_prediction_axis:4b83bb05c582885d,Eicosapentaenoic acid (EPA; 20:5n-3),fatty_acid,nutrition,True,True,22698,6298,True,masked_loss_target,0.0069756137364252,0.2416817178688368,0.2416817178688368,0.007,5491,18180,at_least_1000,at_least_1mg_typical,-0.007453118787540597
140,0.10640148999311262,0.009673457799059426,0.1791878576613073,0.05263138054453636,0.0981289496729541,0.008536168029739905,0.13462066047376145,0.07117110926154688,food_prediction_axis:739713eb394e6e0f,Eicosatetraenoic acid (20:4; isomer unspecified),fatty_acid,nutrition,True,False,4225,1885,True,masked_loss_target,0.0382587121170903,0.0684564125921085,0.0684564125921085,0.039,1884,4211,at_least_1000,at_least_1mg_typical,0.00827254032015852
141,0.19126035512071698,0.004353070822363592,0.4674960550876213,0.02233924363016395,0.19473005692978476,0.004287743306662452,0.29856098466796244,0.13123632414025163,food_prediction_axis:a4195221a826d2a4,Eicosatrienoic acid (20:3; isomer unspecified),fatty_acid,nutrition,True,False,1069,377,True,masked_loss_target,0.0089597413714719,0.0166045176425426,0.0166045176425426,0.009,377,1065,at_least_1000,at_least_1mg_typical,-0.0034697018090677767
142,0.1874011384404753,0.0017514682626878506,0.237645385369933,0.1387270242275632,0.19979416651812737,0.0013819252773312892,0.2272294346257933,0.173216250538826,food_prediction_axis:463b62d411206ff8,Eicosatrienoic acid (20:3n-3),fatty_acid,nutrition,True,False,318,146,True,masked_loss_target,0.0029955089797984,0.0207133691433889,0.0207133691433889,0.003,146,318,100_to_999,at_least_1mg_typical,-0.01239302807765208
143,0.14427883229647423,0.0038304015004032824,0.19134229121984703,0.06833552357921359,0.14420300930646557,0.0035515180320181625,0.1656380050588259,0.10961472070606595,food_prediction_axis:62b1a9708a1167e2,Eicosatrienoic acid (20:3n-6),fatty_acid,nutrition,True,False,1284,865,True,masked_loss_target,0.009950330853168,0.0158175713892276,0.0158175713892276,0.01,865,1284,at_least_1000,at_least_1mg_typical,7.582299000866155e-05
144,0.25471210318807497,0.025391475893293682,0.2869311878347386,0.19410816880340218,0.20694708190908057,0.021007901973881877,0.22156281375304973,0.18088296301425683,food_prediction_axis:da133fa551bb8bfe,Eicosenoic acid (20:1; isomer unspecified),fatty_acid,nutrition,True,True,18997,12292,True,masked_loss_target,0.0276151670329733,0.176827186295543,0.176827186295543,0.028,10101,14951,at_least_1000,at_least_1mg_typical,0.0477650212789944
147,0.016492959071862153,0.04770434058154364,0.8129946763538818,0.00017438730315735837,0.014879422514611914,0.06267896697576807,0.3595599701863678,0.007817674708653988,food_prediction_axis:237a67482d390e1d,Ethanol,ethanol,nutrition,True,False,20398,513,True,masked_loss_target,2.341805806147327,1.0936501904846698,1.0936501904846698,8.5,419,17741,at_least_1000,at_least_1mg_typical,0.0016135365572502395
148,0.09125404971505839,0.16537829896500686,0.0936064287510903,0.031709613428102974,0.06445752009815643,0.12176752729825245,0.06389546201259508,0.0750631366461438,food_prediction_axis:fce942c5b52581fc,"Fat, total",macronutrient,nutrition,True,True,29145,27924,True,masked_loss_target,1.763017000362401,1.1725197457743943,1.1725197457743943,5.1,26611,27749,at_least_1000,at_least_1mg_typical,0.02679652961690196
149,0.11028243480354692,0.13869435698915825,0.11480947582457014,0.0329906675768464,0.07791546358751407,0.09854131646955054,0.08011764487245188,0.03973293651325458,food_prediction_axis:8be9deebed09d9d7,"Fatty acids, total monounsaturated",fatty_acid,nutrition,True,True,23463,22093,True,masked_loss_target,1.0647107369924282,0.9333547333816364,0.9333547333816364,1.95,21190,22471,at_least_1000,at_least_1mg_typical,0.03236697121603285
150,0.18687328293297242,0.1735465108485384,0.19206102708071152,0.0775466902695315,0.14584150832996587,0.13545092239061204,0.14825056701793662,0.09478135813868999,food_prediction_axis:d6c7f2f8d18bee0f,"Fatty acids, total polyunsaturated",fatty_acid,nutrition,True,True,23510,22325,True,masked_loss_target,0.594982931772714,0.768188931338051,0.768188931338051,0.823,21401,22517,at_least_1000,at_least_1mg_typical,0.041031774603006554
151,0.11584760755793767,0.13591117082703838,0.1206517209672109,0.023470250209379942,0.09342344312770336,0.10972308814624716,0.09667215574669977,0.0308056851692251,food_prediction_axis:8dd333cf1cdcef18,"Fatty acids, total saturated",fatty_acid,nutrition,True,True,24195,22897,True,masked_loss_target,0.945072533299607,0.8967977343111424,0.8967977343111424,1.6,21978,23183,at_least_1000,at_least_1mg_typical,0.022424164430234317
152,0.2013859443193992,0.06860649498974646,0.2729058167929709,0.07797258298128253,0.19226601080043246,0.06424416161737476,0.22760116557151566,0.13129232512567962,food_prediction_axis:8a3dbc9dd2e6dec0,"Fatty acids, total trans",fatty_acid,nutrition,True,True,6395,4010,True,masked_loss_target,0.1292723357041391,0.383933082648561,0.383933082648561,0.139,3968,6323,at_least_1000,at_least_1mg_typical,0.009119933518966755
153,0.20263879603333856,0.06018121492431186,0.21523192029941862,0.12775168373104917,0.20112759364429253,0.05739210329495034,0.19613327538371203,0.23082713956721126,food_prediction_axis:6e0c334e105c32f3,"Fatty acids, total trans-monoenoic",fatty_acid,nutrition,True,True,2834,2340,True,masked_loss_target,0.0811189450049386,0.3820442333589751,0.3820442333589751,0.086,2310,2792,at_least_1000,at_least_1mg_typical,0.0015112023890460347
154,0.2268564238729497,0.02231039830513932,0.22680831371892143,0.22701770743693014,0.19537821948321757,0.019952866037702608,0.1887624752024542,0.21755671459587203,food_prediction_axis:8c582ebe464b590b,"Fatty acids, total trans-polyenoic",fatty_acid,nutrition,True,False,2530,1923,True,masked_loss_target,0.0266419309464211,0.1470973277411789,0.1470973277411789,0.027,1894,2496,at_least_1000,at_least_1mg_typical,0.03147820438973212
155,0.28015229162037364,1.579291942183042e-05,0.2913954401039455,0.157379813185485,0.19621951726840403,1.1644629482625947e-05,0.20134247016505624,0.1417428047111069,food_prediction_axis:97854f3cb0aae64c,"Folate, food",vitamin,nutrition,True,False,18616,17068,True,masked_loss_target,1.2999915500732326e-05,9.563745767542357e-05,0.0001,1.3e-05,16309,17790,at_least_1000,below_1mg_typical,0.08393277435196961
156,0.2962146077577602,2.4241799261178062e-05,0.307590660000942,0.15247718976583852,0.21221246762483664,1.783328785377609e-05,0.21556326914928767,0.16987479643343964,food_prediction_axis:81b2530028cd7e54,"Folate, total",vitamin,nutrition,True,True,22827,21288,True,masked_loss_target,1.609987039639108e-05,0.0005010327374198,0.0005010327374198,1.6e-05,20511,21997,at_least_1000,below_1mg_typical,0.08400214013292356
157,0.1712333948854898,1.761636920484995e-05,0.32843857433379464,0.03138345721000797,0.14628150689483332,1.446840849132105e-05,0.23366885609496726,0.0691037812011971,food_prediction_axis:388dfe41a433ce61,Folic acid,vitamin,nutrition,True,False,20101,9616,True,masked_loss_target,1.6999855501637648e-05,0.0001844016578243,0.0001844016578243,2e-05,8442,17266,at_least_1000,below_1mg_typical,0.02495188799065648
158,0.28242999140812447,0.21627621813293094,0.36902264248584304,0.07207086164806559,0.2982875814195203,0.2250139293696756,0.34560260271465654,0.1835324739445138,food_prediction_axis:2d6f41841f59805f,Fructose,carbohydrate,nutrition,True,True,11121,7560,True,masked_loss_target,0.4574248470388754,0.7079885715732965,0.7079885715732965,0.57,7441,10967,at_least_1000,at_least_1mg_typical,-0.015857590011395806
159,0.21615554131614895,0.02579872404434557,1.0567595856373146,0.012338033659425181,0.20348069270997166,0.021082506431391427,0.5679097335142128,0.11515142245148467,food_prediction_axis:063a78c2b9608800,Galactose,carbohydrate,nutrition,True,True,8206,1463,True,masked_loss_target,0.0364958502378401,0.2407051432773541,0.2407051432773541,0.03,1453,8120,at_least_1000,at_least_1mg_typical,0.012674848606177291
160,0.3123796040251707,0.24512469135481993,0.3826686061298114,0.08219977528968782,0.30511267844890966,0.237647933780284,0.3387138672510563,0.19512973322823768,food_prediction_axis:b24c4758d25df75f,Glucose,carbohydrate,nutrition,True,True,11357,8374,True,masked_loss_target,0.4708555132123496,0.6905533259139252,0.6905533259139252,0.6,8247,11206,at_least_1000,at_least_1mg_typical,0.0072669255762610185
161,0.05513871629674733,0.08241897464104082,0.055782084026568,0.00020226070039297507,0.03629142854789782,0.05502329914287775,0.03630717409769308,0.034946933545935394,food_prediction_axis:2e9c1f556075f34c,Glutamic acid,amino_acid,nutrition,True,True,8995,8882,True,masked_loss_target,1.22436349397367,0.5889485818045714,0.5889485818045714,2.428,8493,8601,at_least_1000,at_least_1mg_typical,0.018847287748849514
162,0.08606863008301797,0.06103664577107989,0.0860569472514438,0.08603678136092478,0.06261096088241179,0.04324639169424064,0.06082740374657773,0.10609574829885542,food_prediction_axis:982bc8aed4d7c3b7,Glycine,amino_acid,nutrition,True,True,13838,13299,True,masked_loss_target,0.3874369055887732,0.3613904193195074,0.3613904193195074,0.505,9146,9525,at_least_1000,at_least_1mg_typical,0.023457669200606185
165,0.1549803582904105,0.01302449851455805,0.1750957491998955,0.09316171041407627,0.14309368003385176,0.012422257831179862,0.15699520915671558,0.10026664033260507,food_prediction_axis:4d9cef92b15e6b19,Heptadecanoic acid (17:0),fatty_acid,nutrition,True,True,6403,4763,True,masked_loss_target,0.0295588022415444,0.0901760445760859,0.0901760445760859,0.03,4688,6293,at_least_1000,at_least_1mg_typical,0.011886678256558758
166,0.18577722196096522,0.008476266279454277,0.2212944779043003,0.13165351369825665,0.1739768950867724,0.008889480669956805,0.1956931192721387,0.13991863993019332,food_prediction_axis:d0d94909081d2915,Heptadecenoic acid (17:1; isomer unspecified),fatty_acid,nutrition,True,True,5939,3582,True,masked_loss_target,0.0198026272961797,0.0607000821155394,0.0607000821155394,0.018,2965,4818,at_least_1000,at_least_1mg_typical,0.011800326874192829
167,0.11985360929238675,0.1176220939126436,0.12273999383971221,0.040776214462768065,0.08858571859809841,0.08691172020966373,0.09044492986541516,0.0376494760265691,food_prediction_axis:539ab4dae51fb89a,Hexadecanoic acid (16:0),fatty_acid,nutrition,True,True,20371,19584,True,masked_loss_target,0.6626879730752367,0.6914649126931642,0.6914649126931642,0.953,18841,19586,at_least_1000,at_least_1mg_typical,0.03126789069428834
168,0.22613297109746672,0.051642288669092026,0.24923358206451238,0.11401800587073846,0.21480532747721445,0.049259955176665676,0.22368694217762325,0.17169989079789696,food_prediction_axis:3f62a8c657ce6e91,Hexadecenoic acid (16:1; cis/trans unspecified),fatty_acid,nutrition,True,False,4694,3794,True,masked_loss_target,0.0695260626486102,0.2749340515453977,0.2749340515453977,0.074,3789,4679,at_least_1000,at_least_1mg_typical,0.011327643620252265
169,0.09368972427285857,0.010217520761736897,0.27419755366381493,0.01588610104323762,0.09433470518121251,0.009903440152371998,0.20531442099345945,0.04647211609980921,food_prediction_axis:ee472d23ce20e448,Hexanoic acid (6:0),fatty_acid,nutrition,True,True,18640,5290,True,masked_loss_target,0.0392207131532812,0.1595439953509884,0.1595439953509884,0.04,4446,14771,at_least_1000,at_least_1mg_typical,-0.0006449809083539371
170,0.060784089506051436,0.032940164252909326,0.06173515957271613,0.00934513176248424,0.040033813687925995,0.021206233800838765,0.040237786331076664,0.027420054322768308,food_prediction_axis:ccfbfa3f2e13d229,Histidine,amino_acid,nutrition,True,True,9036,8886,True,masked_loss_target,0.2730759200624187,0.2529383727107871,0.2529383727107871,0.315,8510,8652,at_least_1000,at_least_1mg_typical,0.02075027581812544
171,0.08318826131145285,0.021727060993908164,0.10250654054377163,0.016295115312975873,0.06465004711126306,0.015381455765472552,0.06693372430671499,0.05674238876283252,food_prediction_axis:79fc2bf4c81b0f01,Hydroxyproline,amino_acid,nutrition,True,False,1731,1331,True,masked_loss_target,0.1388919988666186,0.1027767657096412,0.1027767657096412,0.148,1286,1676,at_least_1000,at_least_1mg_typical,0.018538214200189793
172,0.28242686579940923,0.35114814266055216,0.2972914376835887,0.0,0.22730930343613837,0.29597353320751146,0.2322080520113427,0.1342330805072561,food_prediction_axis:f266479a0f2be3fd,Insoluble dietary fibers,dietary_fibre,nutrition,True,False,158,145,True,masked_loss_target,1.1314021114911006,0.6964634783786008,0.6964634783786008,2.1,145,158,100_to_999,at_least_1mg_typical,0.05511756236327087
173,0.25233853443657417,0.0013171271912835686,0.25528122946457316,0.15292862866045867,0.1979959810536527,0.00107698119354372,0.1980731223091237,0.20219983398373778,food_prediction_axis:09dd23b950a231a2,Iron,mineral,nutrition,True,True,52319,50965,True,masked_loss_target,0.0010194801534656,0.0083380605558077,0.0083380605558077,0.00108,31895,32795,at_least_1000,at_least_1mg_typical,0.05434255338292146
174,0.05072399817360356,0.03628989643282683,0.05145275273257563,0.010962004500515992,0.0331586883277999,0.023399322329636898,0.03319320693750193,0.029679915958588633,food_prediction_axis:9363c5c13ece51c7,Isoleucine,amino_acid,nutrition,True,True,9047,8892,True,masked_loss_target,0.4236564692345086,0.3029083515995591,0.3029083515995591,0.53,8513,8660,at_least_1000,at_least_1mg_typical,0.017565309845803664
175,0.6033486828224842,0.2554150986160807,0.6033486828224842,,0.5800610746059056,0.2466670818833003,0.5800610746059056,,food_prediction_axis:d556b90c1a05a8b9,Isomeric linoleic acids (18:2),fatty_acid,nutrition,True,False,44,43,True,masked_loss_target,0.1168937514714993,0.6114532286165633,0.6114532286165633,0.124,43,44,below_100,at_least_1mg_typical,0.023287608216578604
176,0.6454613744061195,0.10174180566904566,0.6362924352078542,0.6585598589750701,0.7527549186969352,0.12177034257382179,0.5749370874047764,1.0067803919714475,food_prediction_axis:724a5d409f355365,Isomeric linolenic acids (18:3),fatty_acid,nutrition,True,False,68,38,True,masked_loss_target,0.0084639555103243,0.296832046755536,0.296832046755536,0.008,38,68,below_100,at_least_1mg_typical,-0.10729354429081572
177,0.09797874883630862,0.09095532417088184,0.2766424420071736,0.015748947357666652,0.10344359420951034,0.0948411009792142,0.20263022590844493,0.05706258714652431,food_prediction_axis:0788e3ad4faf88f1,Lactose,carbohydrate,nutrition,True,True,11786,3471,True,masked_loss_target,0.636576829071551,0.7556795804423179,0.7556795804423179,0.87,3208,10711,at_least_1000,at_least_1mg_typical,-0.0054648453732017155
178,0.044700267911636324,0.043896933370900934,0.04520570846755992,0.005730801049927241,0.0324229941321038,0.03182471086686279,0.03242957169486312,0.03191586404335976,food_prediction_axis:47cbf82a41c0c776,Leucine,amino_acid,nutrition,True,True,9048,8928,True,masked_loss_target,0.6729444732424258,0.4178033036451685,0.4178033036451685,0.964,8546,8661,at_least_1000,at_least_1mg_typical,0.012277273779532527
179,0.6876497444541055,0.5067442842497653,0.7818851985360187,0.3813845186878878,0.530911117639801,0.34558475689222884,0.570427151700586,0.40248400694224984,food_prediction_axis:08810083123b67e7,Lignin,dietary_fibre,nutrition,True,False,61,47,True,masked_loss_target,0.29266961396282,0.8777701211511925,0.8777701211511925,0.3,46,59,below_100,at_least_1mg_typical,0.1567386268143045
180,0.20371417739813133,0.15845404412927247,0.2096773125010583,0.055438529550351966,0.203866974166905,0.15701284081354372,0.20749326925288114,0.11369775212522872,food_prediction_axis:9d61a733eb440d4c,Linoleic acid (18:2n-6),fatty_acid,nutrition,True,True,7823,7471,True,masked_loss_target,0.418710334858185,0.7634855732512575,0.7634855732512575,0.52,7369,7708,at_least_1000,at_least_1mg_typical,-0.00015279676877366644
181,0.34334571175764034,0.00019811857646011324,0.4375312076878635,0.11178608268489669,0.3192497858900901,0.00018758191141230213,0.3664559130350785,0.20455367435731397,food_prediction_axis:9da7d16045cdad48,Lutein + zeaxanthin,vitamin,nutrition,True,False,7180,4857,True,masked_loss_target,4.899879953921489e-05,0.0013108986352216,0.0013108986352216,4.9e-05,4817,7134,at_least_1000,below_1mg_typical,0.024095925867550216
182,0.09418760381875808,0.00025269420796722913,0.8681194335725233,0.00267278800435483,0.08803994656149623,0.0002114037847858267,0.4718195885860891,0.04266367721941791,food_prediction_axis:c666ca2135388170,Lycopene,vitamin,nutrition,True,False,13598,1429,True,masked_loss_target,0.0008096721270394,0.0042577660817239,0.0042577660817239,0.0007999999999999,1221,11469,at_least_1000,below_1mg_typical,0.0061476572572618515
183,0.058892905928428683,0.05028090019366401,0.059648257085714654,0.00570931762679352,0.039044899940096314,0.03301621174379642,0.03916367617971272,0.03068197288710508,food_prediction_axis:9c5925c6ef552cc2,Lysine,amino_acid,nutrition,True,True,9072,8950,True,masked_loss_target,0.543017663125493,0.4646609552908111,0.4646609552908111,0.727,8564,8681,at_least_1000,at_least_1mg_typical,0.01984800598833237
184,0.17716868796255347,0.012114497855445801,0.1794779624207678,0.051710344110642924,0.13402684323326117,0.009231654415454342,0.13466001785953222,0.10010843568304634,food_prediction_axis:c4ae5b45d70f51e1,Magnesium,mineral,nutrition,True,True,48967,48153,True,masked_loss_target,0.0207825391825285,0.056269448585163,0.056269448585163,0.021,34889,35492,at_least_1000,at_least_1mg_typical,0.043141844729292306
185,0.2621195860339315,0.11123339398072796,0.5159497534817604,0.05944914775076706,0.26612446101719245,0.1045209575314862,0.37133755285523856,0.18184777382385287,food_prediction_axis:bf60f43d8d8912be,Maltose,carbohydrate,nutrition,True,True,11809,5027,True,masked_loss_target,0.195986103511805,0.5491978601367093,0.5491978601367093,0.2,4644,10771,at_least_1000,at_least_1mg_typical,-0.004004874983260964
186,0.3076507324024225,0.00040656834841699003,0.30904185044449434,0.287372845171537,0.2622259013433887,0.00035845147659434166,0.2555843388960235,0.42929685828528996,food_prediction_axis:82874c45c6956912,Manganese,mineral,nutrition,True,True,23671,22685,True,masked_loss_target,0.0001299915507322,0.0050742892755715,0.0050742892755715,0.00013,17332,18010,at_least_1000,below_1mg_typical,0.04542483105903383
188,0.1410634975934491,1.1606949966889247e-06,0.1565531301991688,0.001656804141971947,0.17726190052551022,1.4200836271860355e-06,0.17107593003036237,0.23293563498184083,food_prediction_axis:53d0b4a4cb57ede9,Menaquinone-4,vitamin,nutrition,True,False,94,81,True,masked_loss_target,5.055834219248634e-06,8.964109580137149e-06,0.0001,5.055846999999999e-06,81,94,below_100,below_1mg_typical,-0.03619840293206111
189,0.06513143029858512,0.028980394601711038,0.06628051053660908,0.011787495754458182,0.03973146313991093,0.017314071667832293,0.03999144040187786,0.026491603849888117,food_prediction_axis:80c03895f2a3fade,Methionine,amino_acid,nutrition,True,True,9068,8872,True,masked_loss_target,0.2207406666978994,0.2161572824023064,0.2161572824023064,0.249,8494,8681,at_least_1000,at_least_1mg_typical,0.025399967158674187
190,0.3393274089111486,2.196113912932027e-05,0.3737265335245616,0.16948173113242232,0.3487055715881618,2.0993686129823758e-05,0.3562042128393246,0.3116810304105457,food_prediction_axis:a78ff9e88c90d443,Molybdenum,mineral,nutrition,True,True,1030,815,True,masked_loss_target,6.355535358110276e-06,7.406615964551991e-05,0.0001,6.7e-06,798,1011,at_least_1000,below_1mg_typical,-0.009378162677013191
191,0.2170841341708382,0.001078304648961788,0.223325396954522,0.06966030694608366,0.15192366064540339,0.0007491985599061182,0.15343578234380653,0.11738678614947576,food_prediction_axis:846a448774946ff1,Niacin,vitamin,nutrition,True,True,32139,30888,True,masked_loss_target,0.0014090068834199,0.0126551167770653,0.0126551167770653,0.001438,29744,30892,at_least_1000,at_least_1mg_typical,0.0651604735254348
192,0.1840291179283825,0.0013211976773621391,0.1916501750040065,0.05035819620513594,0.15690499603410465,0.0010695104861602306,0.15963793491388137,0.10897011568246566,food_prediction_axis:5a553f7aac597141,Nicotinic acid,vitamin,nutrition,True,False,7095,6696,True,masked_loss_target,0.0017344948936579,0.0424744929440542,0.0424744929440542,0.002015,6026,6362,at_least_1000,at_least_1mg_typical,0.027124121894277847
193,0.2993616671164472,0.22134455652493915,0.29851861037284433,0.32337518661971365,0.3150741272846235,0.22988872814813344,0.3109334022679144,0.43301800437346705,food_prediction_axis:107a1e9968f781ce,Octadecadienoic acid (18:2; isomer unspecified),fatty_acid,nutrition,True,False,4938,4736,True,masked_loss_target,0.3708736633385453,0.7950162653486383,0.7950162653486383,0.449,4722,4923,at_least_1000,at_least_1mg_typical,-0.01571246016817629
194,0.14871867309227774,0.10080714430206565,0.1555478076544787,0.03541588793774102,0.11543801674200886,0.07731898686913585,0.1199588719338587,0.03997468339805514,food_prediction_axis:42675a7654fb76f0,Octadecanoic acid (18:0),fatty_acid,nutrition,True,True,20298,18991,True,masked_loss_target,0.3393253056036194,0.5287238589362987,0.5287238589362987,0.41,18304,19517,at_least_1000,at_least_1mg_typical,0.033280656350268875
195,0.07069070181876493,0.004824480079637924,0.6757237588099078,0.0105574469190336,0.09117692732154069,0.006244198980493246,0.6152137627581669,0.0390937556038332,food_prediction_axis:feef1eb7f146b97e,Octadecatetraenoic acid (18:4; isomer unspecified),fatty_acid,nutrition,True,False,3915,322,True,masked_loss_target,0.0109399400383343,0.1381759658101639,0.1381759658101639,0.011,322,3901,at_least_1000,at_least_1mg_typical,-0.020486225502775762
196,0.36224384546343286,0.06743277531977389,0.36284286471644994,0.35556559027776935,0.3522888812860956,0.06482246840577308,0.3366965746037028,0.5261220301100693,food_prediction_axis:2aafa2b6f6b9078a,Octadecatrienoic acid (18:3; isomer unspecified),fatty_acid,nutrition,True,False,4850,4437,True,masked_loss_target,0.0506931143155181,0.2650269380989919,0.2650269380989919,0.052,4429,4835,at_least_1000,at_least_1mg_typical,0.009954964177337267
197,0.2168014544420363,0.25647679460045847,0.22120278640886792,0.10651665058742757,0.2316539628065539,0.27816764727145343,0.23228569338046895,0.2158245995687404,food_prediction_axis:5c7a35fbdec2ae9b,Octadecenoic acid (18:1; cis/trans unspecified),fatty_acid,nutrition,True,False,4925,4717,True,masked_loss_target,0.950498903203892,0.9647279206505064,0.9647279206505064,1.6,4703,4910,at_least_1000,at_least_1mg_typical,-0.014852508364517597
198,0.1785801183825613,0.022800134926912675,0.42450876817347466,0.028358099843666194,0.18599483600964162,0.021623136277536453,0.31405928918687204,0.10778360267472029,food_prediction_axis:a72178c2f3a7be20,Octanoic acid (8:0),fatty_acid,nutrition,True,True,19582,6959,True,masked_loss_target,0.0276151670329733,0.2399222647993893,0.2399222647993893,0.025,5857,15315,at_least_1000,at_least_1mg_typical,-0.0074147176270803195
199,0.219290543183768,0.0003259830765284807,0.22482224142821608,0.1390885386329996,0.1548421547236443,0.00024069741604552765,0.1540290347966136,0.1746182476193209,food_prediction_axis:37f412e42dc8c3a6,Pantothenic acid (vitamin B5),vitamin,nutrition,True,True,21348,20105,True,masked_loss_target,0.0004099159729666,0.0015289624164623,0.0015289624164623,0.000417,15491,16490,at_least_1000,below_1mg_typical,0.06444838846012371
200,0.1998244733639293,0.010116983906465326,0.25344081967608356,0.09692235329227501,0.18908144688308365,0.010208197553906662,0.2033173934295959,0.16135578262987252,food_prediction_axis:10d4e9a18324f72d,Pentadecanoic acid (15:0),fatty_acid,nutrition,True,True,7716,4623,True,masked_loss_target,0.0158733491562901,0.0618302106296459,0.0618302106296459,0.015,3912,5999,at_least_1000,at_least_1mg_typical,0.010743026480845658
201,0.11198095903794104,0.0028749181467344798,1.5161091683708636,0.0001207898659961392,0.08991834191474178,0.0021699402839331612,0.6324806079295834,0.04726308289508221,food_prediction_axis:25c3f66dbdca6e79,Pentadecenoic acid (15:1; isomer unspecified),fatty_acid,nutrition,True,False,5159,423,True,masked_loss_target,0.0079681696491768,0.1263216387692944,0.1263216387692944,0.004,320,4236,at_least_1000,at_least_1mg_typical,0.022062617123199263
202,0.04500368960194518,0.0326775034316243,0.04565642906772579,0.0081496275897393,0.03288888056174891,0.023563875699894384,0.03280780000231116,0.03564698658551889,food_prediction_axis:a746e173fd3c9ea1,Phenylalanine,amino_acid,nutrition,True,True,9058,8916,True,masked_loss_target,0.4440445900756395,0.2807821795754111,0.2807821795754111,0.56,8539,8673,at_least_1000,at_least_1mg_typical,0.012114809040196274
203,0.1334416064726007,0.0345507377961831,0.1361232365392081,0.035370996094946316,0.10034775351576927,0.0257918837545702,0.10061546214860645,0.09722484503207929,food_prediction_axis:1f272374ba920938,Phosphorus,mineral,nutrition,True,True,49769,48704,True,masked_loss_target,0.1160036757563061,0.133714064182812,0.133714064182812,0.123,30456,31130,at_least_1000,at_least_1mg_typical,0.03309385295683143
204,0.16080241694539862,0.01479534280739785,0.20503562392742747,0.10772256856696402,0.19133163923246815,0.016215577812043764,0.20756507586928652,0.17185151526828607,food_prediction_axis:8f41408669782c92,Phytosterols,sterol,nutrition,True,False,398,258,True,masked_loss_target,0.0305292050348228,0.1081650858078621,0.1081650858078621,0.031,258,398,100_to_999,at_least_1mg_typical,-0.03052922228706953
205,0.17014103376997025,0.06850060634951971,0.17223515757506186,0.057939748779330585,0.13111675840338338,0.052885660316445926,0.13122488855934697,0.13521625696896658,food_prediction_axis:ad2d5af0679197f7,Potassium,mineral,nutrition,True,True,50468,49830,True,masked_loss_target,0.1988508587451652,0.2114907664059001,0.2114907664059001,0.219,30996,31399,at_least_1000,at_least_1mg_typical,0.03902427536658687
206,0.06264315806932255,0.05346303932866418,0.06354871910200305,0.005215495913501095,0.04753337540419473,0.04047985318754222,0.047644057237299746,0.04051430248811812,food_prediction_axis:624ff4f6b1d1abbd,Proline,amino_acid,nutrition,True,True,8973,8848,True,masked_loss_target,0.550857546195063,0.3187455462199468,0.3187455462199468,0.744,8463,8583,at_least_1000,at_least_1mg_typical,0.015109782665127823
207,0.08905668628764613,0.17988553406946303,0.09097691902742058,0.04062314872581369,0.060172151997576355,0.12837024691187313,0.060113285532876835,0.06123284980383845,food_prediction_axis:b8ea6435e461b83d,"Protein, total",macronutrient,nutrition,True,True,27854,26944,True,masked_loss_target,2.150598735996164,1.001579264038944,1.001579264038944,7.667,25543,26382,at_least_1000,at_least_1mg_typical,0.02888453429006977
208,0.26703146308690107,8.889598303402339e-05,0.4735280597989666,0.049157009444835004,0.2307271612852784,7.202824587532468e-05,0.31764456542472175,0.14006909754627567,food_prediction_axis:edc9e063ef476623,Retinol,vitamin,nutrition,True,True,33080,17448,True,masked_loss_target,2.399971200460792e-05,0.001863778992244,0.001863778992244,2.3e-05,15254,28747,at_least_1000,below_1mg_typical,0.03630430180162267
209,0.21311817403604708,8.811516905613227e-05,0.22007758209500897,0.06564161532524648,0.1468159076727119,6.071847516400731e-05,0.14794218172797136,0.12295732666245758,food_prediction_axis:1d88e131056c2eb9,Riboflavin (vitamin B2),vitamin,nutrition,True,True,40252,38426,True,masked_loss_target,0.0001229924361202,0.0016975356549599,0.0016975356549599,0.000127,25930,27092,at_least_1000,below_1mg_typical,0.06630226636333517
210,0.21341958045075204,6.0402224833292575e-06,0.2207570538300996,0.1188164620040404,0.15231663241540436,4.517904555178953e-06,0.15489230948697685,0.125587781902016,food_prediction_axis:f41877b2ead0197e,"Selenium, Se",mineral,nutrition,True,True,37887,34920,True,masked_loss_target,6.599978220095832e-06,0.0001526955687031,0.0001526955687031,7.3e-06,22474,24283,at_least_1000,below_1mg_typical,0.06110294803534769
211,0.044582510374050865,0.03325317779888541,0.04513554406261345,0.00637291007336322,0.03115844543998268,0.023056093976945274,0.031121624302343238,0.03370245131325316,food_prediction_axis:28e420ed22e26046,Serine,amino_acid,nutrition,True,True,8943,8819,True,masked_loss_target,0.4597127808855613,0.2801894102913481,0.2801894102913481,0.586,8448,8568,at_least_1000,at_least_1mg_typical,0.013424064934068187
212,0.2793390549910886,0.08293909798752656,0.2812464941244272,0.1922465465487516,0.24929685850199274,0.07425247841737662,0.2478704766985354,0.2992798239792033,food_prediction_axis:ca67907e4a92711a,Sodium,mineral,nutrition,True,True,33552,32677,True,masked_loss_target,0.0880108773227133,0.3313800194242166,0.3313800194242166,0.108,26041,26623,at_least_1000,at_least_1mg_typical,0.03004219648909584
213,0.1457072536293511,0.14570725678959226,0.1973836411733196,0.07680540357072642,0.2647042728617487,0.2647042728617487,0.23381319146653967,0.30589238138869407,food_prediction_axis:71566222a2a81a5a,Sorbitol,carbohydrate,nutrition,True,False,77,49,True,masked_loss_target,0.6931471805599453,0.8093210451280907,0.8093210451280907,1.0,48,76,below_100,at_least_1mg_typical,-0.11899701923239758
214,0.14577963501081145,0.3915331654410031,0.20287537766289174,0.039484161562908085,0.1547439997896373,0.5022317576561302,0.18171672530835248,0.1067490559975359,food_prediction_axis:5c2d3799d4770d60,Starch,carbohydrate,nutrition,True,True,9168,5607,True,masked_loss_target,2.5649493574615367,1.3755087159509378,1.3755087159509378,11.7,4939,7534,at_least_1000,at_least_1mg_typical,-0.00896436477882584
215,0.044298998437231486,0.014894180562675418,0.8858462784223536,7.036332751377485e-06,0.04829275015837917,0.01574195870384718,0.6577271517263116,0.016217255339014316,food_prediction_axis:f9f2a14e7c511ae4,Stearidonic acid,fatty_acid,nutrition,True,False,1449,36,True,masked_loss_target,0.2374408560150342,0.4061859089862624,0.4061859089862624,0.225,22,835,100_to_999,at_least_1mg_typical,-0.003993751721147687
216,0.18273572206415192,0.0030475935547776907,0.2657709532691854,0.04434367005576287,0.24443750178197685,0.004166853888035667,0.30215851740024946,0.14823580908485584,food_prediction_axis:dfffa7cc92f46cf3,Stigmasterol,sterol,nutrition,True,False,304,167,True,masked_loss_target,0.0059820716775474,0.0272594710078646,0.0272594710078646,0.005,111,210,100_to_999,at_least_1mg_typical,-0.06170177971782492
217,0.36335979701817545,0.4051220806734354,0.44066700326940933,0.16359815451867296,0.35420420339559117,0.3958302547002646,0.3742847363084465,0.3021844298045077,food_prediction_axis:15361b171f2344ee,Sucrose,carbohydrate,nutrition,True,True,7416,5228,True,masked_loss_target,0.9202827531436926,1.2262437302797755,1.2262437302797755,1.3,4097,5683,at_least_1000,at_least_1mg_typical,0.00915559362258428
218,0.2559143871962,0.3974849235850848,0.269756336870528,0.14839461651508615,0.21511092922664274,0.3354581117059964,0.22065258317889205,0.17237060778865457,food_prediction_axis:4d0de1fea4017ee5,"Sugars, total",carbohydrate,nutrition,True,True,18841,16447,True,masked_loss_target,1.5260563034950494,1.1240678152641683,1.1240678152641683,3.4,15779,18095,at_least_1000,at_least_1mg_typical,0.04080345796955728
219,0.46333126893992355,0.11576799176338068,0.46333126893992355,,0.40370924476728415,0.10266748460500633,0.40370924476728415,,food_prediction_axis:cc9d412141b00584,Sulfur,mineral,nutrition,True,False,98,98,True,masked_loss_target,0.123544186091455,0.1082261845812892,0.1082261845812892,0.137,93,93,below_100,at_least_1mg_typical,0.0596220241726394
220,0.22443531939856962,0.0061670035386005816,0.28619118417621264,0.14676477798355075,0.20305488517147124,0.004840854091809398,0.2050935983946518,0.20049078926892755,food_prediction_axis:34e39bf5ebce6e5e,Tetracosanoic acid (24:0),fatty_acid,nutrition,True,True,4495,2592,True,masked_loss_target,0.0079681696491768,0.0802288847803165,0.0802288847803165,0.008,2556,4423,at_least_1000,at_least_1mg_typical,0.02138043422709837
221,0.23166812889498795,0.07078562750873642,0.2645329012331274,0.051109143744779324,0.19564076262416227,0.059785744093209844,0.21721355419743596,0.07722063596693636,food_prediction_axis:957406ac706e6165,Tetradecanoic acid (14:0),fatty_acid,nutrition,True,True,19609,16425,True,masked_loss_target,0.0898407039997894,0.3696702775878919,0.3696702775878919,0.096,15894,18875,at_least_1000,at_least_1mg_typical,0.03602736627082567
222,0.1711571653198301,0.011642623573412336,0.25868551553120295,0.052747959583512714,0.1765068005260479,0.012536423664870415,0.21265894070015934,0.12754062987479756,food_prediction_axis:5daf65b70c15f6b6,Tetradecenoic acid (14:1; isomer unspecified),fatty_acid,nutrition,True,False,6711,3872,True,masked_loss_target,0.0227394869694894,0.0871571959351545,0.0871571959351545,0.02,3180,5438,at_least_1000,at_least_1mg_typical,-0.005349635206217784
223,0.2533144903682694,8.316828106015785e-05,0.26116230101055177,0.11970095711154215,0.19559089567776874,6.584675551984491e-05,0.19796170858966097,0.16022962036135974,food_prediction_axis:6cc39c623e0e6721,Thiamin (vitamin B1),vitamin,nutrition,True,True,42174,40011,True,masked_loss_target,7.999680017065643e-05,0.0014195703064068,0.0014195703064068,8e-05,27631,29067,at_least_1000,below_1mg_typical,0.057723594690500674
224,0.05108060630237463,0.034625503044506886,0.05172907763688534,0.0057465648261257945,0.033878612195427496,0.022517523356253285,0.0338670374358305,0.03468779311634452,food_prediction_axis:113880856b438774,Threonine,amino_acid,nutrition,True,True,9043,8925,True,masked_loss_target,0.3913661837286627,0.2912955185307369,0.2912955185307369,0.481,8543,8656,at_least_1000,at_least_1mg_typical,0.017201994106947137
225,0.30524420014361636,5.0983117433879145e-05,0.400678221411098,0.13100381811827896,0.25868046468949246,4.15731729049265e-05,0.272369756363575,0.23392249914951785,food_prediction_axis:f30addaf29162fc5,"Tocopherol, beta",vitamin,nutrition,True,True,7841,4891,True,masked_loss_target,3.9999200021332696e-05,0.0003976555103309,0.0003976555103309,4e-05,4852,7747,at_least_1000,below_1mg_typical,0.0465637354541239
226,0.33754628791546293,0.00016831288388850877,0.4833474235844334,0.14376563368868056,0.30725709409267365,0.0001514480649035112,0.35442422683978453,0.24418712549659705,food_prediction_axis:86f7f2bc8c49b00d,"Tocopherol, delta",vitamin,nutrition,True,True,7784,4394,True,masked_loss_target,6.999755011432734e-05,0.0015283113995495,0.0015283113995495,7.000000000000001e-05,4353,7687,at_least_1000,below_1mg_typical,0.030289193822789273
227,0.43424160641289944,0.0009683450720050425,0.47070245736018707,0.2811989320487513,0.4215179841777344,0.0008129653365092104,0.4323038532996029,0.37543251713212034,food_prediction_axis:aff9a648a70e03e7,"Tocopherol, gamma",vitamin,nutrition,True,True,9174,7384,True,masked_loss_target,0.0002399712046071,0.0056117184457083,0.0056117184457083,0.00023,6671,8262,at_least_1000,below_1mg_typical,0.012723622235165044
228,0.4338361143896581,8.506862994854436e-05,0.5585639563236284,0.1893838396537391,0.44627073691622543,8.120489971990081e-05,0.45346386521464915,0.43217302987862705,food_prediction_axis:8853509fcf1e4ff2,"Tocotrienol, alpha",vitamin,nutrition,True,True,5443,3683,True,masked_loss_target,2.199975800354928e-05,0.0006167163641862,0.0006167163641862,2.2e-05,3679,5437,at_least_1000,below_1mg_typical,-0.012434622526567352
229,0.13555773314280328,5.760418416065001e-05,0.43907298294402924,0.06636254665962224,0.14067655753854114,5.392012603470604e-05,0.36696848326335924,0.08908668846138054,food_prediction_axis:9f68976b1119c8b5,"Tocotrienol, beta",vitamin,nutrition,True,True,1186,248,True,masked_loss_target,0.0001799838019436,0.0004047810662938,0.0004047810662938,0.0001799999999999,248,1186,at_least_1000,below_1mg_typical,-0.005118824395737853
230,0.04058378176916335,6.252982182024236e-06,0.5941606695646338,0.008167117168527695,0.06924052192562906,7.812279344724082e-06,0.4733534579535788,0.045576250896965334,food_prediction_axis:e4d7bb93d226515d,"Tocotrienol, delta",vitamin,nutrition,True,False,1161,76,True,masked_loss_target,7.999680017065643e-05,0.0003207494926672,0.0003207494926672,8e-05,76,1161,at_least_1000,below_1mg_typical,-0.02865674015646571
231,0.30915813006697257,6.246516112280982e-05,0.6614212221417618,0.07931270828767743,0.3417120687582749,6.466567891363414e-05,0.4633848736825762,0.2623227208644046,food_prediction_axis:7c4612482bc2ff2e,"Tocotrienol, gamma",vitamin,nutrition,True,True,1167,431,True,masked_loss_target,4.999875004166511e-05,0.0007247002102208,0.0007247002102208,5e-05,431,1167,at_least_1000,below_1mg_typical,-0.03255393869130235
232,0.04774988349546907,0.0005473430263246319,1.030466862105162,0.000503874908464596,0.06354411463223873,0.0005406178901248895,0.6705487769436732,0.03436119817495824,food_prediction_axis:c0eec953792af56f,Tridecanoic acid (13:0),fatty_acid,nutrition,True,False,839,43,True,masked_loss_target,0.0039920212695374,0.023465432131655,0.023465432131655,0.004,34,668,100_to_999,at_least_1mg_typical,-0.015794231136769664
233,0.10450072166414474,0.024480511586282352,0.10563565355129556,0.0804932374184234,0.06951838838503419,0.01590660626249909,0.06826033682068673,0.09435401621234843,food_prediction_axis:c8381e45536831ac,Tryptophan,amino_acid,nutrition,True,True,16650,15911,True,masked_loss_target,0.1043600153242427,0.1118650275480261,0.1118650275480261,0.116915,15061,15731,at_least_1000,at_least_1mg_typical,0.03498233327911056
234,0.05852069547457043,0.03516053256820161,0.05945765718227371,0.0076843460073399315,0.03778150906069582,0.02242602424789495,0.03787926849921596,0.030917772066255563,food_prediction_axis:23a6afcade890ac4,Tyrosine,amino_acid,nutrition,True,True,8989,8843,True,masked_loss_target,0.3435897043900769,0.2544592172724197,0.2544592172724197,0.41,8474,8612,at_least_1000,at_least_1mg_typical,0.020739186413874608
235,0.05032571647818135,0.03915054457072393,0.0509916072724825,0.005653129712673689,0.0350097195991928,0.02706747093533202,0.03506592871953578,0.031238820786618264,food_prediction_axis:9be22121141e4a9f,Valine,amino_acid,nutrition,True,True,9048,8927,True,masked_loss_target,0.4799539600989036,0.3192376209802847,0.3192376209802847,0.617,8545,8661,at_least_1000,at_least_1mg_typical,0.015315996878988547
236,0.21784516826835312,7.929362529211994e-05,0.22562049821710456,0.08858030787036025,0.197045712234784,7.495603332692266e-05,0.1942173741462102,0.24406683295732365,food_prediction_axis:2e807a7169279c61,Vitamin B6 - Pyridoxin,vitamin,nutrition,True,False,1774,1640,True,masked_loss_target,9.999500033330834e-05,0.0059329037872896,0.0059329037872896,0.0001,1640,1774,at_least_1000,below_1mg_typical,0.020799456033569114
237,0.25224543462228266,6.331512337038924e-07,0.46372333032108626,0.08465000306697065,0.22041985408257914,5.34214408080394e-07,0.30770791692011457,0.15189395835300637,food_prediction_axis:f36db5dc93bff154,Vitamin D (D2 + D3),vitamin,nutrition,True,True,30077,13966,True,masked_loss_target,3.999999200000213e-07,2.520653047468957e-05,0.0001,4e-07,12613,27304,at_least_1000,below_1mg_typical,0.031825580539703524
238,0.1529446100692495,1.0107907419248701e-07,0.7844416112790994,0.014794006854522172,0.19765941193826794,9.6613684595922e-08,0.5376549303584969,0.12416940788654737,food_prediction_axis:ef71076683f57c1f,Vitamin D2 (ergocalciferol),vitamin,nutrition,True,True,6537,1285,True,masked_loss_target,8.049999675987517e-08,3.5627322057995216e-06,0.0001,8.05e-08,1285,6511,at_least_1000,below_1mg_typical,-0.04471480186901844
239,0.06747107894331515,0.26589463895447,0.06748658245456778,0.06762966731912536,0.04627167861955726,0.18693810389650276,0.04636982597439606,0.035530163281476304,food_prediction_axis:71d46140cd00ea29,Water,food_matrix,nutrition,True,True,32354,32088,True,masked_loss_target,4.185403293169068,1.0981717715322743,1.0981717715322743,64.58,29982,30210,at_least_1000,at_least_1mg_typical,0.02119940032375789
241,0.1997917929780725,0.0006110148911975244,0.20196253724150454,0.11897936994543708,0.1516556825951781,0.00045546093387248377,0.15198349331101385,0.1578280167375252,food_prediction_axis:08f7f6fe051692d9,Zinc,mineral,nutrition,True,True,51121,49894,True,masked_loss_target,0.0007996801705643,0.0089389967219686,0.0089389967219686,0.0008,31179,31918,at_least_1000,below_1mg_typical,0.04813611038289442
242,0.20551357437448314,0.009768207681720953,0.3451201697019843,0.05667679092615544,0.23304720402456547,0.01091741297160439,0.325913010594076,0.13404150941740137,food_prediction_axis:1da2f739e39a7303,"cis,cis-Eicosadienoic acid (20:2n-6)",fatty_acid,nutrition,True,False,1220,615,True,masked_loss_target,0.0109399400383343,0.0493548941811964,0.0493548941811964,0.012,615,1216,at_least_1000,at_least_1mg_typical,-0.027533629650082325
243,0.43725442218883737,0.00501867552771696,0.6803549041579853,0.16468721513252005,0.38700401060110445,0.004982537554413326,0.4346449320186978,0.3335884320419846,food_prediction_axis:5f32dec5b53a70fb,cis-Docosenoic acid (22:1 cis),fatty_acid,nutrition,True,False,298,134,True,masked_loss_target,0.0029955089797984,0.015122665856926,0.015122665856926,0.003,134,298,100_to_999,at_least_1mg_typical,0.05025041158773291
244,0.1302267479245529,0.026456501306378947,0.12759207956413013,0.18489611640332615,0.12373527227513982,0.02784379893945845,0.11753596244883172,0.2523709511710331,food_prediction_axis:380131d2bc1a380c,cis-Hexadecenoic acid (16:1 cis),fatty_acid,nutrition,True,False,385,377,True,masked_loss_target,0.1052605106574929,0.1704004297575853,0.1704004297575853,0.116,377,385,100_to_999,at_least_1mg_typical,0.006491475649413089
245,0.19401125144289588,0.2763002347960689,0.19401125144289588,,0.1800428676421762,0.27109766934879503,0.1800428676421762,,food_prediction_axis:8fd899053e59d0fc,cis-Octadecenoic acid (18:1 cis),fatty_acid,nutrition,True,False,759,757,True,masked_loss_target,1.358922867248161,0.806716912835723,0.806716912835723,2.904,757,759,100_to_999,at_least_1mg_typical,0.013968383800719686
246,0.2269882107395718,0.0032691186010893243,0.5139015313049669,0.051414387707016604,0.35556798493620567,0.003986385912688132,0.4115720181915812,0.32129686010828923,food_prediction_axis:4ff7e282a5d1ee3f,cis-Tetracosenoic acid (24:1 cis),fatty_acid,nutrition,True,False,465,182,True,masked_loss_target,0.0034937651246679,0.0416674624984143,0.0416674624984143,0.003,182,461,100_to_999,at_least_1mg_typical,-0.12857977419663388
247,0.20558720923914942,0.014129369779928666,0.14070728712724803,0.8219464693022124,0.25642789613810596,0.019798692910669474,0.1945212746137097,0.8445408006198705,food_prediction_axis:3f53588cb3878c31,"trans,trans-Linoleic acid (18:2 trans,trans)",fatty_acid,nutrition,True,False,172,167,True,masked_loss_target,0.0276151670329733,0.0971486783606587,0.0971486783606587,0.028,167,172,100_to_999,at_least_1mg_typical,-0.050840686898956544
248,0.05783535362548428,8.585844626816754e-05,0.5764430726612397,0.001464949382467374,0.11588700124250866,0.00014884464054925982,0.30358649043237723,0.09548488285230554,food_prediction_axis:606583762c53d05a,trans-Docosenoic acid (22:1 trans),fatty_acid,nutrition,True,False,224,31,True,masked_loss_target,0.0009995003330835,0.0026532453099218,0.0026532453099218,0.001,31,224,100_to_999,at_least_1mg_typical,-0.058051647617024374
249,0.09594081086250682,0.0022076557108125076,0.1325946326034356,0.01739690713194512,0.15909415092177256,0.0041206553893188445,0.1908782649913466,0.0909853350583996,food_prediction_axis:686a096e5332b794,trans-Hexadecenoic acid (16:1 trans),fatty_acid,nutrition,True,False,287,190,True,masked_loss_target,0.0109399400383343,0.0212613409734459,0.0212613409734459,0.011,190,287,100_to_999,at_least_1mg_typical,-0.06315334005926575
250,0.2452531580795467,0.025419533319676453,0.26479638261906996,0.02050607587502912,0.2683023667369051,0.02334539004040832,0.2613449147415186,0.34831306468384965,food_prediction_axis:2ea19ac82f9d85de,trans-Linoleic acid (18:2; isomer unspecified),fatty_acid,nutrition,True,False,335,300,True,masked_loss_target,0.0314986670593709,0.105055894922822,0.105055894922822,0.03,300,335,100_to_999,at_least_1mg_typical,-0.023049208657358405
251,0.2805175776872818,0.1379996630940462,0.2911370725194796,0.22003262886041597,0.3307252197689131,0.1488244004265333,0.29028354964297903,0.5610669061383637,food_prediction_axis:d718b7a1d8c919c5,trans-Octadecenoic acid (18:1 trans),fatty_acid,nutrition,True,False,774,688,True,masked_loss_target,0.1726919193245489,0.5490609154260899,0.5490609154260899,0.189,688,774,100_to_999,at_least_1mg_typical,-0.05020764208163131
