axis_index,neural_under_contribution,neural_over_contribution,neural_mae_contribution,tree_under_contribution,tree_over_contribution,tree_mae_contribution,macro_weight,under_gap_contribution,over_gap_contribution,mae_gap_contribution,canonical_name,mask_family,training_candidates
104,0.00013748052421982217,0.00024295170973651236,0.00038043223395633455,0.00011527070438830165,0.00014306400687175022,0.00025833471126005187,0.007042253521126761,2.220981983152052e-05,9.988770286476213e-05,0.00012209752269628268,Alanine,amino_acid,8576
105,0.0005518151566719811,0.000559941946074011,0.0011117571027459922,0.00046782146068771534,0.0005265991844777951,0.0009944206451655104,0.007042253521126761,8.39936959842658e-05,3.3342761596215896e-05,0.00011733645758048175,Arachidonic acid (20:4n-6),fatty_acid,6814
106,0.0002371432765670128,0.00030556325132558015,0.0005427065278925929,0.00017047147334904814,0.00022453252524282,0.0003950039985918681,0.007042253521126761,6.667180321796466e-05,8.103072608276016e-05,0.00014770252930072482,Arginine,amino_acid,9593
107,0.0013924037665649842,0.0010758473834506497,0.002468251150015634,0.0012338740333025476,0.0015197719582822513,0.002753645991584799,0.007042253521126761,0.00015852973326243658,-0.00044392457483160164,-0.00028539484156916506,Ascorbic acid (vitamin C),vitamin,586
108,0.00041517614313834353,0.0003279917420448491,0.0007431678851831926,0.00026646963451766283,0.00026440695289815504,0.0005308765874158178,0.007042253521126761,0.0001487065086206807,6.358478914669406e-05,0.00021229129776737475,Ash,food_matrix,20257
109,0.00016866905249165838,0.0002252345155965935,0.00039390356808825187,0.00013343153337285236,0.0001384332295688667,0.00027186476294171905,0.007042253521126761,3.523751911880602e-05,8.68012860277268e-05,0.00012203880514653282,Aspartic acid,amino_acid,8432
110,0.00046086019583017575,0.00027351495841133975,0.0007343751542415155,0.0003157596013368187,0.0003990465152093073,0.0007148061165461261,0.007042253521126761,0.00014510059449335705,-0.00012553155679796756,1.956903769538944e-05,Available carbohydrate,macronutrient,4210
111,0.0006785582877446679,0.0003133687120089704,0.0009919269997536383,0.00046441062977739403,0.0005181388139161345,0.0009825494436935284,0.007042253521126761,0.0002141476579672739,-0.00020477010190716408,9.377556060109933e-06,Beta-sitosterol,sterol,207
112,0.0009134700175204452,0.0005785488594745378,0.0014920188769949828,0.00062123698591209,0.0006918724049655117,0.0013131093908776018,0.007042253521126761,0.0002922330316083552,-0.00011332354549097392,0.00017890948611738104,Betaine,amino_acid,2764
113,0.0018528816284090496,0.0010149557964546844,0.0028678374248637343,0.001086671865303399,0.0011869567831857453,0.0022736286484891445,0.00704225352112676,0.0007662097631056506,-0.00017200098673106085,0.0005942087763745898,Biotin,vitamin,9884
114,0.0004029419019540964,0.0003739241831996576,0.000776866085153754,0.0003812346046441677,0.0003566858858874524,0.0007379204905316201,0.007042253521126761,2.1707297309928725e-05,1.7238297312205224e-05,3.894559462213395e-05,Butyric acid (4:0),fatty_acid,12666
115,0.001389293131797764,0.0009288330671221134,0.0023181261989198773,0.0008637502445363801,0.0009484180544892147,0.0018121682990255947,0.007042253521126761,0.000525542887261384,-1.958498736710128e-05,0.0005059578998942826,Calcium,mineral,39116
116,0.0006089194412976005,0.0005793148003385469,0.0011882342416361475,0.0009021287345963711,0.0012364136275829095,0.0021385423621792807,0.007042253521126761,-0.0002932092932987706,-0.0006570988272443626,-0.0009503081205431332,Campesterol,sterol,171
117,0.0019371913045052246,5.047393421797813e-06,0.0019422386979270224,0.0008930767255680998,0.0009601768951584341,0.0018532536207265338,0.007042253521126761,0.0010441145789371249,-0.0009551295017366363,8.89850772004886e-05,"Carotene, alpha",vitamin,13702
118,0.0021650063279588807,0.0010568684167055124,0.0032218747446643927,0.0014650790246086727,0.0014470925153742397,0.0029121715399829124,0.007042253521126761,0.0006999273033502079,-0.00039022409866872726,0.00030970320468148025,"Carotene, beta",vitamin,20968
119,0.0030230858845864002,0.0007555816160567595,0.0037786675006431596,0.002362270465364284,0.000767210160339467,0.0031294806257037514,0.007042253521126761,0.0006608154192221161,-1.1628544282707518e-05,0.0006491868749394082,Cellulose,dietary_fibre,69
120,0.0005528045682213509,0.0008527638371085951,0.0014055684053299459,0.0008206708597473413,0.0006982259306675015,0.0015188967904148428,0.00704225352112676,-0.0002678662915259904,0.00015453790644109357,-0.00011332838508489691,Chloride,mineral,1874
121,0.0013563000959924277,0.000647597670240758,0.0020038977662331856,0.0010171753710573567,0.0008439693489455577,0.0018611447200029144,0.00704225352112676,0.00033912472493507107,-0.0001963716787047997,0.00014275304623027115,Cholecalciferol (vitamin D3),vitamin,3865
122,0.0006558848121489872,0.0002715543230036608,0.0009274391351526479,0.0002392043525120087,0.000265252576985367,0.0005044569294973757,0.007042253521126761,0.0004166804596369785,6.301746018293804e-06,0.00042298220565527224,Cholesterol,sterol,22719
123,0.0004347718514617259,0.0005048138592739374,0.0009395857107356633,0.00025304458658844195,0.00029507034673891246,0.0005481149333273544,0.007042253521126761,0.00018172726487328397,0.00020974351253502492,0.00039147077740830894,"Choline, total",vitamin,10549
124,0.0016612444487414508,0.0011290137830520695,0.0027902582317935205,0.0014166729725338585,0.0014363753119323996,0.0028530482844662582,0.007042253521126761,0.0002445714762075923,-0.0003073615288803301,-6.279005267273777e-05,Chromium,mineral,1560
125,0.0007943675922588799,0.0004963544482670223,0.0012907220405259023,0.00048511972852487996,0.0005045301215768251,0.0009896498501017052,0.007042253521126761,0.0003092478637339999,-8.175673309802792e-06,0.00030107219042419713,Cobalamin (vitamin B12),vitamin,25560
126,0.0004455263204902815,0.00041126085481082693,0.0008567871753011085,0.0005708987214439741,0.0006004216219886516,0.0011713203434326259,0.00704225352112676,-0.00012537240095369262,-0.0001891607671778247,-0.00031453316813151737,Conjugated linoleic acids (18:2 CLA isomers),fatty_acid,469
127,0.001130294184450922,0.0006996765130579715,0.0018299706975088935,0.0007069589654406817,0.0006816400606595475,0.001388599026100229,0.007042253521126761,0.00042333521901024033,1.803645239842398e-05,0.0004413716714086644,Copper,mineral,28684
128,0.0017855671655011766,4.2768623423333005e-05,0.0018283357889245096,0.0009494782324446073,0.0009189610734423152,0.0018684393058869225,0.007042253521126761,0.0008360889330565693,-0.0008761924500189822,-4.0103516962412865e-05,"Cryptoxanthin, beta",vitamin,13291
129,0.00021308944931371082,0.00031732799007621725,0.0005304174393899281,0.00017073209518855874,0.00019299244588394057,0.0003637245410724993,0.007042253521126761,4.235735412515208e-05,0.00012433554419227669,0.00016669289831742882,Cystine,amino_acid,8477
130,0.0010058545347519643,0.0005769170050665357,0.0015827715398185,0.0007833067641260806,0.0008216913800001213,0.0016049981441262017,0.007042253521126761,0.00022254777062588377,-0.0002447743749335856,-2.2226604307701726e-05,Decanoic acid (10:0),fatty_acid,16906
131,0.0006562858352875089,0.0005474146549323875,0.0012037004902198964,0.0004356691712621276,0.00042537490830721976,0.0008610440795693474,0.007042253521126761,0.00022061666402538131,0.00012203974662516773,0.00034265641065054904,"Dietary fibre, total",macronutrient,14402
132,0.0005804131794221975,0.00032916752847786797,0.0009095807079000655,0.0004507267861728577,0.0004791987132960503,0.0009299254994689079,0.00704225352112676,0.00012968639324933978,-0.0001500311848181823,-2.0344791568842422e-05,Docosahexaenoic acid (DHA; 22:6n-3),fatty_acid,16450
133,0.0013137604645795612,0.0008164406788067278,0.002130201143386289,0.0009182966180333147,0.0010242213126408107,0.0019425179306741254,0.007042253521126761,0.0003954638465462465,-0.00020778063383408284,0.00018768321271216354,Docosanoic acid (22:0),fatty_acid,5733
134,0.0006368555434644477,0.0003822309118308882,0.001019086455295336,0.00042548448930195367,0.00042176678098959766,0.0008472512702915513,0.00704225352112676,0.000211371054162494,-3.953586915870946e-05,0.0001718351850037846,Docosapentaenoic acid (DPA; 22:5n-3),fatty_acid,16689
135,0.0011088091830891427,0.00020794873920792635,0.0013167579222970692,0.0006771698767172204,0.000683035474198662,0.0013602053509158825,0.007042253521126761,0.00043163930637192224,-0.0004750867349907357,-4.3447428618813245e-05,Docosatetraenoic acid (22:4; isomer unspecified),fatty_acid,335
136,0.0010477481283223979,9.634414775164786e-05,0.0011440922760740458,0.0005607256699152306,0.0007081825370787628,0.0012689082069939934,0.007042253521126761,0.0004870224584071673,-0.0006118383893271149,-0.0001248159309199476,Docosenoic acid (22:1; cis/trans unspecified),fatty_acid,3902
137,0.0016075621799229662,0.0008057919178704242,0.0024133540977933905,0.0011007218020633444,0.0012379162587599153,0.0023386380608232597,0.007042253521126762,0.0005068403778596218,-0.0004321243408894911,7.47160369701308e-05,Dodecanoic acid (12:0),fatty_acid,19138
138,0.0007965904591289342,0.0009138732620194752,0.0017104637211484094,0.0006856113843315604,0.0007609794193834739,0.0014465908037150344,0.007042253521126761,0.00011097907479737379,0.0001528938426360013,0.000263872917433375,Eicosanoic acid (20:0),fatty_acid,5470
139,0.0007305613644497699,0.0003721727118919258,0.0011027340763416957,0.0005669199881699089,0.0005883008401967205,0.0011552208283666294,0.007042253521126761,0.00016364137627986096,-0.0002161281283047947,-5.248675202493367e-05,Eicosapentaenoic acid (EPA; 20:5n-3),fatty_acid,18180
140,0.0003409718585223115,0.0004083344090348195,0.000749306267557131,0.00029143724924636733,0.0003996116921124643,0.0006910489413588317,0.00704225352112676,4.9534609275944154e-05,8.72271692235521e-06,5.825732619829931e-05,Eicosatetraenoic acid (20:4; isomer unspecified),fatty_acid,4211
141,0.001178581821633163,0.00016832208766766094,0.0013469039093008239,0.0007072020581820113,0.0006641363709009801,0.0013713384290829913,0.007042253521126762,0.00047137976345115165,-0.0004958142832333192,-2.443451978216744e-05,Eicosatrienoic acid (20:3; isomer unspecified),fatty_acid,1065
142,0.0004076133500101649,0.0009121129770354359,0.001319726327045601,0.000483035242992055,0.0009239659296708138,0.0014070011726628688,0.007042253521126761,-7.542189298189009e-05,-1.185295263537783e-05,-8.727484561726786e-05,Eicosatrienoic acid (20:3n-3),fatty_acid,318
143,0.0004958565538250812,0.0005201915609388218,0.001016048114763903,0.00047953227330263076,0.0005359818767429013,0.0010155141500455321,0.00704225352112676,1.6324280522450444e-05,-1.579031580407951e-05,5.339647183709873e-07,Eicosatrienoic acid (20:3n-6),fatty_acid,1284
144,0.0008763670488932773,0.0009173801566565462,0.0017937472055498235,0.0006430024510595988,0.000814371365201532,0.0014573738162611308,0.007042253521126761,0.00023336459783367851,0.00010300879145501418,0.0003363733892886927,Eicosenoic acid (20:1; isomer unspecified),fatty_acid,14951
147,0.00011494417501569709,1.203424081923709e-06,0.0001161475990976208,4.973158081172016e-05,5.5053084784138385e-05,0.00010478466559585854,0.007042253521126761,6.521259420397693e-05,-5.384966070221468e-05,1.136293350176225e-05,Ethanol,ethanol,17741
148,0.0003598699814900344,0.00028276417143291205,0.0006426341529229464,0.000227566380132648,0.0002263598177416931,0.0004539261978743411,0.007042253521126761,0.0001323036013573864,5.640435369121894e-05,0.00018870795504860534,"Fat, total",macronutrient,27749
149,0.0002707718531599137,0.000505865011653797,0.0007766368648137108,0.00026538122243109007,0.0002833192253683049,0.000548700447799395,0.007042253521126761,5.3906307288236355e-06,0.00022254578628549216,0.00022793641701431585,"Fatty acids, total monounsaturated",fatty_acid,22471
150,0.0005979095698705299,0.0007180994648687127,0.0013160090347392424,0.0004842094351090001,0.0005428434404541397,0.0010270528755631399,0.007042253521126761,0.00011370013476152979,0.00017525602441457295,0.00028895615917610257,"Fatty acids, total polyunsaturated",fatty_acid,22517
151,0.0003561055750330996,0.00045972264720589817,0.0008158282222389978,0.0003433906990834236,0.000314520872238431,0.0006579115713218546,0.007042253521126761,1.2714875949676008e-05,0.00014520177496746717,0.00015791665091714324,"Fatty acids, total saturated",fatty_acid,23183
152,0.0008312881572481781,0.0005869227182405488,0.001418210875488727,0.0006381521411030652,0.000715833850449276,0.0013539859915523414,0.007042253521126761,0.00019313601614511292,-0.00012891113220872726,6.422488393638555e-05,"Fatty acids, total trans",fatty_acid,6323
153,0.0007524969588932785,0.0006745368159893876,0.0014270337748826661,0.0006733627051359923,0.000743028799401279,0.0014163915045372713,0.007042253521126761,7.913425375728625e-05,-6.849198341189137e-05,1.0642270345394885e-05,"Fatty acids, total trans-monoenoic",fatty_acid,2792
154,0.0006680617695844035,0.0009295186802251015,0.0015975804498095049,0.0006378573378672645,0.0007380456162399018,0.0013759029541071663,0.007042253521126761,3.0204431717139072e-05,0.00019147306398519968,0.00022167749570233854,"Fatty acids, total trans-polyenoic",fatty_acid,2496
155,0.0011084521718331805,0.0008644512902821271,0.0019729034621153076,0.0006925650241471809,0.0006892625622500304,0.0013818275863972114,0.007042253521126761,0.0004158871476859996,0.0001751887280320967,0.0005910758757180963,"Folate, food",vitamin,17790
156,0.0011366088874845011,0.000949409477006768,0.002086018364491269,0.0007411977061157018,0.0007532562912423027,0.0014944539973580045,0.007042253521126761,0.00039541118136879935,0.00019615318576446524,0.0005915643671332645,"Folate, total",vitamin,21997
157,0.0007518200675582795,0.00045404891050855015,0.0012058689780668297,0.0005020802161631708,0.0005280712408426975,0.0010301514570058685,0.00704225352112676,0.0002497398513951087,-7.402233033414738e-05,0.00017571752106096124,Folic acid,vitamin,17266
158,0.0011810035655902581,0.000807940035875407,0.001988943601465665,0.0010145231030171745,0.0010860936675428274,0.002100616770560002,0.007042253521126761,0.00016648046257308367,-0.00027815363166742047,-0.00011167316909433712,Fructose,carbohydrate,10967
159,0.001434915868392219,8.730625355249184e-05,0.0015222221219447108,0.0007227269682805274,0.0007102356564375827,0.00143296262471811,0.00704225352112676,0.0007121889001116916,-0.0006229294028850909,8.925949722660077e-05,Galactose,carbohydrate,8120
160,0.0013367593636777622,0.0008630970026966791,0.0021998563663744412,0.0010276847385179975,0.0011209960956292538,0.0021486808341472513,0.007042253521126761,0.0003090746251597648,-0.00025789909293257474,5.117553222718993e-05,Glucose,carbohydrate,11206
161,0.0001346342295632692,0.00025366658942790914,0.0003883008189911784,0.00012083652998638442,0.00013473691049176924,0.00025557344047815367,0.007042253521126761,1.3797699576884788e-05,0.0001189296789361399,0.0001327273785130247,Glutamic acid,amino_acid,8601
162,0.0002664215940134237,0.0003396955192472663,0.0006061171132606901,0.00019423571969832737,0.0002466865400369669,0.0004409222597352943,0.007042253521126762,7.218587431509634e-05,9.300897921029944e-05,0.00016519485352539578,Glycine,amino_acid,9525
165,0.0005247331597104493,0.0005666778141656811,0.0010914109738761303,0.000504940225255618,0.0005027617468137604,0.0010077019720693785,0.007042253521126761,1.9792934454831252e-05,6.391606735192071e-05,8.370900180675175e-05,Heptadecanoic acid (17:0),fatty_acid,6293
166,0.0006490591743530535,0.0006592311211467015,0.001308290295499755,0.0006165865083382355,0.0006086028936812883,0.0012251894020195238,0.00704225352112676,3.247266601481803e-05,5.0628227465413195e-05,8.310089348023122e-05,Heptadecenoic acid (17:1; isomer unspecified),fatty_acid,4818
167,0.00032633348357423295,0.0005177060184848287,0.0008440395020590616,0.0002864947887320941,0.00033734829998690875,0.0006238430887190029,0.007042253521126761,3.9838694842138844e-05,0.00018035771849791998,0.00022019641334005877,Hexadecanoic acid (16:0),fatty_acid,19586
168,0.0008918601331025146,0.0007006255788514763,0.0015924857119539908,0.0007283690831477813,0.0007843444906354191,0.0015127135737832004,0.007042253521126761,0.00016349104995473337,-8.371891178394282e-05,7.977213817079044e-05,Hexadecenoic acid (16:1; cis/trans unspecified),fatty_acid,4679
169,0.00037922297987675235,0.0002805638107771813,0.0006597867906539337,0.0003452159480828042,0.00031911296164404443,0.0006643289097268487,0.007042253521126761,3.400703179394813e-05,-3.854915086686314e-05,-4.5421190729150055e-06,Hexanoic acid (6:0),fatty_acid,14771
170,0.00014178021729011539,0.00028627675106235957,0.00042805696835247493,0.000137657527915238,0.00014427073749269162,0.0002819282654079296,0.007042253521126761,4.122689374877399e-06,0.00014200601356966795,0.00014612870294454533,Histidine,amino_acid,8652
171,0.0002091629157429762,0.0003766699103940157,0.0005858328261369919,0.00016547966419085036,0.00028980235771945283,0.0004552820219103032,0.00704225352112676,4.3683251552125845e-05,8.686755267456287e-05,0.00013055080422668872,Hydroxyproline,amino_acid,1676
172,0.0003020850954248268,0.0016868364947118582,0.001988921590136685,0.0004115508115762771,0.0011892189309317396,0.0016007697425080168,0.007042253521126761,-0.00010946571615145031,0.0004976175637801186,0.0003881518476286682,Insoluble dietary fibers,dietary_fibre,158
173,0.0010539724801617639,0.0007230594524901667,0.0017770319326519306,0.0006967057568362131,0.00069763213790782,0.0013943378947440333,0.00704225352112676,0.0003572667233255508,2.5427314582346676e-05,0.00038269403790789735,Iron,mineral,32795
174,0.00010637638853165066,0.0002508348662120364,0.00035721125474368705,0.00011168009252456383,0.00012183179710782985,0.00023351188963239368,0.007042253521126761,-5.3037039929131725e-06,0.00012900306910420655,0.00012369936511129337,Isoleucine,amino_acid,8660
175,0.0029157179216623397,0.0013332164644114927,0.004248934386073833,0.0023719075303753486,0.0017130296147366622,0.004084937145112011,0.007042253521126761,0.0005438103912869911,-0.0003798131503251695,0.0001639972409618216,Isomeric linoleic acids (18:2),fatty_acid,44
176,0.002408876076759928,0.0021366265599028853,0.0045455026366628135,0.0022948820479335623,0.003006208928805418,0.00530109097673898,0.00704225352112676,0.00011399402882636585,-0.0008695823689025325,-0.0007555883400761666,Isomeric linolenic acids (18:3),fatty_acid,68
177,0.0004029618927113551,0.0002870292962767338,0.0006899911889880889,0.0003073625303779453,0.0004211134851819866,0.0007284760155599319,0.007042253521126761,9.559936233340983e-05,-0.0001340841889052528,-3.848482657184296e-05,Lactose,carbohydrate,10711
178,9.972632612085471e-05,0.00021506429297517575,0.0003147906190960305,0.00010703934363273453,0.00012129160095954573,0.00022833094459228027,0.007042253521126761,-7.3130175118798205e-06,9.377269201563002e-05,8.645967450375021e-05,Leucine,amino_acid,8661
179,0.0019986144747995423,0.0028439893593842996,0.004842603834183842,0.0012334038635183865,0.0025054068240858464,0.0037388106876042326,0.00704225352112676,0.0007652106112811558,0.00033858253529845317,0.0011037931465796092,Lignin,dietary_fibre,59
180,0.0007575387933415218,0.0006770680897439104,0.0014346068830854322,0.0007357830462071568,0.0006998998704611884,0.0014356829166683452,0.007042253521126761,2.1755747134365047e-05,-2.2831780717278002e-05,-1.0760335829129546e-06,Linoleic acid (18:2n-6),fatty_acid,7708
181,0.001478032170689729,0.0009398953768992874,0.0024179275475890165,0.0011186179509622975,0.001129619977841154,0.0022482379288034514,0.007042253521126761,0.0003594142197274315,-0.00018972460094186664,0.0001696896187855651,Lutein + zeaxanthin,vitamin,7134
182,0.0006444791885710364,1.881379606810497e-05,0.0006632929846391414,0.00032243792149243115,0.0002975617021800775,0.0006199996236725087,0.007042253521126761,0.00032204126707860523,-0.00027874790611197254,4.329336096663269e-05,Lycopene,vitamin,11469
183,0.0001360212674161434,0.0002787175067277205,0.0004147387741438639,0.00013339547468503186,0.00014156860940015345,0.0002749640840851853,0.007042253521126761,2.6257927311115444e-06,0.00013714889732756704,0.0001397746900586786,Lysine,amino_acid,8681
184,0.0007129877934534757,0.000534679023184225,0.0012476668166377005,0.0004685328156862074,0.00047531819299873035,0.0009438510086849378,0.007042253521126762,0.00024445497776726826,5.936083018549462e-05,0.0003038158079527628,Magnesium,mineral,35492
185,0.0013120673179258756,0.0005338452597778673,0.001845912577703743,0.0008637691569188962,0.0010103467657373885,0.0018741159226562847,0.007042253521126761,0.0004482981610069794,-0.0004765015059595212,-2.8203344952541657e-05,Maltose,carbohydrate,10771
186,0.0013603819384917508,0.0008061725150464358,0.002166554453538187,0.0008859546012749706,0.000960706675791147,0.0018466612770661175,0.007042253521126761,0.00047442733721678025,-0.00015453416074471117,0.0003198931764720693,Manganese,mineral,18010
188,0.00047356316871752214,0.0005198417439124014,0.0009934049126299235,0.0002720302846389456,0.0009762929584984503,0.0012483232431373958,0.007042253521126761,0.00020153288407857655,-0.000456451214586049,-0.00025491833050747233,Menaquinone-4,vitamin,94
189,0.0001616563215755834,0.00029701572278064976,0.0004586720443562332,0.00013880166199015486,0.00014099737420640097,0.00027979903619655585,0.007042253521126761,2.2854659585428534e-05,0.0001560183485742488,0.00017887300815967733,Methionine,amino_acid,8681
190,0.0014049926495599554,0.0009846369906594012,0.0023896296402193566,0.001421253355816326,0.0010344196835369262,0.0024556730393532522,0.007042253521126761,-1.626070625637059e-05,-4.9782692877525054e-05,-6.604339913389564e-05,Molybdenum,mineral,1011
191,0.000764751589323289,0.0007640099189220502,0.0015287615082453393,0.0005242986323542671,0.0005455863017682919,0.0010698849341225591,0.00704225352112676,0.00024045295696902187,0.00021842361715375825,0.0004588765741227801,Niacin,vitamin,30892
192,0.0006811424331982349,0.0006148372705227684,0.0012959797037210034,0.0006064923695753402,0.0004984723912282136,0.0011049647608035538,0.007042253521126761,7.465006362289471e-05,0.0001163648792945548,0.00019101494291744962,Nicotinic acid,vitamin,6362
193,0.0012432350539236,0.0008649457004175772,0.002108180754341177,0.0011129830211535406,0.0011058488611325405,0.002218831882286081,0.007042253521126761,0.00013025203277005942,-0.00024090316071496325,-0.00011065112794490404,Octadecadienoic acid (18:2; isomer unspecified),fatty_acid,4923
194,0.00046944285413794335,0.0005778717451034492,0.0010473145992413925,0.00037703058016306346,0.00043591319971023843,0.0008129437798733019,0.007042253521126761,9.241227397487989e-05,0.00014195854539321076,0.00023437081936809065,Octadecanoic acid (18:0),fatty_acid,19517
195,0.00038056055128596675,0.00011726129250815238,0.0004978218437941191,0.0003274440725455451,0.00031464696493009353,0.0006420910374756386,0.00704225352112676,5.3116478740421625e-05,-0.00019738567242194116,-0.00014426919368151954,Octadecatetraenoic acid (18:4; isomer unspecified),fatty_acid,3901
196,0.0015245026039569245,0.0010265103922644338,0.002551012996221358,0.0012047612953145542,0.0012761463193762597,0.002480907614690814,0.007042253521126761,0.00031974130864237025,-0.0002496359271118259,7.010538153054413e-05,Octadecatrienoic acid (18:3; isomer unspecified),fatty_acid,4835
197,0.0008608380076405932,0.0006659327982892401,0.0015267708059298333,0.0008112870707591124,0.0008200788644983095,0.001631365935257422,0.007042253521126761,4.95509368814808e-05,-0.00015414606620906945,-0.00010459512932758865,Octadecenoic acid (18:1; cis/trans unspecified),fatty_acid,4910
198,0.0008840635447995299,0.00037354292268329607,0.001257606467482826,0.0006092590492487047,0.0007005637395515884,0.0013098227888002933,0.007042253521126761,0.0002748044955508251,-0.0003270208168682924,-5.221632131746732e-05,Octanoic acid (8:0),fatty_acid,15315
199,0.0008300637518967083,0.0007142358479889818,0.00154429959988569,0.0005369211874775939,0.0005535165218438448,0.0010904377093214387,0.007042253521126761,0.00029314256441911445,0.00016071932614513697,0.0004538618905642513,Pantothenic acid (vitamin B5),vitamin,16490
200,0.0008047771347528534,0.0006024374664015782,0.0014072146011544315,0.0006625723464886901,0.0006689871386034482,0.0013315594850921383,0.00704225352112676,0.0001422047882641633,-6.654967220186996e-05,7.565511606229323e-05,Pentadecanoic acid (15:0),fatty_acid,5999
201,0.0007878089770976941,7.893259863978136e-07,0.000788598303084092,0.0003158779157754357,0.0003173498441875347,0.0006332277599629704,0.007042253521126761,0.0004719310613222584,-0.00031656051820113686,0.0001553705431211216,Pentadecenoic acid (15:1; isomer unspecified),fatty_acid,4236
202,9.430509374765607e-05,0.00022262229781533813,0.0003169273915629942,9.583437041158429e-05,0.00013577746453030939,0.00023161183494189367,0.00704225352112676,-1.5292766639282224e-06,8.684483328502874e-05,8.531555662110054e-05,Phenylalanine,amino_acid,8673
203,0.0004928955066852593,0.0004468341163612245,0.0009397296230464838,0.0003483748470987744,0.00035829947343481204,0.0007066743205335865,0.007042253521126761,0.0001445206595864849,8.853464292641244e-05,0.00023305530251289735,Phosphorus,mineral,31130
204,0.0004042634389099401,0.000728147948029487,0.0011324113869394272,0.0005372011880106758,0.000810204722077128,0.0013474059100878038,0.007042253521126761,-0.00013293774910073567,-8.205677404764104e-05,-0.00021499452314837665,Phytosterols,sterol,398
205,0.0006304044727231836,0.0005677718214315364,0.00119817629415472,0.0004614857976339623,0.00046187165591099103,0.0009233574535449533,0.007042253521126761,0.00016891867508922134,0.00010590016552054538,0.0002748188406097666,Potassium,mineral,31399
206,0.0001992841206835762,0.00024186487980461078,0.00044114900048818697,0.0001652291796836335,0.00016951290062759697,0.0003347420803112305,0.00704225352112676,3.4054940999942704e-05,7.235197917701382e-05,0.00010640692017695647,Proline,amino_acid,8583
207,0.0002879792927652543,0.0003391804698238029,0.0006271597625890572,0.00020617328390331894,0.0002175742653753878,0.0004237475492787067,0.007042253521126761,8.180600886193538e-05,0.00012160620444841513,0.00020341221331035049,"Protein, total",macronutrient,26382
208,0.0013317637402609692,0.00054873952091439,0.0018805032611753593,0.0007133781583256528,0.000911461005655181,0.0016248391639808338,0.007042253521126761,0.0006183855819353164,-0.000362721484740791,0.0002556640971945255,Retinol,vitamin,28747
209,0.0008181719893874756,0.0006826602221339827,0.0015008322115214582,0.0004948069311839794,0.0005391079115815975,0.0010339148427655769,0.007042253521126761,0.0003233650582034962,0.00014355231055238526,0.00046691736875588137,Riboflavin (vitamin B2),vitamin,27092
210,0.0007809078122824424,0.0007220469796242623,0.0015029547919067046,0.000523498305444354,0.000549154035509198,0.001072652340953552,0.007042253521126761,0.00025740950683808843,0.00017289294411506435,0.00043030245095315267,"Selenium, Se",mineral,24283
211,0.00010821096357183744,0.00020575037709049258,0.00031396134066233,0.00010171198686423496,0.00011771368524831911,0.00021942567211255407,0.007042253521126761,6.498976707602482e-06,8.803669184217347e-05,9.453566854977595e-05,Serine,amino_acid,8568
212,0.0011145798396936227,0.0008525966039055928,0.0019671764435992153,0.0009217640517974492,0.000833847627794049,0.0017556116795914981,0.007042253521126761,0.00019281578789617348,1.874897611154377e-05,0.00021156476400771714,Sodium,mineral,26623
213,0.0006241615488455206,0.00040194587107948726,0.0010261074199250078,0.00036930884523933756,0.0014948057523786111,0.0018641145976179487,0.007042253521126762,0.00025485270360618305,-0.0010928598812991238,-0.0008380071776929409,Sorbitol,carbohydrate,76
214,0.0005277636720904915,0.0004988534758729693,0.0010266171479634608,0.0005577013794744997,0.0005320450979173121,0.001089746477391812,0.007042253521126761,-2.9937707384008203e-05,-3.319162204434281e-05,-6.312932942835123e-05,Starch,carbohydrate,7534
215,0.0003119177036698428,4.707405713949726e-08,0.0003119647777269823,0.0002315940675092646,0.00010849572233847607,0.00034008978984774067,0.007042253521126761,8.032363616057822e-05,-0.00010844864828133657,-2.8125012120758382e-05,Stearidonic acid,fatty_acid,835
216,0.0006157830625633784,0.0006710882195785366,0.001286871282141915,0.0009494423570008013,0.0007719485006187541,0.0017213908576195554,0.007042253521126761,-0.00033365929443742294,-0.0001008602810402175,-0.00043451957547764033,Stigmasterol,sterol,210
217,0.0014777870833059075,0.0010810847266812438,0.002558871809987151,0.0011441769907860272,0.001350218807774474,0.0024943957985605015,0.007042253521126761,0.00033361009251988024,-0.0002691340810932303,6.44760114266495e-05,Sucrose,carbohydrate,5683
218,0.0008102043392690773,0.0009920096550703596,0.001802213994339437,0.0007912423748118521,0.0007236233239673221,0.0015148656987791743,0.007042253521126761,1.8961964457225194e-05,0.00026838633110303747,0.00028734829556026267,"Sugars, total",carbohydrate,18095
219,0.0020218470750821187,0.0012410491850581888,0.0032628962601403072,0.0015850093642267899,0.0012580134862470423,0.002843022850473832,0.007042253521126761,0.00043683771085532884,-1.6964301188853543e-05,0.0004198734096664751,Sulfur,mineral,93
220,0.000893543204546275,0.000686987213753511,0.001580530418299786,0.0006209583027270417,0.0008090056773537416,0.0014299639800807833,0.007042253521126761,0.0002725849018192333,-0.00012201846360023058,0.00015056643821900273,Tetracosanoic acid (24:0),fatty_acid,4423
221,0.0008240538940015496,0.0008074118024420277,0.0016314656964435772,0.000707422349354444,0.0006703295001114876,0.0013777518494659316,0.007042253521126761,0.00011663154464710559,0.00013708230233054012,0.0002537138469776456,Tetradecanoic acid (14:0),fatty_acid,18875
222,0.0006799262885701612,0.0005254058615694875,0.0012053321501396487,0.0005980749953687456,0.0006449306421386338,0.0012430056375073795,0.007042253521126761,8.185129320141559e-05,-0.0001195247805691463,-3.767348736773081e-05,Tetradecenoic acid (14:1; isomer unspecified),fatty_acid,5438
223,0.0009346859047046969,0.0008492189570436793,0.0017839048617483762,0.0006971953204219007,0.0006802053533652032,0.0013774006737871038,0.00704225352112676,0.00023749058428279622,0.0001690136036784761,0.00040650418796127244,Thiamin (vitamin B1),vitamin,29067
224,0.00011506073365871647,0.00024466184593547105,0.0003597225795941875,0.00011374108594628439,0.00012484069007785286,0.00023858177602413726,0.00704225352112676,1.3196477124320888e-06,0.0001198211558576182,0.00012114080357005026,Threonine,amino_acid,8656
225,0.0013321333310035946,0.0008174737122613094,0.002149607043264904,0.0008339750011527062,0.0009877184121535785,0.0018216934133062847,0.007042253521126761,0.0004981583298508884,-0.0001702446998922691,0.0003279136299586191,"Tocopherol, beta",vitamin,7747
226,0.0015624887921808013,0.000814597742435135,0.002377086534615936,0.0010341036080219446,0.001129678744743363,0.002163782352765308,0.007042253521126761,0.0005283851841588567,-0.000315081002308228,0.0002133041818506284,"Tocopherol, delta",vitamin,7687
227,0.0017097554052894488,0.0013482840764915333,0.003058039481780982,0.00143066033401668,0.001537776174277224,0.002968436508293904,0.007042253521126761,0.00027909507127276876,-0.00018949209778569066,8.96029734870781e-05,"Tocopherol, gamma",vitamin,8262
228,0.002068219655124003,0.000986964249028519,0.0030551839041525215,0.0014707375578695322,0.0016720141105545905,0.003142751668424123,0.007042253521126761,0.0005974820972544706,-0.0006850498615260715,-8.75677642716015e-05,"Tocotrienol, alpha",vitamin,5437
229,0.0005000335630587688,0.0004545983604820994,0.0009546319235408682,0.00042996783835657265,0.00056071214430921,0.0009906799826657827,0.00704225352112676,7.006572470219611e-05,-0.00010611378382711055,-3.6048059124914496e-05,"Tocotrienol, beta",vitamin,1186
230,0.00023146804627929997,5.4333233785230686e-05,0.00028580128006453067,0.0001844050030984874,0.0003032043062369285,0.00048760930933541586,0.007042253521126761,4.706304318081257e-05,-0.0002488710724516978,-0.00020180802927088518,"Tocotrienol, delta",vitamin,1161
231,0.0017391164884625156,0.0004380534415865865,0.002177169930049102,0.0011448463888883676,0.0012615766305361037,0.002406423019424471,0.007042253521126761,0.000594270099574148,-0.0008235231889495172,-0.0002292530893753691,"Tocotrienol, gamma",vitamin,1167
232,0.0003328811416543358,3.3856435250237754e-06,0.0003362667851793596,0.0002166135085100379,0.00023088025650572794,0.00044749376501576583,0.007042253521126761,0.00011626763314429793,-0.00022749461298070416,-0.00011122697983640621,Tridecanoic acid (13:0),fatty_acid,668
233,0.00030014338452750354,0.00043577719057210723,0.0007359205750996108,0.0002356232395845994,0.00025394287580296525,0.0004895661153875646,0.007042253521126761,6.452014494290413e-05,0.00018183431476914198,0.00024635445971204616,Tryptophan,amino_acid,15731
234,0.0001406052444879423,0.00027151232927663814,0.00041211757376458043,0.00012986134842126314,0.0001362056167949046,0.00026606696521616776,0.00704225352112676,1.0743896066679152e-05,0.00013530671248173355,0.00014605060854841267,Tyrosine,amino_acid,8612
235,0.00010693236456964727,0.0002474740895020524,0.00035440645407169965,0.0001070233733147278,0.00013952394780634826,0.0002465473211210761,0.007042253521126761,-9.100874508052945e-08,0.00010795014169570413,0.00010785913295062357,Valine,amino_acid,8661
236,0.0008326734877910501,0.0007014474155072113,0.0015341209032982614,0.0006842933024206314,0.0007033525583877068,0.001387645860808338,0.007042253521126761,0.0001483801853704187,-1.9051428804954832e-06,0.00014647504248992333,Vitamin B6 - Pyridoxin,vitamin,1774
237,0.001166374847950194,0.0006100014522067262,0.0017763763001569202,0.000706627056901455,0.0008456254366378347,0.0015522524935392898,0.007042253521126761,0.0004597477910487389,-0.0002356239844311086,0.00022412380661763045,Vitamin D (D2 + D3),vitamin,27304
238,0.0009488045407618079,0.0001282701780357239,0.0010770747187975318,0.0005816233676007898,0.0008103443221053223,0.0013919676897061121,0.007042253521126761,0.00036718117316101803,-0.0006820741440695984,-0.0003148929709085803,Vitamin D2 (ergocalciferol),vitamin,6511
239,0.00017568778853552992,0.0002994606547272528,0.0004751484432627827,0.00016663193832235204,0.00015922495336467092,0.00032585689168702296,0.007042253521126761,9.055850213177883e-06,0.0001402357013625819,0.00014929155157575975,Water,food_matrix,30210
241,0.0007356704878542922,0.0006713139697377676,0.00140698445759206,0.0005202086620357438,0.0005477891027190312,0.0010679977647547751,0.00704225352112676,0.00021546182581854843,0.0001235248670187364,0.00033898669283728483,Zinc,mineral,31918
242,0.0010214182739707158,0.0004258604188073346,0.0014472786927780502,0.0009007448310630395,0.0007404326620677035,0.001641177493130743,0.007042253521126761,0.00012067344290767621,-0.0003145722432603689,-0.00019389880035269283,"cis,cis-Eicosadienoic acid (20:2n-6)",fatty_acid,1216
243,0.0019937407142580233,0.001085515780029564,0.0030792564942875873,0.0010508386648754458,0.00167454169147036,0.0027253803563458056,0.007042253521126761,0.0009429020493825775,-0.0005890259114407961,0.0003538761379417816,cis-Docosenoic acid (22:1 cis),fatty_acid,298
244,0.0004434146000041618,0.00047367517411240804,0.0009170897741165698,0.0003086738989895565,0.0005627012578776253,0.0008713751568671819,0.007042253521126761,0.0001347407010146053,-8.902608376521723e-05,4.571461724938797e-05,cis-Hexadecenoic acid (16:1 cis),fatty_acid,385
245,0.0009130003701696901,0.0004532760484422527,0.0013662764186119429,0.0006216903106078986,0.000646217207998976,0.0012679075186068747,0.007042253521126761,0.0002913100595617915,-0.00019294115955672332,9.836890000506824e-05,cis-Octadecenoic acid (18:1 cis),fatty_acid,759
246,0.0010553826788167312,0.0005431258475182815,0.0015985085263350127,0.0008873628092104244,0.0016166370847065167,0.002503999893916941,0.00704225352112676,0.00016801986960630682,-0.0010735112371882353,-0.0009054913675819285,cis-Tetracosenoic acid (24:1 cis),fatty_acid,461
247,0.0006954204513809543,0.0007523767967820697,0.001447797248163024,0.0010508142330682602,0.0007550160214254435,0.001805830254493704,0.007042253521126761,-0.0003553937816873059,-2.639224643373808e-06,-0.0003580330063306799,"trans,trans-Linoleic acid (18:2 trans,trans)",fatty_acid,172
248,0.0003979861037429162,9.305118971761835e-06,0.000407291222714678,0.00020904391182103394,0.0006070617307318438,0.0008161056425528778,0.007042253521126761,0.00018894219192188224,-0.000597756611760082,-0.00040881441983819976,trans-Docosenoic acid (22:1 trans),fatty_acid,224
249,0.00030039112623573617,0.000375248386880509,0.0006756395131162451,0.0006215209728042437,0.0004988603717152813,0.001120381344519525,0.007042253521126761,-0.00032112984656850754,-0.00012361198483477236,-0.0004447418314032799,trans-Hexadecenoic acid (16:1 trans),fatty_acid,287
250,0.00121569078107776,0.0005114441349753858,0.0017271349160531456,0.00086426917030324,0.0010251841165763735,0.0018894532868796135,0.007042253521126761,0.0003514216107745199,-0.0005137399816009877,-0.0001623183708264679,trans-Linoleic acid (18:2; isomer unspecified),fatty_acid,335
251,0.0012789012313745862,0.0006965746678316238,0.00197547589920621,0.001148552279467527,0.001180498563975523,0.0023290508434430503,0.007042253521126761,0.00013034895190705922,-0.00048392389614389925,-0.00035357494423684036,trans-Octadecenoic acid (18:1 trans),fatty_acid,774
