stratification,stratum,source_cells,candidate_groups,supported_axes,macro_weight_mass,drop25_minus_mae_under,drop25_minus_mae_over,drop25_minus_mae_mae
concentration_bin,explicit_zero,66574,6030,138,0.2835426835840664,0.0,0.0014250591649191992,0.0014250591649191992
concentration_bin,positive_0.1s_to_1s,91833,7093,141,0.2891148545697656,0.0005041638779700007,0.004464220571515,0.004968384449484997
concentration_bin,positive_1s_to_10s,104899,6948,142,0.3299967984241648,0.004009782941242705,0.004755203240208301,0.008764986181450996
concentration_bin,positive_at_least_10s,9433,2873,112,0.03499057796118,0.0080573218204118,-0.000566650162607,0.007490671657804801
concentration_bin,positive_below_0.1s,21631,4907,119,0.0623550854608232,7.513184964700031e-06,0.0006367666979636001,0.0006442798829283001
context_bin,15_to_39,140857,4947,141,0.4998960816156424,0.005021660522314994,0.0055181957597709025,0.0105398562820858
context_bin,1_to_4,4995,823,103,0.012410066960434,0.0009065455037171001,0.0003936859109272997,0.0013002314146443004
context_bin,5_to_14,32617,2768,124,0.09397224917146,0.0035349706526460016,0.0012946874278874,0.0048296580805334
context_bin,at_least_40,115239,2969,118,0.3903976395013273,0.0019052146764536974,0.0035583643322766,0.005463579008730304
context_bin,none,662,445,66,0.0033239627511361,0.0012103904694576,-5.033391886309998e-05,0.0011600565505945001
label_stratum,explicit_zero,66574,6030,138,0.2835426835840664,0.0,0.0014250591649191992,0.0014250591649191992
label_stratum,positive,227796,7335,142,0.7164573164159336,0.012578781824589297,0.009289540347079898,0.02186832217166909
mask_family,amino_acid,33363,3024,20,0.1408450704225352,9.526165771679999e-05,0.0012485964402277,0.0013438580979445013
mask_family,carbohydrate,15773,4476,9,0.0633802816901408,0.00022436900704680095,0.0014056419037757001,0.0016300109108226008
mask_family,dietary_fibre,53,38,3,0.0211267605633802,0.0028409599164017,0.0006217310697706003,0.0034626909861724
mask_family,ethanol,3624,3138,1,0.0070422535211267,-3.2340416299995946e-08,1.2230430208815916e-06,1.1907026045000053e-06
mask_family,fatty_acid,75261,4446,54,0.3802816901408452,0.0057802094301903015,0.0026440535911972027,0.008424263021387407
mask_family,food_matrix,10094,5616,2,0.0140845070422535,0.00018281064268480007,-1.5596606013999932e-05,0.00016721403667070006
mask_family,macronutrient,13362,5186,4,0.028169014084507,-1.786156776159998e-05,0.0006878629545767003,0.0006700013868152
mask_family,mineral,63850,7048,14,0.0985915492957746,-0.0003244820452934002,0.0026215588933977997,0.002297076848104398
mask_family,sterol,5085,4003,5,0.0352112676056338,-0.0002737536655056001,0.0005165070022119999,0.0002427533367063998
mask_family,vitamin,73905,6692,30,0.2112676056338028,0.004071300789525702,0.0009830212198343978,0.0050543220093602
near_name_flag,False,262377,6610,142,0.8903825446234492,0.012334104027279594,0.008790538707646192,0.021124642734925897
near_name_flag,True,31993,734,136,0.1096174553765508,0.0002446777973096007,0.0019240608043528994,0.002168738601662501
scale_bin,at_least_1mg_typical,206544,7331,110,0.7746478873239436,0.0091691627231264,0.009027431928628607,0.018196594651755105
scale_bin,below_1mg_typical,87826,6900,32,0.2253521126760563,0.003409619101462806,0.0016871675833704004,0.005096786684833196
source_key,afcd,6707,247,64,0.0264096129352574,0.00024709252205330073,0.0008646055808014998,0.0011116981028548006
source_key,anfood_2_0,462,53,56,0.0008619622219765,-1.9423894939999894e-06,-4.693743297000004e-06,-6.636132791000007e-06
source_key,bangladesh_fct_2013,951,43,58,0.0016724081979596,-6.927800381999931e-07,5.171983828959999e-05,5.102705825129998e-05
source_key,biofoodcomp_4_0,120,116,2,0.0001588976335298,5.778197081771785e-06,-1.555347406609521e-06,4.222849675162258e-06
source_key,bls_4_0,17121,1089,17,0.0573774788263161,0.0001427278021453992,0.0011132973909397,0.0012560251930851009
source_key,ciqual,15786,521,54,0.0419683074302472,0.00019415967811519958,0.0006000158681733004,0.0007941755462884991
source_key,cnf,54569,922,98,0.1665679016814196,0.0006523938088063008,0.0022817783916779,0.002934172200484201
source_key,cofid,6026,423,16,0.0088438252333772,3.690916503549992e-05,0.00012458227288,0.00016149143791550024
source_key,efsa_eu_fcdb_2013,3642,345,11,0.0046879894895012,1.7564319689997426e-07,8.052705893389997e-05,8.070270213090007e-05
source_key,fndds,36340,790,46,0.0731218363257852,0.0007369159823074007,0.0007571100835353003,0.0014940260658427
source_key,foodb,40972,1303,89,0.2520059077892724,0.008012460246148503,0.001835378548865601,0.0098478387950141
source_key,frida,8088,187,72,0.0611854132877399,0.00048520149199049976,0.0004168384390407995,0.0009020399310312004
source_key,lesotho_fct_2006,975,40,31,0.0015638861510064,8.11732618110001e-06,1.1141035327999986e-05,1.9258361509000006e-05
source_key,mext_japan_2023,14297,390,79,0.0473294226603496,0.00023017937921409985,0.0007789460600356006,0.001009125439249801
source_key,norway,9759,287,37,0.0249051321972344,0.0001702325721371998,0.0001941045016636998,0.0003643370738008996
source_key,phyfoodcomp_1_0,661,266,4,0.0007748717930986,1.554569213780001e-05,7.956615962299995e-06,2.350230810019998e-05
source_key,smiling_cambodia_2013,241,11,25,0.0003817729762643,4.60561992267568e-06,5.364899142486863e-06,9.97051906519999e-06
source_key,smiling_indonesia_2013,221,17,13,0.0003050769571457,5.9617298921645095e-06,7.814378109815718e-06,1.377610800190001e-05
source_key,smiling_laos_2013,168,12,14,0.0002394688620448,-1.5518464362003178e-06,6.10511280511948e-06,4.553266368919159e-06
source_key,smiling_thailand_2013,269,17,17,0.0003628601603407,1.1752415924133939e-05,1.3350901966791795e-06,1.3087506120799993e-05
source_key,smiling_vietnam_2013,378,32,12,0.0004985272104277,1.0946856764694414e-05,3.2823430861545925e-07,1.12750910733e-05
source_key,swiss_fcdb_7_1,4047,168,25,0.0069333654945675,5.5010076751800096e-05,0.0001377215594528,0.0001927316362044999
source_key,usda_sr_legacy,67672,1191,103,0.2120276677139691,0.0014052828119240982,0.001428699657237199,0.002833982469161403
source_key,wafct_2019,4898,150,35,0.009816406771168,0.0001515198228271,1.5477985322599947e-05,0.00016699780814980023
support_bin,100_to_999,1689,555,20,0.1408450704225352,0.0008271115550165988,0.0016341680264142996,0.002461279581431001
support_bin,at_least_1000,292572,7341,115,0.8098591549295775,0.0060776243761098,0.009126488446589497,0.01520411282269929
support_bin,below_100,109,81,7,0.0492957746478873,0.005674045893462799,-4.605696100480096e-05,0.005627988932458
