method,task,subset,axes,scaled_log_mae,log_mae,log_mse,raw_mae,positive_scaled_log_mae,zero_scaled_log_mae,log_rmse_root_mean_axis_mse
mae,completion,nutrition,142,0.18355327847469688,0.054362319923894606,0.03603355672852335,0.330240460832641,0.30277267666689867,0.09203905513249852,0.1898250687567987
mae,completion,food_metabolome,45,0.5980220428612179,0.03587222522357715,0.022335943219397913,0.06484595878358246,0.8109576712144156,0.2150257527499769,0.14945214357578787
mae,completion,all,187,0.2832917511880308,0.04991283189440645,0.03273733957392098,0.2663754737085361,0.42506318337619414,0.1145987452280123,0.18093462790168435
mae,name_only,nutrition,142,0.42641131035686697,0.1541900437436112,0.17496083659417425,0.9778876179299684,0.5522157036936451,0.38518276759303793,0.41828320142479336
mae,name_only,food_metabolome,45,0.7497155064723775,0.04983308558108432,0.028504111958362825,0.08656052284671976,0.9155483117873001,0.4852551653273209,0.16883160829170238
mae,name_only,all,187,0.5042117853579257,0.1290774067526288,0.13971723975667952,0.7633971405035183,0.6396486842509417,0.403539242917078,0.3737876934259333
rmsnorm,completion,nutrition,142,0.18722450126559884,0.05758021477879384,0.04312045561755822,0.3517467192546772,0.3064021600332522,0.08934656105746544,0.2076546546975488
rmsnorm,completion,food_metabolome,45,0.5996146258536119,0.03681218286833213,0.02184357960759561,0.07402565705424625,0.818260127844908,0.2472724695544008,0.1477957360940958
rmsnorm,completion,all,187,0.28646276654078906,0.05258256004098219,0.03800035176489343,0.28491544760216714,0.429576537314132,0.11831521882909268,0.19493678915200544
rmsnorm,name_only,nutrition,142,0.42130266900220775,0.15027045322529126,0.1451870117296416,0.8851192644534306,0.5368335735109397,0.4358161593785276,0.381034134599043
rmsnorm,name_only,food_metabolome,45,0.8257647130409486,0.06607552504280696,0.04643248957618003,0.13009806739656632,0.9440740210004391,0.6321932248325248,0.21548199362401496
rmsnorm,name_only,all,187,0.5186331074072523,0.13000964163057577,0.12142255452693693,0.7034296715787842,0.634832611676862,0.47183798795292947,0.3484573926995048
