stratification,stratum,source_cells,candidate_groups,supported_axes,macro_weight_mass,neural_under_contribution,neural_over_contribution,neural_mae_contribution,tree_under_contribution,tree_over_contribution,tree_mae_contribution,under_gap_contribution,over_gap_contribution,mae_gap_contribution
label_stratum,explicit_zero,66574,6030,138,0.2835426835840664,0.0,0.016104778657035197,0.016104778657035197,0.0,0.042205026865493524,0.042205026865493524,0.0,-0.026100248208458326,-0.026100248208458326
label_stratum,positive,227796,7335,142,0.7164573164159336,0.11563373883028467,0.062804756939963,0.17843849577024765,0.09016207461614151,0.0566638363860952,0.1468259110022368,0.025471664214143167,0.0061409205538678,0.03161258476801085
concentration_bin,explicit_zero,66574,6030,138,0.2835426835840664,0.0,0.016104778657035197,0.016104778657035197,0.0,0.042205026865493524,0.042205026865493524,0.0,-0.026100248208458326,-0.026100248208458326
concentration_bin,positive_0.1s_to_1s,91833,7093,141,0.2891148545697656,0.018297021792230486,0.025852900768650915,0.0441499225608814,0.00644367739803938,0.03276115631183046,0.039204833709869845,0.011853344394191105,-0.006908255543179542,0.004945088851011553
concentration_bin,positive_1s_to_10s,104899,6948,142,0.3299967984241648,0.05675613485130139,0.02953430099011039,0.08629043584141179,0.051870660370011874,0.014908293962178328,0.06677895433219021,0.004885474481289516,0.014626007027932061,0.01951148150922158
concentration_bin,positive_at_least_10s,9433,2873,112,0.03499057796118002,0.03972915817310161,0.0038933198501518084,0.043622478023253426,0.03175662234323603,0.0006936653815321495,0.03245028772476818,0.007972535829865582,0.003199654468619659,0.011172190298485249
concentration_bin,positive_below_0.1s,21631,4907,119,0.062355085460823266,0.0008514240136511577,0.0035242353310499016,0.004375659344701059,9.111450485423875e-05,0.008300720730554267,0.008391835235408505,0.000760309508796919,-0.004776485399504366,-0.0040161758907074465
mask_family,amino_acid,33363,3024,20,0.1408450704225352,0.0034297750426244373,0.005420905527470155,0.008850680570094591,0.0032692933910604635,0.0038095977208359964,0.0070788911118964595,0.00016048165156397386,0.001611307806634159,0.0017717894581981315
mask_family,carbohydrate,15773,4476,9,0.06338028169014084,0.008047275181786866,0.005273507441733273,0.013320782623520138,0.006798496087424257,0.008449478652566757,0.015247974739991016,0.001248779094362609,-0.003175971210833484,-0.0019271921164708775
mask_family,dietary_fibre,53,38,3,0.02112676056338028,0.005353422788157287,0.004793169323503003,0.010146592111660288,0.004007225140458948,0.004461835915357052,0.008469061055816001,0.001346197647698339,0.0003313334081459507,0.001677531055844287
mask_family,ethanol,3624,3138,1,0.00704225352112676,0.00011491699429374748,2.4200297141888067e-06,0.00011733702400793631,4.973158081172016e-05,5.5053084784138385e-05,0.00010478466559585856,6.518541348202732e-05,-5.263305506994958e-05,1.2552358412077751e-05
mask_family,fatty_acid,75261,4446,54,0.3802816901408452,0.05004646757992241,0.029532773587580514,0.07957924116750292,0.03657904981632128,0.04026629469342645,0.07684534450974775,0.013467417763601136,-0.010733521105845936,0.0027338966577551693
mask_family,food_matrix,10094,5616,2,0.01408450704225352,0.0005487213036337434,0.0006240023036590205,0.001172723607292764,0.00043310157284001487,0.000423631906262826,0.0008567334791028409,0.00011561973079372856,0.00020037039739619446,0.000315990128189923
mask_family,macronutrient,13362,5186,4,0.02816901408450704,0.0014107242204424812,0.0014951532428816787,0.0029058774633241597,0.0011851684366349132,0.001268355506633608,0.0024535239432685214,0.000225555783807568,0.0002267977362480707,0.00045235352005563827
mask_family,mineral,63850,7048,14,0.09859154929577463,0.01369517857540234,0.01064790998863714,0.024343088564039477,0.011640840600109054,0.010941711429598409,0.022582552029707464,0.002054337975293285,-0.000293801440961269,0.0017605365343320127
mask_family,sterol,5085,4003,5,0.03521126760563381,0.0032884758182812734,0.002516871723386558,0.005805347541667832,0.0030923872618972515,0.0036019582411802933,0.006694345503077544,0.00019608855638402183,-0.0010850865177937353,-0.0008889979614097121
mask_family,vitamin,73905,6692,30,0.2112676056338028,0.02969878132574006,0.018602822428432676,0.048301603754172744,0.02310678072858363,0.025590946100943188,0.048697726829526826,0.006592000597156429,-0.006988123672510511,-0.0003961230753540823
support_bin,below_100,109,81,7,0.04929577464788732,0.02285659089342596,0.008022059393997782,0.03087865028742375,0.010488812401296652,0.011720967725091496,0.022209780126388155,0.012367778492129309,-0.003698908331093714,0.008668870161035593
support_bin,100_to_999,1689,555,20,0.14084507042253522,0.01329052317154014,0.012618449339134063,0.0259089725106742,0.01344068542258425,0.01715921360458919,0.03059989902717344,-0.00015016225104410967,-0.004540764265455128,-0.004690926516499241
support_bin,at_least_1000,292572,7341,115,0.8098591549295775,0.07948662476531854,0.05826902686386637,0.13775565162918493,0.06623257679226062,0.06998868192190803,0.13622125871416868,0.013254047973057917,-0.011719655058041664,0.0015343929150162527
scale_bin,at_least_1mg_typical,206544,7331,110,0.7746478873239436,0.08227052118756463,0.05835431028852855,0.14062483147609317,0.06419845664683257,0.07092673327851495,0.13512518992534753,0.018072064540732055,-0.012572422989986405,0.005499641550745643
scale_bin,below_1mg_typical,87826,6900,32,0.22535211267605634,0.03336321764272,0.020555225308469652,0.05391844295118965,0.02596361796930897,0.027942129973073767,0.05390574794238274,0.0073995996734110316,-0.0073869046646041145,1.2695008806913599e-05
source_key,afcd,6707,247,64,0.026409612935257468,0.004219927844212662,0.0032191352072976354,0.007439063051510297,0.0037062874354970975,0.0034963424945458604,0.007202629930042958,0.0005136404087155641,-0.000277207287248225,0.0002364331214673391
source_key,anfood_2_0,462,53,56,0.0008619622219765081,0.00020629684600123314,0.00010663449258602363,0.0003129313385872567,0.00017165206156369078,0.00010831065999761376,0.0002799627215613046,3.4644784437542364e-05,-1.6761674115901268e-06,3.2968617025952115e-05
source_key,bangladesh_fct_2013,951,43,58,0.001672408197959678,0.00019367528816388233,0.00026284090502625107,0.00045651619319013334,0.00019003270380185184,0.00027017276780566795,0.00046020547160751984,3.6425843620304884e-06,-7.3318627794168815e-06,-3.6892784173865015e-06
source_key,biofoodcomp_4_0,120,116,2,0.00015889763352984774,2.037524060936191e-05,2.1828264447167096e-06,2.2558067054078615e-05,6.461984538014199e-06,4.184784732647049e-06,1.064676927066125e-05,1.391325607134771e-05,-2.001958287930339e-06,1.1911297783417365e-05
source_key,bls_4_0,17121,1089,17,0.05737747882631617,0.008772428726502694,0.00452848397066649,0.013300912697169182,0.006809013147891785,0.007530477613717743,0.014339490761609525,0.001963415578610909,-0.0030019936430512534,-0.0010385780644403438
source_key,ciqual,15786,521,54,0.04196830743024725,0.003878277429421393,0.0036942339447907035,0.007572511374212096,0.004053121868982326,0.004159443190725099,0.008212565059707425,-0.00017484443956093318,-0.00046520924593439596,-0.0006400536854953287
source_key,cnf,54569,922,98,0.16656790168141966,0.011839575522002134,0.010350345697839627,0.02218992121984176,0.009363995871677242,0.011629552656582904,0.020993548528260145,0.0024755796503248915,-0.0012792069587432772,0.001196372691581616
source_key,cofid,6026,423,16,0.008843825233377208,0.000986110275985989,0.0007998043359205302,0.001785914611906519,0.0008642805037152037,0.00082395133502602,0.0016882318387412237,0.00012182977227078525,-2.414699910548981e-05,9.768277316529522e-05
source_key,efsa_eu_fcdb_2013,3642,345,11,0.004687989489501204,0.000562936831288648,0.00045629354171797726,0.0010192303730066255,0.0004453036137880003,0.0004962766692055308,0.0009415802829935311,0.00011763321750064772,-3.99831274875535e-05,7.765009001309438e-05
source_key,fndds,36340,790,46,0.07312183632578528,0.006454646690993972,0.004386796017563897,0.010841442708557868,0.00480733922922321,0.004810097352958913,0.009617436582182124,0.001647307461770762,-0.0004233013353950165,0.0012240061263757446
source_key,foodb,40972,1303,89,0.25200590778927245,0.047314710469543164,0.023201274424483154,0.07051598489402633,0.032926030699999075,0.03295102137443004,0.06587705207442912,0.01438867976954409,-0.009749746949946885,0.004638932819597208
source_key,frida,8088,187,72,0.06118541328773999,0.004700295650142723,0.006766487844427475,0.011466783494570199,0.004756728329025806,0.009207978151673383,0.013964706480699189,-5.643267888308292e-05,-0.0024414903072459077,-0.0024979229861289906
source_key,lesotho_fct_2006,975,40,31,0.0015638861510064474,0.000155492112164393,0.00020133051307350485,0.0003568226252378978,0.00016650704453242667,0.00022097174277279394,0.0003874787873052206,-1.1014932368033664e-05,-1.9641229699289087e-05,-3.065616206732278e-05
source_key,mext_japan_2023,14297,390,79,0.04732942266034966,0.004942050347374329,0.0042978829055938875,0.009239933252968218,0.004375511610881429,0.004620948558658719,0.00899646016954015,0.0005665387364928998,-0.00032306565306483136,0.00024347308342806753
source_key,norway,9759,287,37,0.02490513219723444,0.002534915046752912,0.0021411842515820616,0.0046760992983349734,0.0023684611741216282,0.002332794503017013,0.00470125567713864,0.00016645387263128364,-0.00019161025143495146,-2.5156378803666522e-05
source_key,phyfoodcomp_1_0,661,266,4,0.0007748717930986507,0.00016391714450736945,0.00012041674059636129,0.00028433388510373076,0.00012331372009073,9.618989867536165e-05,0.00021950361876609166,4.060342441663945e-05,2.422684192099964e-05,6.48302663376391e-05
source_key,smiling_cambodia_2013,241,11,25,0.00038177297626431446,7.017318121339296e-05,5.161941064456617e-05,0.00012179259185795914,7.388288025518287e-05,4.512589355890658e-05,0.00011900877381408945,-3.7096990417899087e-06,6.493517085659589e-06,2.7838180438696943e-06
source_key,smiling_indonesia_2013,221,17,13,0.000305076957145721,6.907153669517325e-05,5.6769687990380674e-05,0.00012584122468555393,5.686191427409156e-05,6.342531802571805e-05,0.00012028723229980962,1.2209622421081694e-05,-6.655630035337374e-06,5.553992385744306e-06
source_key,smiling_laos_2013,168,12,14,0.00023946886204483602,2.948692860287543e-05,2.6774844043659683e-05,5.626177264653511e-05,2.815802601134635e-05,3.942858009602367e-05,6.758660610737002e-05,1.3289025915290795e-06,-1.2653736052363986e-05,-1.132483346083491e-05
source_key,smiling_thailand_2013,269,17,17,0.00036286016034076194,7.552589417363369e-05,4.328749591025341e-05,0.0001188133900838871,7.151201569970674e-05,6.123937273252452e-05,0.00013275138843223128,4.013878473926947e-06,-1.7951876822271112e-05,-1.3937998348344179e-05
source_key,smiling_vietnam_2013,378,32,12,0.000498527210427715,7.906115784274477e-05,4.6521681612693124e-05,0.0001255828394554379,7.701886254020491e-05,5.906214648989937e-05,0.00013608100903010427,2.042295302539859e-06,-1.2540464877206247e-05,-1.0498169574666382e-05
source_key,swiss_fcdb_7_1,4047,168,25,0.006933365494567554,0.0007697962161175621,0.0005342320200542913,0.0013040282361718534,0.0006993631869458924,0.0006827618262051009,0.0013821250131509934,7.04330291716697e-05,-0.00014852980615080963,-7.809677697914004e-05
source_key,usda_sr_legacy,67672,1191,103,0.21202766771396914,0.016439938980194056,0.012876864680579365,0.02931680366077342,0.01308431405394086,0.01427850738993054,0.0273628214438714,0.0033556249262531954,-0.0014016427093511748,0.0019539822169020206
source_key,wafct_2019,4898,150,35,0.009816406771168028,0.0011550534697783638,0.0007381381565527007,0.0018931916263310645,0.0009369226771447265,0.000880598970024698,0.0018175216471694245,0.0002181307926336373,-0.0001424608134719973,7.566997916164e-05
context_bin,none,662,445,66,0.0033239627511361014,0.0036023303995105244,0.0003297594000574391,0.003932089799567963,0.00197932276105012,0.0007178467513756325,0.002697169512425752,0.0016230076384604044,-0.00038808735131819335,0.0012349202871422106
context_bin,1_to_4,4995,823,103,0.01241006696043405,0.006773085542966097,0.0019805472767888714,0.00875363281975497,0.004129533442939852,0.0020017275874458854,0.006131261030385738,0.0026435521000262455,-2.1180310657013986e-05,0.0026223717893692315
context_bin,5_to_14,32617,2768,124,0.09397224917146006,0.018204977478539837,0.009969591688848107,0.028174569167387944,0.013793067086476322,0.013384780273008141,0.02717784735948446,0.004411910392063515,-0.003415188584160034,0.0009967218079034827
context_bin,15_to_39,140857,4947,141,0.4998960816156424,0.05810120292445002,0.03982107190438938,0.09792227482883943,0.04669609260365284,0.05230318595830243,0.09899927856195528,0.011405110320797184,-0.01248211405391305,-0.0010770037331158527
context_bin,at_least_40,115239,2969,118,0.39039763950132733,0.028952142484818165,0.026808565326914405,0.05576070781173258,0.0235640587220224,0.03046132268145663,0.05402538140347904,0.005388083762795766,-0.003652757354542225,0.0017353264082535375
near_name_flag,False,262377,6610,142,0.8903825446234492,0.1062089330255892,0.07134294573648162,0.1775518787620708,0.08255189915427553,0.09208953113454707,0.1746414302888226,0.023657033871313668,-0.020746585398065454,0.0029104484732482006
near_name_flag,True,31993,734,136,0.10961745537655081,0.00942480580469545,0.007566589860516587,0.016991395665212038,0.007610175461865979,0.006779332117041659,0.014389507578907636,0.0018146303428294716,0.0007872577434749279,0.0026018880863044012
